Site,Sample Date,pH †(Unit),Alkalinity (mg/L CaCO3),Calcium (mg/L),Specific Conductance ( µS/cm), Temperature † (°F),ortho-Phosphate †† (mg/L),Lead (µg/L),Copper (mg/L)
1S03A,07/01/2014,7.22,,,84,60,2.13,,
1S03B,07/01/2014,7.56,,,85,59,1.98,,
1S04,07/01/2014,7.24,,,85,62,1.99,,
1S03A,08/01/2014,7.29,,,84,63,2.01,,
1S03B,08/01/2014,7.54,,,88,64,1.9,,
1S04,08/01/2014,7.34,,,87,64,2.01,,
1S03A,09/01/2014,7.33,,,83,66,2.02,,
1S03B,09/01/2014,7.57,,,86,66,1.95,,
1S04,09/01/2014,7.24,,,84,65,2.14,,
1S03A,10/01/2014,7.31,,,81,64,2.04,,
1S03B,10/01/2014,7.49,,,84,64,2.17,,
1S04,10/01/2014,7.3,,,81,65,2.07,,
1S03A,11/01/2014,7.09,,,81,57,2.12,,
1S03B,11/01/2014,7.34,,,86,57,2.28,,
1S04,11/01/2014,7.18,,,85,58,2.05,,
1S03A,12/01/2014,7.39,,,86,48,2.18,,
1S03B,12/01/2014,7.49,,,87,48,2.03,,
1S04,12/01/2014,7.39,,,86,48,2.16,,
1S03A,07/02/2014,7.31,,,84,61,2.01,,
1S03B,07/02/2014,7.57,,,88,61,2.12,,
1S04,07/02/2014,7.34,,,86,63,1.99,,
1S03A,08/02/2014,7.29,,,83,62,1.94,,
1S03B,08/02/2014,7.43,,,87,63,2.11,,
1S04,08/02/2014,7.34,,,85,63,1.98,,
1S03A,09/02/2014,7.37,,,83,66,2.04,,
1S03B,09/02/2014,7.63,,,87,65,2.09,,
1S04,09/02/2014,7.32,,,85,65,2.14,,
1S03A,10/02/2014,7.47,,,81,64,2.1,,
1S03B,10/02/2014,7.74,,,84,64,2,,
1S04,10/02/2014,7.35,,,83,64,2.13,,
1S03A,11/02/2014,7.34,,,81,57,2,,
1S03B,11/02/2014,7.31,,,87,55,2.11,,
1S04,11/02/2014,7.18,,,85,56,2.18,,
1S03A,12/02/2014,7.39,15.5,6.15,87,47,2.13,0,0.006
1S03B,12/02/2014,7.38,16.3,6.12,90,46,2.14,0,0.006
1S04,12/02/2014,7.32,,,89,47,2.07,,
1S07*,12/02/2014,7.36,14.8,6.07,87,47,2.18,0,0.006
1S03A,07/03/2014,7.3,,,84,61,2.02,,
1S03B,07/03/2014,7.56,,,88,62,1.95,,
1S04,07/03/2014,7.31,,,85,62,2.08,,
1S03A,08/03/2014,7.3,,,83,64,1.84,,
1S03B,08/03/2014,7.49,,,86,63,2.03,,
1S04,08/03/2014,7.34,,,84,64,1.96,,
1S03A,09/03/2014,7.11,,,81,65,2.1,,
1S03B,09/03/2014,7.35,,,86,65,1.95,,
1S04,09/03/2014,7.29,,,83,64,2.09,,
1S03A,10/03/2014,7.35,,,82,64,2.1,,
1S03B,10/03/2014,7.57,,,83,63,1.98,,
1S04,10/03/2014,7.33,,,83,65,2.27,,
1S03A,11/03/2014,7.44,,,78,57,2.11,,
1S03B,11/03/2014,7.46,,,84,55,1.89,,
1S04,11/03/2014,7.28,,,83,55,2.13,,
1S03A,12/03/2014,7.42,,,87,47,2.24,,
1S03B,12/03/2014,7.46,,,90,47,2.1,,
1S04,12/03/2014,7.36,,,87,47,1.7,,
1S03A,07/04/2014,7.25,,,84,60,2.2,,
1S03B,07/04/2014,7.48,,,87,61,2.11,,
1S04,07/04/2014,7.27,,,84,62,1.98,,
1S03A,08/04/2014,7.24,,,84,64,2.17,,
1S03B,08/04/2014,7.51,,,87,64,1.9,,
1S04,08/04/2014,7.3,,,85,64,2.04,,
1S03A,09/04/2014,7.36,,,82,66,2.06,,
1S03B,09/04/2014,7.61,,,87,66,2.06,,
1S04,09/04/2014,7.32,,,83,66,2.03,,
1S03A,10/04/2014,7.2,,,82,64,2.06,,
1S03B,10/04/2014,7.47,,,85,64,1.99,,
1S04,10/04/2014,7.22,,,84,64,2,,
1S03A,11/04/2014,7.18,,,84,57,2.26,,
1S03B,11/04/2014,7.33,,,86,57,2.17,,
1S04,11/04/2014,7.11,,,85,56,2.18,,
1S03A,12/04/2014,7.32,,,88,46,2.28,,
1S03B,12/04/2014,7.49,,,89,46,2.26,,
1S04,12/04/2014,7.37,,,88,46,2.16,,
1S03A,07/05/2014,7.25,,,85,60,2.05,,
1S03B,07/05/2014,7.49,,,88,60,1.98,,
1S04,07/05/2014,7.27,,,86,60,1.94,,
1S03A,08/05/2014,7.27,15.2,5.54,83,64,2.14,0,0.007
1S03B,08/05/2014,7.48,16.5,5.51,86,64,1.96,0,0.007
1S04,08/05/2014,7.29,15.4,5.54,84,64,2.17,0,0.017
1S07*,08/05/2014,7.33,15.5,5.52,83,64,1.72,0,0.015
1S03A,09/05/2014,7.34,,,83,66,2.18,,
1S03B,09/05/2014,7.63,,,86,66,2.06,,
1S04,09/05/2014,7.16,,,84,66,2.11,,
1S03A,10/05/2014,7.28,,,82,63,2.11,,
1S03B,10/05/2014,7.48,,,86,63,2.08,,
1S04,10/05/2014,7.29,,,83,63,1.98,,
1S03A,11/05/2014,7.04,15.2,5.73,83,57,2.19,0,0.005
1S03B,11/05/2014,7.32,16.8,5.7,86,56,1.94,0,0.005
1S04,11/05/2014,7.46,15.6,5.71,82,56,2.11,0,0.013
1S07*,11/05/2014,7.43,15.6,5.65,85,56,1.64,0,0.014
1S03A,12/05/2014,7.3,,,86,46,2.2,,
1S03B,12/05/2014,7.48,,,91,45,1.96,,
1S04,12/05/2014,7.34,,,89,46,1.95,,
1S03A,07/06/2014,7.21,,,83,60,2.15,,
1S03B,07/06/2014,7.55,,,87,59,2.08,,
1S04,07/06/2014,7.21,,,86,60,1.94,,
1S03A,08/06/2014,7.34,,,83,64,2.04,,
1S03B,08/06/2014,7.52,,,87,64,1.85,,
1S04,08/06/2014,7.31,,,84,64,2.02,,
1S03A,09/06/2014,7.34,,,83,66,2.07,,
1S03B,09/06/2014,7.51,,,86,66,2.07,,
1S04,09/06/2014,7.47,,,84,67,2.02,,
1S03A,10/06/2014,7.24,,,82,64,2.17,,
1S03B,10/06/2014,7.45,,,85,63,2.05,,
1S04,10/06/2014,7.2,,,83,63,1.99,,
1S03A,11/06/2014,7.17,,,83,57,2.22,,
1S03B,11/06/2014,7.41,,,87,56,2.13,,
1S04,11/06/2014,7.47,,,86,55,2,,
1S03A,12/06/2014,7.38,,,88,46,2.03,,
1S03B,12/06/2014,7.46,,,90,46,2.06,,
1S04,12/06/2014,7.36,,,89,46,1.94,,
1S03A,07/07/2014,7.33,,,83,56,2.12,,
1S03B,07/07/2014,7.39,,,86,56,2.13,,
1S04,07/07/2014,7.29,,,86,62,2.09,,
1S03A,08/07/2014,7.23,,,83,62,2.21,,
1S03B,08/07/2014,7.46,,,87,62,2.06,,
1S04,08/07/2014,7.24,,,84,61,2.15,,
1S03A,09/07/2014,7.42,,,83,68,2.04,,
1S03B,09/07/2014,7.68,,,86,67,2.01,,
1S04,09/07/2014,7.47,,,83,67,1.97,,
1S03A,10/07/2014,7.31,16,5.71,81,64,2.23,0,0.005
1S03B,10/07/2014,7.55,17.6,5.69,86,64,2,0,0.005
1S04,10/07/2014,7.26,,,84,63,2.03,,
1S07*,10/07/2014,7.23,16.4,5.75,83,63,1.94,0,0.008
1S03A,11/07/2014,7.21,,,81,57,2.26,,
1S03B,11/07/2014,7.43,,,87,57,2.15,,
1S04,11/07/2014,7.52,,,86,55,2.02,,
1S03A,12/07/2014,7.38,,,84,47,2.14,,
1S03B,12/07/2014,7.49,,,89,46,2.17,,
1S04,12/07/2014,7.33,,,87,46,2.04,,
1S03A,07/08/2014,7.13,14,5.45,83,62,2.15,0,0.005
1S03B,07/08/2014,7.49,15.8,5.48,88,61,2.01,0,0.006
1S04,07/08/2014,7.16,,,86,62,2.07,,
1S07*,07/08/2014,7.21,14.8,5.52,86,61,1.86,0,0.006
1S03A,08/08/2014,7.31,,,84,62,2.17,,
1S03B,08/08/2014,7.36,,,87,61,2.15,,
1S04,08/08/2014,7.18,,,84,63,2.04,,
1S03A,09/08/2014,7.4,,,83,67,2.21,,
1S03B,09/08/2014,7.71,,,87,67,2.27,,
1S04,09/08/2014,7.67,,,86,66,1.95,,
1S03A,10/08/2014,7.24,,,81,64,2.25,,
1S03B,10/08/2014,7.54,,,86,64,2.14,,
1S04,10/08/2014,7.34,,,85,63,2.05,,
1S03A,11/08/2014,7.29,,,84,55,2.04,,
1S03B,11/08/2014,7.56,,,87,54,2.06,,
1S04,11/08/2014,7.21,,,87,55,2.11,,
1S03A,12/08/2014,7.05,,,83,47,2.1,,
1S03B,12/08/2014,7.3,,,87,46,2.09,,
1S04,12/08/2014,7.21,,,86,44,2.03,,
1S03A,07/09/2014,7.29,,,83,60,2.1,,
1S03B,07/09/2014,7.61,,,88,61,1.85,,
1S04,07/09/2014,7.28,,,85,61,2.07,,
1S03A,08/09/2014,7.21,,,83,63,2.07,,
1S03B,08/09/2014,7.37,,,87,63,2,,
1S04,08/09/2014,7.3,,,84,63,1.89,,
1S03A,09/09/2014,7.37,15.8,5.53,82,66,2.08,0,0.009
1S03B,09/09/2014,7.72,17.5,5.58,87,66,2.06,0,0.009
1S04,09/09/2014,7.26,,,84,67,2.16,,
1S07*,09/09/2014,7.28,16.5,5.55,85,67,2.04,0,0.007
1S03A,10/09/2014,7.35,,,82,63,2.1,,
1S03B,10/09/2014,7.69,,,87,63,2.03,,
1S04,10/09/2014,7.35,,,86,64,2.13,,
1S03A,11/09/2014,7.29,,,82,55,2.06,,
1S03B,11/09/2014,7.61,,,86,55,2.04,,
1S04,11/09/2014,7.43,,,83,55,2.04,,
1S03A,12/09/2014,7.13,,,89,45,2.35,,
1S03B,12/09/2014,7.45,,,89,45,1.96,,
1S04,12/09/2014,7.39,,,87,46,2.05,,
1S03A,07/10/2014,7.18,,,84,62,2.24,,
1S03B,07/10/2014,7.42,,,88,62,2.05,,
1S04,07/10/2014,7.18,,,85,62,2.19,,
1S03A,08/10/2014,7.37,,,83,64,2.02,,
1S03B,08/10/2014,7.53,,,86,64,2.04,,
1S04,08/10/2014,7.31,,,84,65,1.98,,
1S03A,09/10/2014,7.35,,,82,66,2.11,,
1S03B,09/10/2014,7.7,,,87,66,2.15,,
1S04,09/10/2014,7.45,,,84,66,1.96,,
1S03A,10/10/2014,7.43,,,81,63,2.13,,
1S03B,10/10/2014,7.79,,,86,62,2.02,,
1S04,10/10/2014,7.41,,,84,63,2.1,,
1S03A,11/10/2014,7.41,,,83,55,2.09,,
1S03B,11/10/2014,7.59,,,88,54,2.07,,
1S04,11/10/2014,7.48,,,86,55,2.04,,
1S03A,12/10/2014,7.31,,,91,44,2.3,,
1S03B,12/10/2014,7.45,,,92,44,2.11,,
1S04,12/10/2014,7.17,,,88,45,2.04,,
1S03A,07/11/2014,7.28,,,84,62,2.12,,
1S03B,07/11/2014,7.5,,,88,62,2.09,,
1S04,07/11/2014,7.29,,,85,62,2.11,,
1S03A,08/11/2014,7.18,,,83,64,2.06,,
1S03B,08/11/2014,7.35,,,86,64,1.98,,
1S04,08/11/2014,7.15,,,83,64,1.94,,
1S03A,09/11/2014,7.32,,,83,67,2.17,,
1S03B,09/11/2014,7.6,,,87,67,2.11,,
1S04,09/11/2014,7.31,,,85,66,2,,
1S03A,10/11/2014,7.27,,,81,62,2.13,,
1S03B,10/11/2014,7.72,,,87,62,2.03,,
1S04,10/11/2014,7.5,,,86,62,1.98,,
1S03A,11/11/2014,7.13,,,83,55,2.1,,
1S03B,11/11/2014,7.33,,,88,55,2.08,,
1S04,11/11/2014,7.17,,,86,55,2.09,,
1S03A,12/11/2014,7.18,,,86,45,2.16,,
1S03B,12/11/2014,7.46,,,90,44,1.97,,
1S04,12/11/2014,7.3,,,90,45,2.04,,
1S03A,07/12/2014,7.23,,,83,62,2.07,,
1S03B,07/12/2014,7.48,,,87,62,2.12,,
1S04,07/12/2014,7.34,,,86,62,1.99,,
1S03A,08/12/2014,7.32,,,84,64,2.06,,
1S03B,08/12/2014,7.29,,,82,63,2.17,,
1S04,08/12/2014,7.26,,,84,64,2.13,,
1S03A,09/12/2014,7.35,,,85,66,2.16,,
1S03B,09/12/2014,7.53,,,87,66,2.11,,
1S04,09/12/2014,7.25,,,85,66,1.92,,
1S03A,10/12/2014,7.23,,,81,63,2.12,,
1S03B,10/12/2014,7.65,,,87,62,2.03,,
1S04,10/12/2014,7.35,,,85,62,2.06,,
1S03A,11/12/2014,7.42,,,83,55,2.22,,
1S03B,11/12/2014,7.56,,,87,55,2.07,,
1S04,11/12/2014,7.43,,,85,55,2.17,,
1S03A,12/12/2014,7.31,,,89,45,2.08,,
1S03B,12/12/2014,7.54,,,92,44,1.95,,
1S04,12/12/2014,7.34,,,90,44,2.18,,
1S03A,01/01/2015,7.37,,,91,43,2.16,,
1S03B,01/01/2015,7.64,,,92,43,1.95,,
1S04,01/01/2015,7.31,,,92,43,2.03,,
1S03A,02/01/2015,7.32,,,89,37,2.17,,
1S03B,02/01/2015,7.5,,,92,36,1.99,,
1S04,02/01/2015,7.28,,,91,37,2.01,,
1S03A,03/01/2015,7.26,,,90,37,2.22,,
1S03B,03/01/2015,7.38,,,92,37,2.05,,
1S04,03/01/2015,7.24,,,91,36,2.01,,
1S03A,04/01/2015,7.18,,,97,39,2.14,,
1S03B,04/01/2015,7.4,,,100,39,2.09,,
1S04,04/01/2015,7.31,,,99,38,2.16,,
1S03A,05/01/2015,7.14,,,112,49,2.25,,
1S03B,05/01/2015,7.53,,,113,49,2.01,,
1S04,05/01/2015,7.45,,,114,49,2.07,,
1S03A,06/01/2015,7.38,,,101,57,2.16,,
1S03B,06/01/2015,7.61,,,103,56,1.96,,
1S04,06/01/2015,7.36,,,102,56,2.02,,
1SCL1,06/01/2015,7.45,,,432,54,2.08,,
1S03A,07/01/2015,7.29,,,95,59,2.18,,
1S03B,07/01/2015,7.52,,,100,59,2.01,,
1S07,07/01/2015,7.35,,,97,61,2.31,,
1SCL1,07/01/2015,7.54,,,339,55,2,,
1S03A,08/01/2015,7.42,,,98,66,2.16,,
1S03B,08/01/2015,7.71,,,102,66,2.17,,
1S07,08/01/2015,7.53,,,99,66,1.99,,
1SCL1,08/01/2015,7.41,,,313,58,2.32,,
1S03A,09/01/2015,7.22,,,93,66,2.12,,
1S03B,09/01/2015,7.2,,,96,67,2.04,,
1S07,09/01/2015,7.14,,,95,67,1.98,,
1SCL1,09/01/2015,7.2,,,427,57,2.19,,
1S03A,10/01/2015,7.32,,,93,61,2.18,,
1S03B,10/01/2015,7.25,,,95,61,2.28,,
1S07,10/01/2015,6.91,,,94,63,2.1,,
1SCL1,10/01/2015,7.53,,,405,56,2.37,,
1S03A,11/01/2015,7.34,,,91,57,2.07,,
1S03B,11/01/2015,7.59,,,93,57,1.81,,
1S07,11/01/2015,7.48,,,92,59,2.2,,
1SCL1,11/01/2015,7.31,,,514,57,2.26,,
1S03A,12/01/2015,7.37,15.5,6.09,91,51,2.21,0,0.006
1S03B,12/01/2015,7.47,16.4,6.13,94,51,2.28,0,0.006
1S07,12/01/2015,7.24,15.6,6.07,93,51,2,0,0.007
1SCL1,12/01/2015,7.2,66,26.9,468,51,2.25,0,0.006
1S03A,01/02/2015,7.22,,,90,42,2.19,,
1S03B,01/02/2015,7.36,,,94,42,2.04,,
1S04,01/02/2015,7.29,,,93,41,2.09,,
1S03A,02/02/2015,7.35,,,91,35,2.2,,
1S03B,02/02/2015,7.5,,,92,36,2.11,,
1S04,02/02/2015,7.28,,,90,35,1.87,,
1S03A,03/02/2015,7.32,,,90,37,2.14,,
1S03B,03/02/2015,7.42,,,92,36,2.16,,
1S04,03/02/2015,7.27,,,90,36,2.21,,
1S03A,04/02/2015,7.25,,,97,39,2.02,,
1S03B,04/02/2015,7.51,,,101,39,2,,
1S04,04/02/2015,7.34,,,100,40,2.1,,
1S03A,05/02/2015,7.22,,,113,52,2.23,,
1S03B,05/02/2015,7.62,,,116,51,2.04,,
1S04,05/02/2015,7.35,,,115,50,1.98,,
1S03A,06/02/2015,7.29,14.8,6.39,101,57,2.25,0,0.005
1S03B,06/02/2015,7.49,16.4,6.4,104,57,2.17,0,0.006
1S04,06/02/2015,7.26,,,100,55,2.24,,
1S07*,06/02/2015,7.36,15.3,6.32,100,56,2.36,0,0.007
1SCL1,06/02/2015,7.18,51.7,19.71,374,54,2.19,0,0.013
1S03A,07/02/2015,7.19,,,96,60,2.11,,
1S03B,07/02/2015,7.4,,,100,60,1.9,,
1S07,07/02/2015,7.44,,,98,62,2.05,,
1SCL1,07/02/2015,7.54,,,329,54,2.23,,
1S03A,08/02/2015,7.16,,,101,64,2.09,,
1S03B,08/02/2015,7.56,,,103,65,2.15,,
1S07,08/02/2015,7.5,,,100,67,2.1,,
1SCL1,08/02/2015,7.3,,,309,57,2.2,,
1S03A,09/02/2015,7.32,16.6,6.14,94,67,2.16,0,0.006
1S03B,09/02/2015,7.24,16.5,6.13,97,66,2.02,0,0.012
1S07,09/02/2015,7.28,16.2,6.13,96,68,2.02,0,0.008
1SCL1,09/02/2015,7.46,59.5,21.5,421,56,2.21,0,0.01
1S03A,10/02/2015,7.28,,,92,60,2.13,,
1S03B,10/02/2015,7.22,,,96,60,2.18,,
1S07,10/02/2015,7.12,,,94,62,2.06,,
1SCL1,10/02/2015,7.48,,,514,54,2.06,,
1S03A,11/02/2015,7.29,,,90,59,2.31,,
1S03B,11/02/2015,7.4,,,93,58,2.21,,
1S07,11/02/2015,7.19,,,92,56,2.06,,
1SCL1,11/02/2015,7.12,,,462,56,2.27,,
1S03A,12/02/2015,7.44,,,91,49,2.15,,
1S03B,12/02/2015,7.58,,,94,49,2.21,,
1S07,12/02/2015,7.36,,,92,51,2.09,,
1SCL1,12/02/2015,7.31,,,363,53,2.16,,
1S03A,01/03/2015,7.38,,,93,41,2,,
1S03B,01/03/2015,7.49,,,91,40,1.95,,
1S04,01/03/2015,7.3,,,91,41,2.06,,
1S03A,02/03/2015,7.3,,,90,35,2.07,,
1S03B,02/03/2015,7.57,,,93,35,2.16,,
1S04,02/03/2015,7.74,,,90,34,1.92,,
1S03A,03/03/2015,7.32,15.6,6.42,90,36,2.09,0,0.004
1S03B,03/03/2015,7.48,16.4,6.49,91,36,2.18,0,0.004
1S04,03/03/2015,7.31,,,90,36,2.06,,
1S07*,03/03/2015,7.32,15.6,6.37,90,36,1.82,0,0.004
1S03A,04/03/2015,7.27,,,97,40,2.06,,
1S03B,04/03/2015,7.46,,,100,39,1.96,,
1S04,04/03/2015,7.32,,,98,40,1.92,,
1S03A,05/03/2015,7.3,,,112,49,2.1,,
1S03B,05/03/2015,7.46,,,116,49,2.06,,
1S04,05/03/2015,7.4,,,116,50,2,,
1S03A,06/03/2015,7.44,,,101,55,2.28,,
1S03B,06/03/2015,7.59,,,104,55,2.04,,
1S04,06/03/2015,7.39,,,102,56,2.1,,
1SCL1,06/03/2015,7.47,,,425,53,2,,
1S03A,07/03/2015,7.15,,,96,60,2.1,,
1S03B,07/03/2015,7.39,,,101,60,2.06,,
1S07,07/03/2015,7.48,,,99,61,1.93,,
1SCL1,07/03/2015,7.37,,,384,53,2.17,,
1S03A,08/03/2015,7.31,,,96,66,2.14,,
1S03B,08/03/2015,7.47,,,103,65,2.16,,
1S07,08/03/2015,7.43,,,101,65,1.9,,
1SCL1,08/03/2015,7.4,,,387,58,2.14,,
1S03A,09/03/2015,7.31,,,93,66,2.06,,
1S03B,09/03/2015,7.2,,,96,67,2.05,,
1S07,09/03/2015,7.21,,,96,68,2.02,,
1SCL1,09/03/2015,7.34,,,233,59,2.18,,
1S03A,10/03/2015,7.31,,,93,61,2.05,,
1S03B,10/03/2015,7.37,,,95,60,2.18,,
1S07,10/03/2015,7.37,,,95,59,2.09,,
1SCL1,10/03/2015,7.4,,,515,54,2.1,,
1S03A,11/03/2015,7.26,,,91,58,2.18,,
1S03B,11/03/2015,7.43,,,94,57,2.12,,
1S07,11/03/2015,7.42,,,92,59,1.99,,
1SCL1,11/03/2015,7.33,,,518,58,2.33,,
1S03A,12/03/2015,7.26,,,91,51,2.01,,
1S03B,12/03/2015,7.38,,,94,51,2.05,,
1S07,12/03/2015,7.34,,,92,51,2.15,,
1SCL1,12/03/2015,7.24,,,438,53,2.26,,
1S03A,01/04/2015,7.39,,,89,42,2.08,,
1S03B,01/04/2015,7.53,,,93,42,2.02,,
1S04,01/04/2015,7.3,,,97,43,1.94,,
1S03A,02/04/2015,7.25,15.4,6.38,90,36,2.07,0,0.004
1S03B,02/04/2015,7.56,16.4,6.47,92,36,1.97,0,0.004
1S04,02/04/2015,7.45,15.5,6.34,91,35,2.07,0,0.008
1S07*,02/04/2015,7.37,16,6.34,91,36,1.84,0,0.006
1S03A,03/04/2015,7.16,,,89,36,2.22,,
1S03B,03/04/2015,7.42,,,92,36,1.54,,
1S04,03/04/2015,7.35,,,90,37,1.92,,
1S03A,04/04/2015,7.24,,,97,39,2.18,,
1S03B,04/04/2015,7.42,,,99,40,2,,
1S04,04/04/2015,7.33,,,99,41,1.98,,
1S03A,05/04/2015,7.27,,,112,51,2.16,,
1S03B,05/04/2015,7.49,,,115,51,2.09,,
1S04,05/04/2015,7.34,,,114,53,2.17,,
1S03A,06/04/2015,7.38,,,99,55,2.28,,
1S03B,06/04/2015,7.66,,,104,55,2.07,,
1S04,06/04/2015,7.43,,,102,55,2.02,,
1SCL1,06/04/2015,7.52,,,437,53,2.11,,
1S03A,07/04/2015,7.41,,,96,64,2.16,,
1S03B,07/04/2015,7.73,,,100,62,1.95,,
1S07,07/04/2015,7.5,,,99,60,1.89,,
1SCL1,07/04/2015,7.52,,,345,55,2.17,,
1S03A,08/04/2015,7.49,15.4,5.89,100,63,2.21,0,0.005
1S03B,08/04/2015,7.81,16.4,5.93,105,64,2.11,0,0.005
1S07,08/04/2015,7.42,15,5.94,102,68,1.92,0,0.011
1SCL1,08/04/2015,7.53,45.8,17.7,343,56,2.02,0,0.017
1S03A,09/04/2015,7.26,,,92,66,2.02,,
1S03B,09/04/2015,7.3,,,95,66,2.04,,
1S07,09/04/2015,7.31,,,96,67,1.89,,
1SCL1,09/04/2015,7.4,,,102,67,2.12,,
1S03A,10/04/2015,7.4,,,92,61,2.03,,
1S03B,10/04/2015,7.46,,,95,60,1.9,,
1S07,10/04/2015,7.36,,,94,60,2.24,,
1SCL1,10/04/2015,7.46,,,515,54,2.26,,
1S03A,11/04/2015,7.3,15.5,5.85,90,58,2.16,0,0.006
1S03B,11/04/2015,7.43,16.2,6.01,94,58,2.12,0,0.008
1S07,11/04/2015,7.25,15.9,6.07,92,58,2.07,0,0.007
1SCL1,11/04/2015,7.35,75.1,27.5,509,59,2.21,0,0.008
1S03A,12/04/2015,7.38,,,92,50,2.09,,
1S03B,12/04/2015,7.41,,,95,50,2.26,,
1S07,12/04/2015,7.37,,,93,50,1.98,,
1SCL1,12/04/2015,7.26,,,452,53,2.19,,
1S03A,01/05/2015,7.43,,,88,40,2.23,,
1S03B,01/05/2015,7.61,,,91,41,2.04,,
1S04,01/05/2015,7.27,,,89,41,2.1,,
1S03A,02/05/2015,7.34,,,90,35,2.17,,
1S03B,02/05/2015,7.61,,,92,35,2.02,,
1S04,02/05/2015,7.41,,,92,36,2.02,,
1S03A,03/05/2015,7.13,,,89,35,2.25,,
1S03B,03/05/2015,7.32,,,93,35,2.13,,
1S04,03/05/2015,7.3,,,90,35,2.12,,
1S03A,04/05/2015,7.25,,,97,42,2.15,,
1S03B,04/05/2015,7.42,,,101,42,1.91,,
1S04,04/05/2015,7.32,,,100,41,1.97,,
1S03A,05/05/2015,7.27,15.8,7.03,111,50,2.1,0,0.005
1S03B,05/05/2015,7.56,17.6,7.04,116,50,2,0,0.006
1S04,05/05/2015,7.38,16.6,7.03,115,51,2.01,0,0.011
1S07*,05/05/2015,7.4,16.8,7.04,115,52,2.01,0,0.006
1S03A,06/05/2015,7.17,,,99,55,2.27,,
1S03B,06/05/2015,7.47,,,104,56,2.01,,
1S04,06/05/2015,7.17,,,101,57,2.2,,
1SCL1,06/05/2015,7.39,,,400,53,2.16,,
1S03A,07/05/2015,7.44,,,96,59,2.14,,
1S03B,07/05/2015,7.74,,,101,60,1.89,,
1S07,07/05/2015,7.47,,,99,62,2.16,,
1SCL1,07/05/2015,7.48,,,371,54,2.18,,
1S03A,08/05/2015,7.49,,,100,63,2.31,,
1S03B,08/05/2015,7.72,,,103,63,2.06,,
1S07,08/05/2015,7.39,,,101,65,1.85,,
1SCL1,08/05/2015,7.32,,,520,52,1.87,,
1S03A,09/05/2015,7.33,,,95,67,2.08,,
1S03B,09/05/2015,7.34,,,97,67,2.02,,
1S07,09/05/2015,7.27,,,97,68,1.76,,
1SCL1,09/05/2015,7.42,,,298,62,1.88,,
1S03A,10/05/2015,7.23,,,90,61,2.11,,
1S03B,10/05/2015,7.32,,,94,60,2.17,,
1S07,10/05/2015,7.28,,,92,60,1.98,,
1SCL1,10/05/2015,7.33,,,507,53,2.13,,
1S03A,11/05/2015,7.33,,,89,57,2.27,,
1S03B,11/05/2015,7.48,,,92,56,2.18,,
1S07,11/05/2015,7.41,,,90,58,1.95,,
1SCL1,11/05/2015,7.39,,,517,58,2.07,,
1S03A,12/05/2015,7.09,,,91,50,2.13,,
1S03B,12/05/2015,7.26,,,95,50,2.23,,
1S07,12/05/2015,7.41,,,93,50,1.88,,
1SCL1,12/05/2015,7.15,,,388,53,2.29,,
1S03A,01/06/2015,7.3,15.2,6.31,88,41,2.18,0,0.004
1S03B,01/06/2015,7.52,15.7,6.48,91,41,2.11,0,0.005
1S04,01/06/2015,7.36,,,91,41,1.96,,
1S07*,01/06/2015,7.43,15.8,6.28,92,41,1.78,0,0.004
1S03A,02/06/2015,7.17,,,90,36,2.15,,
1S03B,02/06/2015,7.35,,,93,35,1.99,,
1S04,02/06/2015,7.36,,,92,35,1.91,,
1S03A,03/06/2015,7.34,,,89,35,2.12,,
1S03B,03/06/2015,7.27,,,91,35,2.15,,
1S04,03/06/2015,7.39,,,91,36,1.89,,
1S03A,04/06/2015,7.27,,,98,39,2.07,,
1S03B,04/06/2015,7.53,,,102,40,1.94,,
1S04,04/06/2015,7.26,,,101,40,2.16,,
1S03A,05/06/2015,7.29,,,114,51,2.31,,
1S03B,05/06/2015,7.47,,,116,53,2.2,,
1S04,05/06/2015,7.33,,,115,53,2.06,,
1S03A,06/06/2015,7.25,,,99,55,2.13,,
1S03B,06/06/2015,7.56,,,103,55,1.77,,
1S04,06/06/2015,7.39,,,101,56,2.08,,
1SCL1,06/06/2015,7.53,,,425,52,2.38,,
1S03A,07/06/2015,7.33,,,96,60,2.18,,
1S03B,07/06/2015,7.7,,,101,61,2.06,,
1S07,07/06/2015,7.46,,,99,61,2.08,,
1SCL1,07/06/2015,7.41,,,318,54,2.2,,
1S03A,08/06/2015,7.54,,,101,63,2.22,,
1S03B,08/06/2015,7.56,,,105,63,2,,
1S07,08/06/2015,7.44,,,103,64,1.82,,
1SCL1,08/06/2015,7.36,,,433,55,1.9,,
1S03A,09/06/2015,7.32,,,94,67,2.08,,
1S03B,09/06/2015,7.35,,,97,66,2.05,,
1S07,09/06/2015,7.31,,,96,67,1.75,,
1SCL1,09/06/2015,7.29,,,392,58,2,,
1S03A,10/06/2015,7.3,,,89,62,2.2,,
1S03B,10/06/2015,7.43,,,95,61,2.35,,
1S07,10/06/2015,7.36,,,94,61,1.99,,
1SCL1,10/06/2015,7.39,,,509,54,2.19,,
1S03A,11/06/2015,7.33,,,89,58,2.15,,
1S03B,11/06/2015,7.5,,,91,57,2.2,,
1S07,11/06/2015,7.38,,,92,59,1.98,,
1SCL1,11/06/2015,7.37,,,410,60,2.05,,
1S03A,12/06/2015,7.39,,,92,52,2.09,,
1S03B,12/06/2015,7.5,,,95,51,2.02,,
1S07,12/06/2015,7.32,,,94,51,1.9,,
1SCL1,12/06/2015,7.19,,,455,53,2.35,,
1S03A,01/07/2015,7.25,,,88,39,2.22,,
1S03B,01/07/2015,7.44,,,92,39,2.14,,
1S04,01/07/2015,7.27,,,91,39,2.13,,
1S03A,02/07/2015,7.33,,,90,35,2.05,,
1S03B,02/07/2015,7.5,,,92,35,2.22,,
1S04,02/07/2015,7.44,,,92,36,1.99,,
1S03A,03/07/2015,7.19,,,88,37,1.99,,
1S03B,03/07/2015,7.37,,,88,37,1.97,,
1S04,03/07/2015,7.37,,,91,36,1.89,,
1S03A,04/07/2015,7.25,16,6.81,99,40,2.14,0,0.004
1S03B,04/07/2015,7.36,17.3,6.85,101,40,1.93,0,0.004
1S04,04/07/2015,7.35,,,100,41,1.8,,
1S07*,04/07/2015,7.27,16.4,6.74,99,42,1.92,0,0.007
1S03A,05/07/2015,7.28,,,113,53,2.09,,
1S03B,05/07/2015,7.51,,,117,52,2.19,,
1S04,05/07/2015,7.37,,,116,52,2.12,,
1SCL1,05/07/2015,7.26,,,418,49,2.25,,
1S03A,06/07/2015,7.45,,,100,57,2.15,,
1S03B,06/07/2015,7.63,,,103,56,1.98,,
1S04,06/07/2015,7.38,,,101,56,2.24,,
1SCL1,06/07/2015,7.59,,,336,53,2.24,,
1S03A,07/07/2015,7.45,14.9,6.11,94,60,2.2,0,0.006
1S03B,07/07/2015,7.82,16.7,6.2,100,60,1.98,0,0.009
1S07,07/07/2015,7.5,15.8,6.12,99,62,2.24,0,0.006
1SCL1,07/07/2015,7.51,39.4,14.7,271,54,1.94,0,0.011
1S03A,08/07/2015,7.48,,,102,63,2.23,,
1S03B,08/07/2015,7.6,,,106,64,2.07,,
1S07,08/07/2015,7.43,,,104,64,1.93,,
1SCL1,08/07/2015,7.35,,,423,55,1.81,,
1S03A,09/07/2015,7.47,,,96,66,2.2,,
1S03B,09/07/2015,7.47,,,97,67,1.99,,
1S07,09/07/2015,7.39,,,96,69,1.79,,
1SCL1,09/07/2015,7.29,,,385,59,2.02,,
1S03A,10/07/2015,7.3,15,5.98,90,62,2.11,0,0.006
1S03B,10/07/2015,7.49,15.9,5.99,94,61,2.17,0,0.007
1S07,10/07/2015,7.32,15.6,5.92,93,62,2.41,0,0.008
1SCL1,10/07/2015,7.37,73.6,27.6,510,54,2.22,0,0.007
1S03A,11/07/2015,7.34,,,89,58,2.1,,
1S03B,11/07/2015,7.52,,,92,58,2,,
1S07,11/07/2015,7.37,,,91,58,1.94,,
1SCL1,11/07/2015,7.28,,,518,59,2.1,,
1S03A,12/07/2015,7.32,,,92,53,2.1,,
1S03B,12/07/2015,7.46,,,96,52,2.14,,
1S07,12/07/2015,7.45,,,94,50,1.8,,
1SCL1,12/07/2015,7.24,,,522,54,2.29,,
1S03A,01/08/2015,7.16,,,88,42,2.27,,
1S03B,01/08/2015,7.33,,,91,39,2.45,,
1S04,01/08/2015,7.38,,,90,39,1.9,,
1S03A,02/08/2015,7.32,,,89,38,2.13,,
1S03B,02/08/2015,7.58,,,94,38,2.07,,
1S04,02/08/2015,7.45,,,92,39,1.86,,
1S03A,03/08/2015,7.21,,,89,36,2.12,,
1S03B,03/08/2015,7.36,,,92,36,2.23,,
1S04,03/08/2015,7.41,,,89,36,1.91,,
1S03A,04/08/2015,7.27,,,100,40,2.18,,
1S03B,04/08/2015,7.51,,,103,40,2.06,,
1S04,04/08/2015,7.34,,,101,40,2.07,,
1S03A,05/08/2015,7.21,,,105,54,2.11,,
1S03B,05/08/2015,7.51,,,113,53,2.05,,
1S04,05/08/2015,7.23,,,115,52,2.33,,
1SCL1,05/08/2015,7.37,,,272,50,2.1,,
1S03A,06/08/2015,7.3,,,98,58,2.2,,
1S03B,06/08/2015,7.69,,,100,59,1.96,,
1S04,06/08/2015,7.46,,,101,56,2.14,,
1SCL1,06/08/2015,7.53,,,289,53,2.14,,
1S03A,07/08/2015,7.09,,,96,61,2.18,,
1S03B,07/08/2015,7.41,,,100,61,2.06,,
1S07,07/08/2015,7.42,,,100,61,2.13,,
1SCL1,07/08/2015,7.53,,,342,54,2.18,,
1S03A,08/08/2015,7.57,,,100,65,2.19,,
1S03B,08/08/2015,7.7,,,105,64,2.11,,
1S07,08/08/2015,7.55,,,104,67,2.05,,
1SCL1,08/08/2015,7.39,,,435,54,2.02,,
1S03A,09/08/2015,7.46,,,94,68,2.08,,
1S03B,09/08/2015,7.47,,,96,69,2.02,,
1S07,09/08/2015,7.31,,,94,67,1.98,,
1SCL1,09/08/2015,7.38,,,377,60,2.04,,
1S03A,10/08/2015,7.22,,,88,63,2.19,,
1S03B,10/08/2015,7.29,,,94,62,2.13,,
1S07,10/08/2015,7.16,,,88,62,2.14,,
1SCL1,10/08/2015,7.12,,,506,53,2.16,,
1S03A,11/08/2015,7.36,,,91,56,2.05,,
1S03B,11/08/2015,7.43,,,93,56,2.15,,
1S07,11/08/2015,7.4,,,92,58,2.03,,
1SCL1,11/08/2015,7.33,,,431,57,2.15,,
1S03A,12/08/2015,7.37,,,91,51,2.11,,
1S03B,12/08/2015,7.42,,,94,51,2.25,,
1S07,12/08/2015,7.38,,,94,51,1.95,,
1SCL1,12/08/2015,7.11,,,499,53,2.21,,
19000**,01/09/2015,7.25,,,87,39,2.18,,
1S03B,01/09/2015,7.47,,,91,39,2.12,,
1S04,01/09/2015,7.45,,,91,38,1.98,,
1S03A,02/09/2015,7.38,,,88,38,2.43,,
1S03B,02/09/2015,7.58,,,95,39,2.18,,
1S04,02/09/2015,7.33,,,91,37,2.16,,
1S03A,03/09/2015,7.2,,,89,37,2.1,,
1S03B,03/09/2015,7.48,,,91,37,2.02,,
1S04,03/09/2015,7.35,,,91,37,1.97,,
1S03A,04/09/2015,7.28,,,97,40,2.12,,
1S03B,04/09/2015,7.47,,,102,40,2.01,,
1S04,04/09/2015,7.4,,,101,43,2.18,,
1S03A,05/09/2015,7.24,,,107,51,2.03,,
1S03B,05/09/2015,7.52,,,113,52,1.95,,
1S04,05/09/2015,7.39,,,113,52,1.96,,
1SCL1,05/09/2015,7.5,,,295,50,2.2,,
1S03A,06/09/2015,7.3,,,99,59,2.23,,
1S03B,06/09/2015,7.49,,,102,59,2.09,,
1S04,06/09/2015,7.36,,,101,58,2.01,,
1SCL1,06/09/2015,7.44,,,332,52,2.03,,
1S03A,07/09/2015,7.4,,,94,60,2.19,,
1S03B,07/09/2015,7.67,,,99,60,2.13,,
1S07,07/09/2015,7.44,,,97,61,1.99,,
1SCL1,07/09/2015,7.48,,,332,55,2.14,,
1S03A,08/09/2015,7.35,,,99,68,2.22,,
1S03B,08/09/2015,7.6,,,104,67,2.08,,
1S07,08/09/2015,7.3,,,103,67,2.13,,
1SCL1,08/09/2015,7.32,,,430,54,2,,
1S03A,09/09/2015,7.35,,,94,67,2.15,,
1S03B,09/09/2015,7.38,,,97,67,2.1,,
1S07,09/09/2015,7.35,,,95,68,1.86,,
1SCL1,09/09/2015,7.23,,,359,59,1.99,,
1S03A,10/09/2015,7.31,,,89,62,2.27,,
1S03B,10/09/2015,7.37,,,94,62,2.28,,
1S07,10/09/2015,7.25,,,92,62,2.16,,
1SCL1,10/09/2015,7.21,,,503,54,2.11,,
1S03A,11/09/2015,7.19,,,90,58,2.21,,
1S03B,11/09/2015,7.3,,,94,57,2.19,,
1S07,11/09/2015,7.4,,,91,59,2.41,,
1SCL1,11/09/2015,7.29,,,493,59,2.15,,
1S03A,12/09/2015,7.43,,,91,52,2.07,,
1S03B,12/09/2015,7.39,,,95,50,2.24,,
1S07,12/09/2015,7.41,,,92,51,2.3,,
1SCL1,12/09/2015,7.22,,,463,52,2.35,,
19000**,01/10/2015,7.34,,,86,40,2.13,,
1S03B,01/10/2015,7.56,,,89,40,2.05,,
1S04,01/10/2015,7.44,,,89,39,1.92,,
1S03A,02/10/2015,7.33,,,89,36,2.2,,
1S03B,02/10/2015,7.59,,,92,36,2.06,,
1S04,02/10/2015,7.28,,,91,35,2.14,,
1S03A,03/10/2015,7.13,,,89,37,2.14,,
1S03B,03/10/2015,7.36,,,92,37,2.12,,
1S04,03/10/2015,7.24,,,91,37,1.97,,
1S03A,04/10/2015,7.25,,,99,40,2.09,,
1S03B,04/10/2015,7.54,,,103,40,1.97,,
1S04,04/10/2015,7.44,,,102,41,2.08,,
1S03A,05/10/2015,7.27,,,107,54,2.17,,
1S03B,05/10/2015,7.64,,,114,52,2.1,,
1S04,05/10/2015,7.44,,,114,53,2.18,,
1SCL1,05/10/2015,7.4,,,291,50,2.27,,
1S03A,06/10/2015,7.3,,,100,61,2.17,,
1S03B,06/10/2015,7.48,,,103,59,2.09,,
1S04,06/10/2015,7.38,,,97,57,1.95,,
1SCL1,06/10/2015,7.6,,,290,55,2.11,,
1S03A,07/10/2015,7.36,,,95,61,2.11,,
1S03B,07/10/2015,7.62,,,100,61,2.01,,
1S07,07/10/2015,7.48,,,98,61,2.23,,
1SCL1,07/10/2015,7.49,,,333,55,2.22,,
1S03A,08/10/2015,7.44,,,98,67,2.24,,
1S03B,08/10/2015,7.71,,,104,66,2.06,,
1S07,08/10/2015,7.5,,,103,67,1.98,,
1SCL1,08/10/2015,7.42,,,349,56,1.96,,
1S03A,09/10/2015,7.29,,,93,68,2.19,,
1S03B,09/10/2015,7.33,,,97,69,2.12,,
1S07,09/10/2015,7.32,,,95,68,1.84,,
1SCL1,09/10/2015,7.35,,,452,56,2.06,,
1S03A,10/10/2015,7.18,,,91,62,2.15,,
1S03B,10/10/2015,7.24,,,94,62,2.27,,
1S07,10/10/2015,7.2,,,93,62,1.79,,
1SCL1,10/10/2015,7.14,,,503,54,2.25,,
1S03A,11/10/2015,7.15,,,91,57,2.18,,
1S03B,11/10/2015,7.2,,,94,57,2.14,,
1S07,11/10/2015,7.44,,,92,59,2.37,,
1SCL1,11/10/2015,7.17,,,468,58,1.99,,
1S03A,12/10/2015,7.38,,,92,51,2.31,,
1S03B,12/10/2015,7.49,,,95,52,2.21,,
1S07,12/10/2015,7.34,,,94,51,2.11,,
1SCL1,12/10/2015,7.22,,,462,53,2.35,,
1S03A,01/11/2015,7.3,,,85,38,2.07,,
1S03B,01/11/2015,7.52,,,87,38,2,,
1S04,01/11/2015,7.56,,,88,39,1.89,,
1S03A,02/11/2015,7.43,,,88,36,2.16,,
1S03B,02/11/2015,7.52,,,92,35,2.02,,
1S04,02/11/2015,7.35,,,91,36,2.02,,
1S03A,03/11/2015,7.19,,,89,37,2.16,,
1S03B,03/11/2015,7.41,,,90,37,2.07,,
1S04,03/11/2015,7.21,,,91,37,1.96,,
1S03A,04/11/2015,7.12,,,99,41,2.09,,
1S03B,04/11/2015,7.37,,,101,41,1.81,,
1S04,04/11/2015,7.35,,,102,41,1.84,,
1S03A,05/11/2015,7.25,,,106,56,2.2,,
1S03B,05/11/2015,7.49,,,110,60,2.08,,
1S04,05/11/2015,7.33,,,111,59,1.81,,
1SCL1,05/11/2015,7.23,,,277,50,2.21,,
1S03A,06/11/2015,7.37,,,98,60,2.18,,
1S03B,06/11/2015,7.56,,,101,60,2.04,,
1S04,06/11/2015,7.43,,,100,58,1.94,,
1SCL1,06/11/2015,7.53,,,274,56,1.99,,
1S03A,07/11/2015,7.08,,,96,61,2.08,,
1S03B,07/11/2015,7.29,,,100,62,2,,
1S07,07/11/2015,7.42,,,98,62,1.99,,
1SCL1,07/11/2015,7.57,,,286,56,2.13,,
1S03A,08/11/2015,7.38,,,97,67,2.23,,
1S03B,08/11/2015,7.71,,,102,67,2.07,,
1S07,08/11/2015,7.42,,,101,67,1.91,,
1SCL1,08/11/2015,7.29,,,517,52,2.05,,
1S03A,09/11/2015,7.36,,,93,67,2.09,,
1S03B,09/11/2015,7.39,,,97,67,1.87,,
1S07,09/11/2015,7.28,,,96,67,1.93,,
1SCL1,09/11/2015,7.36,,,360,57,1.84,,
1S03A,10/11/2015,7.27,,,89,63,1.99,,
1S03B,10/11/2015,7.41,,,93,62,1.99,,
1S07,10/11/2015,7.24,,,91,62,2.3,,
1SCL1,10/11/2015,7.2,,,506,55,2.14,,
1S03A,11/11/2015,7.32,,,90,56,2.01,,
1S03B,11/11/2015,7.56,,,94,56,1.96,,
1S07,11/11/2015,7.48,,,92,57,2.21,,
1SCL1,11/11/2015,7.33,,,463,58,2,,
1S03A,12/11/2015,7.37,,,92,51,2.22,,
1S03B,12/11/2015,7.5,,,95,51,2.2,,
1S07,12/11/2015,7.3,,,92,50,2.76,,
1SCL1,12/11/2015,7.19,,,477,52,2.25,,
1S03A,01/12/2015,7.4,,,87,39,2.29,,
1S03B,01/12/2015,7.6,,,92,39,1.99,,
1S04,01/12/2015,7.37,,,90,39,2.23,,
1S03A,02/12/2015,7.39,,,89,35,2.03,,
1S03B,02/12/2015,7.54,,,92,35,2.06,,
1S04,02/12/2015,7.38,,,90,36,1.97,,
1S03A,03/12/2015,7.24,,,89,37,2.22,,
1S03B,03/12/2015,7.32,,,92,36,2.08,,
1S04,03/12/2015,7.22,,,91,37,1.95,,
1S03A,04/12/2015,7.2,,,99,41,2.23,,
1S03B,04/12/2015,7.33,,,102,41,2.29,,
1S04,04/12/2015,7.44,,,102,41,1.97,,
1S03A,05/12/2015,7.24,,,105,54,2.19,,
1S03B,05/12/2015,7.74,,,111,57,2.08,,
1S04,05/12/2015,7.4,,,110,54,1.84,,
1SCL1,05/12/2015,7.29,,,239,52,1.97,,
1S03A,06/12/2015,7.23,,,98,59,2.18,,
1S03B,06/12/2015,7.48,,,103,58,2.13,,
1S04,06/12/2015,7.35,,,101,58,2.02,,
1SCL1,06/12/2015,7.42,,,299,53,2.07,,
1S03A,07/12/2015,7.37,,,96,64,2.13,,
1S03B,07/12/2015,7.67,,,100,62,1.94,,
1S07,07/12/2015,7.49,,,98,62,1.94,,
1SCL1,07/12/2015,7.53,,,352,54,2.15,,
1S03A,08/12/2015,7.33,,,100,67,2.27,,
1S03B,08/12/2015,7.65,,,103,66,1.97,,
1S07,08/12/2015,7.39,,,100,67,2.04,,
1SCL1,08/12/2015,7.42,,,518,51,2.19,,
1S03A,09/12/2015,7.25,,,94,67,2.06,,
1S03B,09/12/2015,7.26,,,98,66,1.99,,
1S07,09/12/2015,7.16,,,97,68,2.22,,
1SCL1,09/12/2015,7.2,,,323,60,2.22,,
1S03A,10/12/2015,7.46,,,88,62,2.11,,
1S03B,10/12/2015,7.47,,,92,61,1.96,,
1S07,10/12/2015,7.31,,,93,63,1.83,,
1SCL1,10/12/2015,7.24,,,507,55,2.22,,
1S03A,11/12/2015,7.33,,,89,58,2.27,,
1S03B,11/12/2015,7.5,,,93,57,2.2,,
1S07,11/12/2015,7.2,,,91,57,1.96,,
1SCL1,11/12/2015,7.25,,,457,59,2.12,,
1S03A,12/12/2015,7.39,,,93,50,2.17,,
1S03B,12/12/2015,7.52,,,96,50,2.18,,
1S07,12/12/2015,7.39,,,94,50,2.16,,
1SCL1,12/12/2015,7.22,,,417,53,2.25,,
1S03A,01/01/2016,7.27,,,89,48,2.17,,
1S03B,01/01/2016,7.59,,,91,48,1.91,,
1S07,01/01/2016,7.33,,,92,48,2.09,,
1SCH4*,01/01/2016,7.4,,,517,52,2.13,,
1S03A,02/01/2016,7.35,,,92,41,2.26,,
1S03B,02/01/2016,7.58,,,95,40,2.23,,
1S07,02/01/2016,7.38,,,91,40,2.03,,
1SCL1,02/01/2016,7.38,,,526,43,2.31,,
1S03A,03/01/2016,7.36,14.6,5.71,91,40,2.26,0,0.004
1S03B,03/01/2016,7.46,13.8,5.74,94,40,2.19,0,0.005
1S07,03/01/2016,7.41,14,5.73,90,39,1.78,0,0.004
1SCL1,03/01/2016,7.13,51.5,22.4,407,42,2.03,0,0.005
1S03A,04/01/2016,7.28,,,91,45,2.04,,
1S03B,04/01/2016,7.48,,,98,46,2.18,,
1S07,04/01/2016,7.47,,,97,46,1.95,,
1SCL1,04/01/2016,7.23,,,401,47,2.12,,
1S03A,05/01/2016,7.26,,,88,51,2.03,,
1S03B,05/01/2016,7.43,,,90,51,1.78,,
1S07,05/01/2016,7.36,,,89,51,1.75,,
1SCL1,05/01/2016,7.17,,,501,49,2.02,,
1S03A,06/01/2016,7.31,,,87,57,2.13,,
1S03B,06/01/2016,7.52,,,91,57,2.06,,
1S07,06/01/2016,7.49,,,85,57,2.03,,
1SCL1,06/01/2016,7.39,,,445,55,2.32,,
1S03A,07/01/2016,7.46,,,88,61,2.12,,
1S03B,07/01/2016,7.67,,,90,61,2.13,,
1S07,07/01/2016,7.38,,,90,64,2.01,,
1SCH3,07/01/2016,7.52,,,89,60,2.2,,
1SCL1,07/01/2016,7.24,,,461,57,2.38,,
1S03A,08/01/2016,7.4,,,100,68,2.36,,
1S03B,08/01/2016,7.62,,,105,68,2.21,,
1S07,08/01/2016,7.27,,,103,69,1.87,,
1SCH3,08/01/2016,7.37,,,104,68,2.13,,
1SCL1,08/01/2016,7.21,,,473,57,2.2,,
1S03A,09/01/2016,7.37,,,91,66,2.32,,
1S03B,09/01/2016,7.47,,,94,66,2.1,,
1S07,09/01/2016,7.35,,,93,68,1.94,,
1SCH3,09/01/2016,7.45,,,94,66,1.92,,
1SCL1,09/01/2016,7.47,,,95,67,1.92,,
1S03A,10/01/2016,7.5,,,88,64,2.29,,
1S03B,10/01/2016,7.62,,,93,65,2.17,,
1S07,10/01/2016,7.38,,,91,65,1.87,,
1SCH3,10/01/2016,7.75,,,92,64,2.1,,
1SCL1,10/01/2016,7.67,,,91,65,2.09,,
1S03A,11/01/2016,7.35,15.9,5.89,91,57,2.16,0,0.006
1S03B,11/01/2016,7.46,17,5.91,95,56,2.04,0,0.008
1S07,11/01/2016,7.33,16.1,5.91,92,57,2.3,0,0.007
1SCH3,11/01/2016,7.54,16.7,6.05,92,58,2.28,0,0.044
1SCL1,11/01/2016,7.22,64.6,28.5,479,55,2.04,0,0.013
1S03A,12/01/2016,7.34,,,92,51,2.11,,
1S03B,12/01/2016,7.51,,,96,51,1.95,,
1S07,12/01/2016,7.41,,,94,51,1.88,,
1SCH3,12/01/2016,7.22,,,498,52,2.2,,
1SCL1,12/01/2016,7.25,,,493,52,2.02,,
1S03A,01/02/2016,7.31,,,90,47,2.11,,
1S03B,01/02/2016,7.45,,,91,47,1.94,,
1S07,01/02/2016,7.34,,,92,47,1.96,,
1SCH4*,01/02/2016,7.33,,,518,49,2.34,,
1S03A,02/02/2016,7.24,14.6,5.84,90,42,2.21,0,0.006
1S03B,02/02/2016,7.41,15.7,5.92,94,41,2.1,0,0.004
1S07,02/02/2016,7.4,15.1,5.87,93,41,2.07,0,0.004
1SCL1,02/02/2016,7.34,67.9,27.9,495,44,2.52,0,0.01
1S03A,03/02/2016,7.37,,,91,39,2.08,,
1S03B,03/02/2016,7.55,,,96,40,1.99,,
1S07,03/02/2016,7.34,,,93,40,1.98,,
1SCL1,03/02/2016,7.28,,,415,42,1.98,,
1S03A,04/02/2016,7.47,,,92,45,2.2,,
1S03B,04/02/2016,7.73,,,97,45,2.06,,
1S07,04/02/2016,7.38,,,94,46,2.42,,
1SCL1,04/02/2016,7.26,,,496,47,2.33,,
1S03A,05/02/2016,7.31,,,89,51,2.25,,
1S03B,05/02/2016,7.48,,,91,52,2.34,,
1S07,05/02/2016,7.32,,,89,52,2.09,,
1SCL1,05/02/2016,7.18,,,497,48,2.16,,
1S03A,06/02/2016,7.38,,,88,57,2,,
1S03B,06/02/2016,7.6,,,93,57,1.98,,
1S07,06/02/2016,7.46,,,88,57,2.02,,
1SCL1,06/02/2016,7.4,,,394,55,2.33,,
1S03A,07/02/2016,7.41,,,86,60,2.13,,
1S03B,07/02/2016,7.57,,,91,61,2.26,,
1S07,07/02/2016,7.5,,,88,66,1.99,,
1SCH3,07/02/2016,7.55,,,90,60,2.09,,
1SCL1,07/02/2016,7.46,,,447,57,2.42,,
1S03A,08/02/2016,7.39,,,102,68,2,,
1S03B,08/02/2016,7.52,,,106,68,2.1,,
1S07,08/02/2016,7.28,,,104,68,1.83,,
1SCH3,08/02/2016,7.5,,,103,67,1.88,,
1SCL1,08/02/2016,7.32,,,465,58,2.32,,
1S03A,09/02/2016,7.34,,,91,67,2.23,,
1S03B,09/02/2016,7.44,,,95,66,2.2,,
1S07,09/02/2016,7.35,,,92,69,1.95,,
1SCH3,09/02/2016,7.41,,,95,66,2.05,,
1SCL1,09/02/2016,7.46,,,96,67,2.06,,
1S03A,10/02/2016,7.47,,,89,64,2.16,,
1S03B,10/02/2016,7.52,,,93,64,2.28,,
1S07,10/02/2016,7.41,,,92,64,1.78,,
1SCH3,10/02/2016,7.76,,,90,64,2.07,,
1SCL1,10/02/2016,7.6,,,91,65,2.07,,
1S03A,11/02/2016,7.34,,,92,58,2.14,,
1S03B,11/02/2016,7.49,,,96,58,2.11,,
1S07,11/02/2016,7.28,,,91,58,2.37,,
1SCH3,11/02/2016,7.56,,,95,57,1.99,,
1SCL1,11/02/2016,7.28,,,506,56,1.8,,
1S03A,12/02/2016,7.24,,,93,50,2.18,,
1S03B,12/02/2016,7.47,,,96,50,2.01,,
1S07,12/02/2016,7.41,,,94,51,2.02,,
1SCH3,12/02/2016,7.21,,,503,52,2.19,,
1SCL1,12/02/2016,7.24,,,500,52,2.2,,
1S03A,01/03/2016,7.11,,,90,48,2.37,,
1S03B,01/03/2016,7.29,,,93,48,2.01,,
1S07,01/03/2016,7.33,,,93,47,2.05,,
1SCH4*,01/03/2016,7.16,,,515,49,2.41,,
1S03A,02/03/2016,7.33,,,90,41,2.33,,
1S03B,02/03/2016,7.48,,,94,41,2.16,,
1S07,02/03/2016,7.3,,,89,40,2.25,,
1SCL1,02/03/2016,7.32,,,519,44,2.41,,
1S03A,03/03/2016,7.42,,,91,39,2.01,,
1S03B,03/03/2016,7.54,,,93,38,1.99,,
1S07,03/03/2016,7.29,,,92,39,2.2,,
1SCL1,03/03/2016,7.45,,,410,42,2.04,,
1S03A,04/03/2016,7.49,,,92,45,2.2,,
1S03B,04/03/2016,7.6,,,97,44,1.94,,
1S07,04/03/2016,7.48,,,97,46,1.88,,
1SCL1,04/03/2016,7.27,,,500,46,2.3,,
1S03A,05/03/2016,7.17,13.4,5.56,88,51,2.17,0,0.004
1S03B,05/03/2016,7.32,14.2,5.51,91,51,2.1,0,0.005
1S07,05/03/2016,7.22,13.5,5.59,89,51,2.04,0,0.007
1SCL1,05/03/2016,7.26,64.1,27.4,505,47,2,0,0.003
1S03A,06/03/2016,7.48,,,88,57,2.08,,
1S03B,06/03/2016,7.62,,,91,57,1.88,,
1S07,06/03/2016,7.33,,,87,57,2.3,,
1SCL1,06/03/2016,7.33,,,416,56,2.45,,
1S03A,07/03/2016,7.55,,,88,61,2.24,,
1S03B,07/03/2016,7.69,,,91,60,2.12,,
1S07,07/03/2016,7.33,,,89,63,2.01,,
1SCH3,07/03/2016,7.58,,,90,61,1.82,,
1SCL1,07/03/2016,7.35,,,425,59,2.35,,
1S03A,08/03/2016,7.34,,,102,68,2.11,,
1S03B,08/03/2016,7.5,,,105,68,2.23,,
1S07,08/03/2016,7.25,,,104,69,2.02,,
1SCH3,08/03/2016,7.44,,,104,67,2.15,,
1SCL1,08/03/2016,7.18,,,474,58,2.33,,
1S03A,09/03/2016,7.38,,,92,66,2.24,,
1S03B,09/03/2016,7.48,,,95,66,2.07,,
1S07,09/03/2016,7.33,,,94,67,2.13,,
1SCH3,09/03/2016,7.44,,,95,65,2.13,,
1SCL1,09/03/2016,7.49,,,95,66,2.13,,
1S03A,10/03/2016,7.4,,,87,64,2.21,,
1S03B,10/03/2016,7.52,,,92,64,2.11,,
1S07,10/03/2016,7.36,,,91,65,2.17,,
1SCH3,10/03/2016,7.48,,,88,64,1.98,,
1SCL1,10/03/2016,7.47,,,89,64,2,,
1S03A,11/03/2016,7.31,,,92,58,2.09,,
1S03B,11/03/2016,7.47,,,94,57,2.02,,
1S07,11/03/2016,7.38,,,91,58,2.24,,
1SCH3,11/03/2016,7.45,,,91,57,1.92,,
1SCL1,11/03/2016,7.21,,,491,55,2.05,,
1S03A,12/03/2016,7.26,,,91,50,2.37,,
1S03B,12/03/2016,7.42,,,93,50,1.93,,
1S07,12/03/2016,7.29,,,93,49,1.98,,
1SCH3,12/03/2016,7.29,,,500,51,2.12,,
1SCL1,12/03/2016,7.26,,,498,51,2.06,,
1S03A,01/04/2016,7.24,,,90,46,2.3,,
1S03B,01/04/2016,7.41,,,94,46,2.27,,
1S07,01/04/2016,7.27,,,92,47,2.19,,
1SCH4*,01/04/2016,7.18,,,518,48,2.22,,
1S03A,02/04/2016,7.31,,,89,40,2.13,,
1S03B,02/04/2016,7.54,,,93,40,1.94,,
1S07,02/04/2016,7.34,,,90,41,1.93,,
1SCL1,02/04/2016,7.3,,,424,43,2.01,,
1S03A,03/04/2016,7.29,,,94,38,2.12,,
1S03B,03/04/2016,7.54,,,96,38,2.07,,
1S07,03/04/2016,7.35,,,94,39,2.19,,
1SCL1,03/04/2016,7.46,,,417,41,2.26,,
1S03A,04/04/2016,7.29,,,94,44,2.09,,
1S03B,04/04/2016,7.4,,,97,44,1.79,,
1S07,04/04/2016,7.38,,,93,46,2.03,,
1SCL1,04/04/2016,7.23,,,501,48,2.28,,
1S03A,05/04/2016,7.34,,,88,51,1.99,,
1S03B,05/04/2016,7.5,,,92,52,2.15,,
1S07,05/04/2016,7.37,,,88,52,2.01,,
1SCL1,05/04/2016,7.22,,,500,47,2.08,,
1S03A,06/04/2016,7.36,,,87,57,2.12,,
1S03B,06/04/2016,7.52,,,88,57,2.16,,
1S07,06/04/2016,7.46,,,88,58,2.08,,
1SCL1,06/04/2016,7.32,,,387,56,2.46,,
1S03A,07/04/2016,7.59,,,87,61,2.18,,
1S03B,07/04/2016,7.54,,,91,61,2.14,,
1S07,07/04/2016,7.33,,,88,64,2.1,,
1SCH3,07/04/2016,7.68,,,90,61,1.95,,
1SCL1,07/04/2016,7.28,,,447,56,2.46,,
1S03A,08/04/2016,7.39,,,102,67,2.2,,
1S03B,08/04/2016,7.51,,,105,68,2.04,,
1S07,08/04/2016,7.33,,,103,69,1.94,,
1SCH3,08/04/2016,7.51,,,102,66,1.76,,
1SCL1,08/04/2016,7.26,,,450,59,2.38,,
1S03A,09/04/2016,7.31,,,91,63,2.07,,
1S03B,09/04/2016,7.42,,,95,65,2.02,,
1S07,09/04/2016,7.25,,,93,66,2,,
1SCH3,09/04/2016,7.43,,,93,64,2,,
1SCL1,09/04/2016,7.43,,,94,64,1.99,,
1S03A,10/04/2016,7.41,,,89,64,2.17,,
1S03B,10/04/2016,7.47,,,92,64,2.06,,
1S07,10/04/2016,7.35,,,91,64,1.96,,
1SCH3,10/04/2016,7.47,,,91,64,1.96,,
1SCL1,10/04/2016,7.45,,,91,64,2.01,,
1S03A,11/04/2016,7.34,,,91,57,2.18,,
1S03B,11/04/2016,7.45,,,95,57,1.92,,
1S07,11/04/2016,7.36,,,94,58,2.04,,
1SCH3,11/04/2016,7.29,,,500,53,2.38,,
1SCL1,11/04/2016,7.29,,,502,53,2.2,,
1S03A,12/04/2016,7.16,,,93,50,2.19,,
1S03B,12/04/2016,7.34,,,93,50,1.83,,
1S07,12/04/2016,7.27,,,95,49,2.03,,
1SCH3,12/04/2016,7.14,,,503,50,2.17,,
1SCL1,12/04/2016,7.15,,,506,51,2.1,,
1S03A,01/05/2016,7.28,15,6.07,90,44,2.42,0,0.005
1S03B,01/05/2016,7.36,16.3,6.19,95,46,2.31,0,0.006
1S07,01/05/2016,7.24,15.9,6.15,94,45,1.87,0,0.006
1SCL1,01/05/2016,7.33,73.4,30.4,521,50,2.22,0,0.007
1S03A,02/05/2016,7.37,,,89,41,2.2,,
1S03B,02/05/2016,7.54,,,93,41,1.98,,
1S07,02/05/2016,7.32,,,89,40,2.47,,
1SCL1,02/05/2016,7.32,,,372,43,2.17,,
1S03A,03/05/2016,7.39,,,91,40,2.05,,
1S03B,03/05/2016,7.6,,,94,39,2.2,,
1S07,03/05/2016,7.47,,,95,39,1.98,,
1SCL1,03/05/2016,7.48,,,467,42,2.05,,
1S03A,04/05/2016,7.65,14.4,5.91,92,44,2.23,0,0.004
1S03B,04/05/2016,7.73,14.9,6.01,98,45,1.88,0,0.004
1S07,04/05/2016,7.45,15,5.94,96,45,2.06,0,0.004
1SCL1,04/05/2016,7.33,61.7,27.7,498,46,2.22,0,0.004
1S03A,05/05/2016,7.28,,,89,51,2.27,,
1S03B,05/05/2016,7.47,,,92,51,2.12,,
1S07,05/05/2016,7.37,,,90,52,2.03,,
1SCL1,05/05/2016,7.28,,,497,47,2.08,,
1S03A,06/05/2016,7.37,,,86,57,2.29,,
1S03B,06/05/2016,7.54,,,88,58,2.26,,
1S07,06/05/2016,7.49,,,88,61,1.84,,
1SCL1,06/05/2016,7.36,,,335,56,2.27,,
1S03A,07/05/2016,7.44,,,87,62,2.27,,
1S03B,07/05/2016,7.56,,,91,61,2.09,,
1S07,07/05/2016,7.42,,,89,62,2.11,,
1SCH3,07/05/2016,7.76,,,89,61,2.15,,
1SCL1,07/05/2016,7.35,,,465,56,2.36,,
1S03A,08/05/2016,7.38,,,100,67,2.08,,
1S03B,08/05/2016,7.5,,,105,68,2.09,,
1S07,08/05/2016,7.29,,,103,68,1.96,,
1SCH3,08/05/2016,7.47,,,103,66,2.25,,
1SCL1,08/05/2016,7.23,,,435,59,2.2,,
1S03A,09/05/2016,7.33,,,91,63,2.09,,
1S03B,09/05/2016,7.41,,,94,63,2,,
1S07,09/05/2016,7.36,,,93,64,1.86,,
1SCH3,09/05/2016,7.37,,,92,62,2.07,,
1SCL1,09/05/2016,7.41,,,92,63,2.11,,
1S03A,10/05/2016,7.5,16.8,5.84,89,64,2.09,0,0.007
1S03B,10/05/2016,7.64,18,5.88,92,64,1.89,0,0.008
1S07,10/05/2016,7.33,16.5,5.89,91,65,2,0,0.006
1SCH3,10/05/2016,7.63,18,5.88,92,65,2.2,0,0.055
1SCL1,10/05/2016,7.69,18,5.87,91,65,1.97,0,0.012
1S03A,11/05/2016,7.35,,,92,57,2.18,,
1S03B,11/05/2016,7.41,,,95,56,2.34,,
1S07,11/05/2016,7.35,,,95,57,2.04,,
1SCH3,11/05/2016,7.19,,,495,53,2.42,,
1SCL1,11/05/2016,7.29,,,495,54,2.08,,
1S03A,12/05/2016,7.18,,,91,49,2.39,,
1S03B,12/05/2016,7.36,,,96,49,2.21,,
1S07,12/05/2016,7.32,,,92,50,1.88,,
1SCH3,12/05/2016,7.22,,,498,50,2.2,,
1SCL1,12/05/2016,7.14,,,500,51,2.1,,
1S03A,01/06/2016,7.22,,,91,46,2.29,,
1S03B,01/06/2016,7.44,,,95,45,2.28,,
1S07,01/06/2016,7.11,,,90,46,2.33,,
1SCL1,01/06/2016,7.19,,,382,48,2.2,,
1S03A,02/06/2016,7.23,,,88,39,2.22,,
1S03B,02/06/2016,7.48,,,91,39,1.96,,
1S07,02/06/2016,7.3,,,92,39,2.12,,
1SCL1,02/06/2016,7.23,,,462,43,2.32,,
1S03A,03/06/2016,7.38,,,94,39,2.17,,
1S03B,03/06/2016,7.51,,,97,38,2.34,,
1S07,03/06/2016,7.38,,,95,39,2.07,,
1SCL1,03/06/2016,7.41,,,390,41,2.1,,
1S03A,04/06/2016,7.34,,,91,44,2.22,,
1S03B,04/06/2016,7.48,,,97,44,2.04,,
1S07,04/06/2016,7.46,,,93,45,2.06,,
1SCL1,04/06/2016,7.17,,,493,46,2.22,,
1S03A,05/06/2016,7.34,,,88,52,2.2,,
1S03B,05/06/2016,7.63,,,92,52,2,,
1S07,05/06/2016,7.37,,,88,53,2.22,,
1SCL1,05/06/2016,7.24,,,495,48,2.01,,
1S03A,06/06/2016,7.34,,,86,59,2.27,,
1S03B,06/06/2016,7.49,,,90,60,2.3,,
1S07,06/06/2016,7.38,,,87,57,2.13,,
1SCL1,06/06/2016,7.31,,,359,56,2.29,,
1S03A,07/06/2016,7.54,,,86,62,2.21,,
1S03B,07/06/2016,7.76,,,90,62,1.95,,
1S07,07/06/2016,7.44,,,90,62,2.05,,
1SCH3,07/06/2016,7.75,,,88,61,2.03,,
1SCL1,07/06/2016,7.32,,,449,57,2.43,,
1S03A,08/06/2016,7.2,,,99,68,2.06,,
1S03B,08/06/2016,7.37,,,103,68,1.97,,
1S07,08/06/2016,7.41,,,102,68,1.79,,
1SCH3,08/06/2016,7.5,,,101,66,1.95,,
1SCL1,08/06/2016,7.29,,,101,62,2.11,,
1S03A,09/06/2016,7.41,,,91,64,2.26,,
1S03B,09/06/2016,7.45,,,94,64,1.96,,
1S07,09/06/2016,7.14,,,91,64,1.92,,
1SCH3,09/06/2016,7.36,,,94,63,1.93,,
1SCL1,09/06/2016,7.39,,,95,64,1.95,,
1S03A,10/06/2016,7.37,,,88,64,2.25,,
1S03B,10/06/2016,7.58,,,92,64,2.09,,
1S07,10/06/2016,7.3,,,90,64,1.98,,
1SCH3,10/06/2016,7.56,,,93,64,2.11,,
1SCL1,10/06/2016,7.6,,,94,65,2.05,,
1S03A,11/06/2016,7.36,,,91,57,2.07,,
1S03B,11/06/2016,7.54,,,95,56,1.95,,
1S07,11/06/2016,7.34,,,92,58,2.17,,
1SCH3,11/06/2016,7.23,,,497,53,2.49,,
1SCL1,11/06/2016,7.31,,,500,53,2.16,,
1S03A,12/06/2016,7.32,16,6.13,92,48,2.16,0,0.006
1S03B,12/06/2016,7.46,17.3,6.09,97,48,1.9,0,0.006
1S07,12/06/2016,7.23,16.5,6.04,93,49,1.81,0,0.004
1SCH3,12/06/2016,7.27,71.3,29.6,504,50,2,0,0.018
1SCL1,12/06/2016,7.19,69.6,28.9,503,51,2.22,0,0.006
1S03A,01/07/2016,7.22,,,92,46,2.18,,
1S03B,01/07/2016,7.38,,,96,45,2.16,,
1S07,01/07/2016,7.23,,,91,46,2.13,,
1SCL1,01/07/2016,7.24,,,307,47,2.14,,
1S03A,02/07/2016,7.19,,,91,40,2.27,,
1S03B,02/07/2016,7.31,,,91,40,2.02,,
1S07,02/07/2016,7.34,,,92,40,2.12,,
1SCL1,02/07/2016,7.24,,,367,43,2.1,,
1S03A,03/07/2016,7.28,,,91,39,2.17,,
1S03B,03/07/2016,7.48,,,94,39,2.2,,
1S07,03/07/2016,7.49,,,90,39,1.9,,
1SCL1,03/07/2016,7.49,,,349,41,2.22,,
1S03A,04/07/2016,7.34,,,92,45,2.17,,
1S03B,04/07/2016,7.56,,,97,45,1.76,,
1S07,04/07/2016,7.32,,,90,45,2.13,,
1SCL1,04/07/2016,7.35,,,492,46,2.07,,
1S03A,05/07/2016,7.36,,,87,52,2.23,,
1S03B,05/07/2016,7.63,,,88,52,1.9,,
1S07,05/07/2016,7.32,,,90,53,2.11,,
1SCL1,05/07/2016,7.35,,,321,51,2.08,,
1S03A,06/07/2016,7.48,14.5,5.73,87,58,2.25,0,0.006
1S03B,06/07/2016,7.55,15.2,5.69,89,58,2.22,0,0.005
1S07,06/07/2016,7.4,14.4,5.71,87,57,2.18,0,0.006
1SCL1,06/07/2016,7.3,48,20.5,368,57,1.79,0,0.003
1S03A,07/07/2016,7.45,,,86,63,2.17,,
1S03B,07/07/2016,7.55,,,91,62,2.15,,
1S07,07/07/2016,7.44,,,88,63,2.02,,
1SCH3,07/07/2016,7.81,,,89,62,2.21,,
1SCL1,07/07/2016,7.38,,,429,57,2.31,,
1S03A,08/07/2016,7.37,,,96,67,2.04,,
1S03B,08/07/2016,7.39,,,102,67,1.93,,
1S07,08/07/2016,7.44,,,101,68,2.06,,
1SCH3,08/07/2016,7.49,,,99,66,1.95,,
1SCL1,08/07/2016,7.33,,,391,60,2.17,,
1S03A,09/07/2016,7.32,17.4,5.7,90,63,2.04,0,0.006
1S03B,09/07/2016,7.44,18.1,5.73,94,64,2.04,0,0.008
1S07,09/07/2016,7.34,17.6,5.69,92,65,2.1,0,0.01
1SCH3,09/07/2016,7.46,18.2,5.71,93,63,1.98,0,0.06
1SCL1,09/07/2016,7.45,18.4,5.7,93,63,2.22,0,0.006
1S03A,10/07/2016,7.42,,,88,64,2.2,,
1S03B,10/07/2016,7.51,,,92,64,2.06,,
1S07,10/07/2016,7.34,,,91,65,2.04,,
1SCH3,10/07/2016,7.51,,,89,64,2.02,,
1SCL1,10/07/2016,7.52,,,90,64,2.02,,
1S03A,11/07/2016,7.3,,,89,56,2.18,,
1S03B,11/07/2016,7.5,,,95,56,1.99,,
1S07,11/07/2016,7.32,,,93,56,1.93,,
1SCH3,11/07/2016,7.2,,,497,53,2.36,,
1SCL1,11/07/2016,7.3,,,499,54,2.08,,
1S03A,12/07/2016,7.29,,,92,49,2.24,,
1S03B,12/07/2016,7.37,,,95,49,2.21,,
1S07,12/07/2016,7.33,,,94,49,2.11,,
1SCH3,12/07/2016,7.15,,,500,51,2.16,,
1SCL1,12/07/2016,7.26,,,497,51,2.05,,
1S03A,01/08/2016,7.27,,,92,45,2.06,,
1S03B,01/08/2016,7.4,,,96,45,2.16,,
1S07,01/08/2016,7.12,,,92,45,2.06,,
1SCL1,01/08/2016,7.22,,,305,48,2.04,,
1S03A,02/08/2016,7.21,,,89,39,2.16,,
1S03B,02/08/2016,7.38,,,93,39,2.11,,
1S07,02/08/2016,7.36,,,91,40,2.01,,
1SCL1,02/08/2016,7.27,,,371,42,1.93,,
1S03A,03/08/2016,7.19,,,92,40,2.27,,
1S03B,03/08/2016,7.35,,,97,40,2.21,,
1S07,03/08/2016,7.37,,,89,41,2.28,,
1SCL1,03/08/2016,7.53,,,385,42,2.11,,
1S03A,04/08/2016,7.44,,,92,44,2.26,,
1S03B,04/08/2016,7.66,,,97,44,2.16,,
1S07,04/08/2016,7.35,,,95,45,1.96,,
1SCL1,04/08/2016,7.21,,,500,46,2.05,,
1S03A,05/08/2016,7.31,,,87,51,2.36,,
1S03B,05/08/2016,7.58,,,88,51,2.01,,
1S07,05/08/2016,7.36,,,89,53,2.05,,
1SCL1,05/08/2016,7.34,,,337,51,2.34,,
1S03A,06/08/2016,7.38,,,86,58,2.22,,
1S03B,06/08/2016,7.6,,,90,58,1.94,,
1S07,06/08/2016,7.34,,,88,58,2.16,,
1SCL1,06/08/2016,7.3,,,400,56,2.35,,
1S03A,07/08/2016,7.53,,,87,63,2.19,,
1S03B,07/08/2016,7.75,,,91,62,1.87,,
1S07,07/08/2016,7.55,,,90,64,2.06,,
1SCH3,07/08/2016,7.64,,,91,64,2.24,,
1SCL1,07/08/2016,7.32,,,438,57,2.31,,
1S03A,08/08/2016,7.27,,,97,67,2.28,,
1S03B,08/08/2016,7.42,,,102,67,2.2,,
1S07,08/08/2016,7.49,,,101,68,1.97,,
1SCH3,08/08/2016,7.61,,,102,66,1.99,,
1SCL1,08/08/2016,7.23,,,429,60,2.13,,
1S03A,09/08/2016,7.36,,,90,64,2.15,,
1S03B,09/08/2016,7.44,,,94,64,2.14,,
1S07,09/08/2016,7.33,,,92,64,2.03,,
1SCH3,09/08/2016,7.4,,,93,63,2.09,,
1SCL1,09/08/2016,7.4,,,94,64,2.15,,
1S03A,10/08/2016,7.41,,,89,64,2.12,,
1S03B,10/08/2016,7.56,,,92,64,1.96,,
1S07,10/08/2016,7.46,,,91,65,2.01,,
1SCH3,10/08/2016,7.5,,,89,64,1.89,,
1SCL1,10/08/2016,7.51,,,90,64,2,,
1S03A,11/08/2016,7.28,,,91,57,2.17,,
1S03B,11/08/2016,7.45,,,96,56,2.25,,
1S07,11/08/2016,7.33,,,94,57,1.94,,
1SCH3,11/08/2016,7.18,,,494,54,2.3,,
1SCL1,11/08/2016,7.29,,,500,54,2.03,,
1S03A,12/08/2016,7.3,,,93,48,2.07,,
1S03B,12/08/2016,7.42,,,97,48,1.93,,
1S07,12/08/2016,7.28,,,95,49,2.23,,
1SCH3,12/08/2016,7.2,,,502,50,2.14,,
1SCL1,12/08/2016,7.23,,,503,50,2.01,,
1S03A,01/09/2016,7.28,,,94,44,2.18,,
1S03B,01/09/2016,7.49,,,97,44,2.24,,
1S07,01/09/2016,7.37,,,93,45,2.17,,
1SCL1,01/09/2016,7.31,,,288,46,2.15,,
1S03A,02/09/2016,7.26,,,87,40,2.5,,
1S03B,02/09/2016,7.46,,,92,40,2.24,,
1S07,02/09/2016,7.41,,,90,40,2.04,,
1SCL1,02/09/2016,7.21,,,502,43,2.11,,
1S03A,03/09/2016,7.21,,,91,41,2.39,,
1S03B,03/09/2016,7.37,,,95,40,2.31,,
1S07,03/09/2016,7.39,,,92,41,2.08,,
1SCL1,03/09/2016,7.35,,,374,45,1.95,,
1S03A,04/09/2016,7.48,,,91,44,2.05,,
1S03B,04/09/2016,7.88,,,94,44,1.52,,
1S07,04/09/2016,7.4,,,95,45,2,,
1SCL1,04/09/2016,7.21,,,467,46,2.08,,
1S03A,05/09/2016,7.31,,,87,51,2.13,,
1S03B,05/09/2016,7.61,,,91,51,2.13,,
1S07,05/09/2016,7.4,,,87,51,2.15,,
1SCL1,05/09/2016,7.25,,,358,51,2.11,,
1S03A,06/09/2016,7.36,,,87,58,2.19,,
1S03B,06/09/2016,7.55,,,91,57,2.12,,
1S07,06/09/2016,7.21,,,90,57,1.91,,
1SCL1,06/09/2016,7.27,,,442,55,2.08,,
1S03A,07/09/2016,7.48,,,87,62,2.18,,
1S03B,07/09/2016,7.73,,,91,62,2.12,,
1S07,07/09/2016,7.56,,,89,63,1.87,,
1SCH3,07/09/2016,7.55,,,87,62,2.01,,
1SCL1,07/09/2016,7.36,,,451,57,2.3,,
1S03A,08/09/2016,7.37,17,6.04,93,67,2.06,0,0.008
1S03B,08/09/2016,7.5,18.2,6.15,100,67,2.11,0,0.009
1S07,08/09/2016,7.41,17.9,6.12,100,68,1.69,0,0.011
1SCH3,08/09/2016,7.4,18.2,6.09,98,66,2.36,0,0.059
1SCL1,08/09/2016,7.22,55.9,23.7,417,61,2.24,0,0.003
1S03A,09/09/2016,7.49,,,92,66,2.12,,
1S03B,09/09/2016,7.49,,,94,66,2.04,,
1S07,09/09/2016,7.38,,,92,67,1.91,,
1SCH3,09/09/2016,7.52,,,93,66,2.01,,
1SCL1,09/09/2016,7.54,,,94,66,1.96,,
1S03A,10/09/2016,7.36,,,89,63,2.15,,
1S03B,10/09/2016,7.53,,,92,63,1.9,,
1S07,10/09/2016,7.44,,,90,64,1.8,,
1SCH3,10/09/2016,7.58,,,90,64,1.92,,
1SCL1,10/09/2016,7.6,,,92,65,1.98,,
1S03A,11/09/2016,7.33,,,90,56,2.09,,
1S03B,11/09/2016,7.48,,,95,56,2.07,,
1S07,11/09/2016,7.35,,,92,56,1.86,,
1SCH3,11/09/2016,7.17,,,498,54,2.11,,
1SCL1,11/09/2016,7.3,,,509,54,2.05,,
1S03A,12/09/2016,7.22,,,94,48,2.17,,
1S03B,12/09/2016,7.33,,,96,47,2.42,,
1S07,12/09/2016,7.04,,,95,47,2.07,,
1SCH3,12/09/2016,7.07,,,502,49,2.13,,
1SCL1,12/09/2016,7.12,,,505,50,2.05,,
1S03A,01/10/2016,7.34,,,94,46,2.21,,
1S03B,01/10/2016,7.47,,,98,44,2.33,,
1S07,01/10/2016,7.28,,,96,48,2.02,,
1SCL1,01/10/2016,7.32,,,230,47,2.14,,
1S03A,02/10/2016,7.25,,,85,41,2.43,,
1S03B,02/10/2016,7.49,,,91,42,2.18,,
1S07,02/10/2016,7.39,,,91,39,2.08,,
1SCL1,02/10/2016,7.27,,,401,42,2.11,,
1S03A,03/10/2016,7.24,,,92,42,2.36,,
1S03B,03/10/2016,7.42,,,95,42,2.13,,
1S07,03/10/2016,7.36,,,92,42,2.07,,
1SCL1,03/10/2016,7.47,,,405,44,2.08,,
1S03A,04/10/2016,7.43,,,90,44,2.03,,
1S03B,04/10/2016,7.62,,,96,44,2.15,,
1S07,04/10/2016,7.52,,,93,44,1.97,,
1SCL1,04/10/2016,7.28,,,497,46,2.09,,
1S03A,05/10/2016,7.42,,,88,53,2.12,,
1S03B,05/10/2016,7.54,,,91,52,1.94,,
1S07,05/10/2016,7.44,,,88,51,2.02,,
1SCL1,05/10/2016,7.26,,,424,50,2.24,,
1S03A,06/10/2016,7.36,,,87,57,2.34,,
1S03B,06/10/2016,7.45,,,91,56,2.06,,
1S07,06/10/2016,7.41,,,86,57,1.95,,
1SCL1,06/10/2016,7.33,,,440,54,2.38,,
1S03A,07/10/2016,7.5,,,87,63,2.2,,
1S03B,07/10/2016,7.69,,,90,62,2.25,,
1S07,07/10/2016,7.2,,,89,64,1.82,,
1SCH3,07/10/2016,7.66,,,88,63,1.79,,
1SCL1,07/10/2016,7.36,,,455,59,2.22,,
1S03A,08/10/2016,7.41,,,92,66,2.22,,
1S03B,08/10/2016,7.46,,,97,67,2.06,,
1S07,08/10/2016,7.51,,,96,68,1.82,,
1SCH3,08/10/2016,7.54,,,97,68,1.99,,
1SCL1,08/10/2016,7.27,,,447,62,2.3,,
1S03A,09/10/2016,7.39,,,91,67,2.12,,
1S03B,09/10/2016,7.5,,,93,66,2.08,,
1S07,09/10/2016,7.46,,,92,67,1.76,,
1SCH3,09/10/2016,7.52,,,91,66,2.03,,
1SCL1,09/10/2016,7.57,,,92,66,2.02,,
1S03A,10/10/2016,7.42,,,88,63,2.18,,
1S03B,10/10/2016,7.53,,,92,63,2.01,,
1S07,10/10/2016,7.38,,,91,63,1.99,,
1SCH3,10/10/2016,7.55,,,90,64,2.22,,
1SCL1,10/10/2016,7.63,,,90,64,2.13,,
1S03A,11/10/2016,7.32,,,90,56,2.24,,
1S03B,11/10/2016,7.47,,,95,56,2.07,,
1S07,11/10/2016,7.34,,,92,55,1.9,,
1SCH3,11/10/2016,7.15,,,496,54,2.26,,
1SCL1,11/10/2016,7.27,,,503,54,2.04,,
1S03,12/10/2016,7.43,,,96,46,2.05,,
1S03A,12/10/2016,7.37,,,93,46,2.1,,
1S03B,12/10/2016,7.45,,,93,47,1.75,,
1SCH3,12/10/2016,7.23,,,501,48,2.11,,
1SCL1,12/10/2016,7.27,,,505,49,1.97,,
1S03A,01/11/2016,7.1,,,83,44,2.22,,
1S03B,01/11/2016,7.48,,,94,45,2.14,,
1S07,01/11/2016,7.33,,,96,45,2.24,,
1SCL1,01/11/2016,7.3,,,253,47,2.43,,
1S03A,02/11/2016,7.25,,,88,40,2.3,,
1S03B,02/11/2016,7.45,,,92,40,2.18,,
1S07,02/11/2016,7.4,,,91,39,1.99,,
1SCL1,02/11/2016,7.25,,,471,41,2.19,,
1S03A,03/11/2016,7.33,,,93,41,2.29,,
1S03B,03/11/2016,7.33,,,95,41,2.1,,
1S07,03/11/2016,7.44,,,93,42,2.1,,
1SCL1,03/11/2016,7.58,,,408,44,2.16,,
1S03A,04/11/2016,7.45,,,92,45,2.23,,
1S03B,04/11/2016,7.58,,,93,46,2.12,,
1S07,04/11/2016,7.46,,,95,46,1.96,,
1SCL1,04/11/2016,7.33,,,499,47,2.16,,
1S03A,05/11/2016,7.33,,,88,54,2.1,,
1S03B,05/11/2016,7.57,,,91,53,2.02,,
1S07,05/11/2016,7.44,,,89,52,2,,
1SCL1,05/11/2016,7.39,,,425,50,2.49,,
1S03A,06/11/2016,7.31,,,87,57,2.16,,
1S03B,06/11/2016,7.53,,,92,57,1.99,,
1S07,06/11/2016,7.38,,,89,58,1.95,,
1SCL1,06/11/2016,7.28,,,447,54,2.33,,
1S03A,07/11/2016,7.37,,,86,63,2.15,,
1S03B,07/11/2016,7.55,,,91,63,2.06,,
1S07,07/11/2016,7.24,,,89,64,2.04,,
1SCH3,07/11/2016,7.66,,,87,61,1.72,,
1SCL1,07/11/2016,7.33,,,455,56,2.16,,
1S03A,08/11/2016,7.27,,,93,68,2.28,,
1S03B,08/11/2016,7.42,,,98,67,2.04,,
1S07,08/11/2016,7.49,,,95,67,1.81,,
1SCH3,08/11/2016,7.54,,,97,67,2.06,,
1SCL1,08/11/2016,7.33,,,276,64,2.12,,
1S03A,09/11/2016,7.33,,,91,67,2.09,,
1S03B,09/11/2016,7.49,,,93,66,2.03,,
1S07,09/11/2016,7.38,,,92,67,2.39,,
1SCH3,09/11/2016,7.5,,,93,67,2.09,,
1SCL1,09/11/2016,7.55,,,94,67,2.17,,
1S03A,10/11/2016,7.49,,,88,62,2.15,,
1S03B,10/11/2016,7.64,,,91,61,1.98,,
1S07,10/11/2016,7.34,,,90,63,2,,
1SCH3,10/11/2016,7.63,,,91,62,2.01,,
1SCL1,10/11/2016,7.68,,,89,63,1.95,,
1S03A,11/11/2016,7.3,,,91,56,2.09,,
1S03B,11/11/2016,7.47,,,96,56,2.05,,
1S07,11/11/2016,7.29,,,93,56,1.97,,
1SCH3,11/11/2016,7.11,,,499,54,2.21,,
1SCL1,11/11/2016,7.25,,,507,55,1.94,,
1S03,12/11/2016,7.4,,,96,46,1.97,,
1S03A,12/11/2016,7.34,,,94,47,2.1,,
1S03B,12/11/2016,7.45,,,93,47,1.76,,
1SCH3,12/11/2016,7.12,,,505,48,2.13,,
1SCL1,12/11/2016,7.19,,,506,49,2.07,,
1S03A,01/12/2016,7.3,,,85,45,2.06,,
1S03B,01/12/2016,7.38,,,91,44,2.24,,
1S07,01/12/2016,7.37,,,91,41,2.07,,
1SCL1,01/12/2016,7.3,,,283,48,2.06,,
1S03A,02/12/2016,7.29,,,89,40,2.48,,
1S03B,02/12/2016,7.4,,,93,40,2.3,,
1S07,02/12/2016,7.32,,,90,39,1.98,,
1SCL1,02/12/2016,7.32,,,480,42,2.31,,
1S03A,03/12/2016,7.36,,,94,41,2.31,,
1S03B,03/12/2016,7.54,,,97,41,2,,
1S07,03/12/2016,7.5,,,94,45,2.11,,
1SCL1,03/12/2016,7.37,,,385,43,1.91,,
1S03A,04/12/2016,7.38,,,91,45,2.22,,
1S03B,04/12/2016,7.46,,,97,49,2.07,,
1S07,04/12/2016,7.39,,,95,46,2.11,,
1SCL1,04/12/2016,7.34,,,500,46,2.05,,
1S03A,05/12/2016,7.31,,,88,54,2.26,,
1S03B,05/12/2016,7.5,,,92,53,2.16,,
1S07,05/12/2016,7.45,,,89,52,1.98,,
1SCL1,05/12/2016,7.31,,,382,53,2.36,,
1S03A,06/12/2016,7.41,,,87,59,2.01,,
1S03B,06/12/2016,7.63,,,90,58,2.04,,
1S07,06/12/2016,7.48,,,90,60,2,,
1SCL1,06/12/2016,7.33,,,423,55,2.37,,
1S03A,07/12/2016,7.45,15.4,5.6,87,62,2.11,0,0.009
1S03B,07/12/2016,7.48,16.4,5.63,92,62,2.07,1,0.008
1S07,07/12/2016,7.43,15.8,5.6,91,64,2.12,0,0.005
1SCH3,07/12/2016,7.44,16.3,5.58,89,62,1.97,0,0.037
1SCL1,07/12/2016,7.17,60.4,26,455,58,2.29,0,0.004
1S03A,08/12/2016,7.33,,,91,68,2.13,,
1S03B,08/12/2016,7.41,,,96,67,2.07,,
1S07,08/12/2016,7.39,,,96,69,1.86,,
1SCH3,08/12/2016,7.29,,,91,65,2.04,,
1SCL1,08/12/2016,7.53,,,392,60,2.15,,
1S03A,09/12/2016,7.42,,,92,68,2.14,,
1S03B,09/12/2016,7.48,,,94,67,2.12,,
1S07,09/12/2016,7.33,,,93,67,2.2,,
1SCH3,09/12/2016,7.52,,,95,67,2.11,,
1SCL1,09/12/2016,7.55,,,96,67,2.03,,
1S03A,10/12/2016,7.23,,,87,62,2.19,,
1S03B,10/12/2016,7.43,,,92,62,2.01,,
1S07,10/12/2016,7.45,,,89,63,1.94,,
1SCH3,10/12/2016,7.61,,,92,62,2.03,,
1SCL1,10/12/2016,7.57,,,92,63,1.99,,
1S03A,11/12/2016,7.34,,,90,54,2.18,,
1S03B,11/12/2016,7.46,,,92,54,2.03,,
1S07,11/12/2016,7.39,,,95,54,2.12,,
1SCH3,11/12/2016,7.12,,,501,54,2.18,,
1SCL1,11/12/2016,7.29,,,507,55,2,,
1S03,12/12/2016,7.44,,,95,46,2.05,,
1S03A,12/12/2016,7.17,,,92,47,2.12,,
1S03B,12/12/2016,7.23,,,97,46,2.04,,
1SCH3,12/12/2016,7.29,,,503,48,2.2,,
1SCL1,12/12/2016,7.27,,,505,48,2.04,,
1S03,01/01/2017,7.4,,,94,43,2.01,,
1S03A,01/01/2017,7.3,,,94,42,2.27,,
1S03B,01/01/2017,7.55,,,96,43,1.47,,
1SCH3,01/01/2017,7.25,,,517,43,2.16,,
1SCL1,01/01/2017,7.21,,,514,44,2.21,,
1S03,02/01/2017,7.34,,,96,39,1.93,,
1S03A,02/01/2017,7.29,,,94,40,2.03,,
1S03B,02/01/2017,7.45,,,98,39,1.86,,
1SCH3,02/01/2017,7.39,,,534,40,2.27,,
1SCL1,02/01/2017,7.35,,,534,41,2.05,,
1S03,03/01/2017,7.34,,,101,42,1.89,,
1S03A,03/01/2017,7.28,,,98,41,2,,
1S03B,03/01/2017,7.42,,,102,41,2.01,,
1S03,04/01/2017,7.31,,,103,41,1.8,,
1S03A,04/01/2017,7.26,,,98,41,1.93,,
1S03B,04/01/2017,7.44,,,104,41,1.92,,
1S03,05/01/2017,7.2,,,104,50,2.21,,
1S03A,05/01/2017,7.3,,,104,51,2.13,,
1S03B,05/01/2017,7.47,,,108,51,2.09,,
1S03,06/01/2017,7.26,,,102,55,2.2,,
1S03A,06/01/2017,7.25,,,97,56,2.13,,
1S03B,06/01/2017,7.38,,,103,55,2.3,,
1S03,01/02/2017,7.35,,,98,42,1.92,,
1S03A,01/02/2017,7.31,,,96,43,2.09,,
1S03B,01/02/2017,7.48,,,98,42,1.91,,
1SCH3,01/02/2017,7.26,,,519,43,2.37,,
1SCL1,01/02/2017,7.27,,,521,44,2.41,,
1S03,02/02/2017,7.35,,,97,39,2.01,,
1S03A,02/02/2017,7.26,,,95,41,2.19,,
1S03B,02/02/2017,7.44,,,97,40,1.81,,
1SCH3,02/02/2017,7.33,,,526,40,2.39,,
1SCL1,02/02/2017,7.35,,,530,41,2.01,,
1S03,03/02/2017,7.29,,,101,42,1.95,,
1S03A,03/02/2017,7.28,,,100,40,2,,
1S03B,03/02/2017,7.41,,,101,40,2.06,,
1S03,04/02/2017,7.28,,,103,40,1.93,,
1S03A,04/02/2017,7.23,,,98,40,1.96,,
1S03B,04/02/2017,7.47,,,102,40,2.08,,
1S03,05/02/2017,7.14,14.1,6.39,107,51,2.36,0,0.014
1S03A,05/02/2017,7.21,14,6.36,102,50,2.25,0,0.005
1S03B,05/02/2017,7.51,15.5,6.52,107,51,2.12,0,0.006
1S07*,05/02/2017,7.34,14.4,6.5,106,52,2.03,0,0.006
1S03,06/02/2017,7.39,,,102,56,2.03,,
1S03A,06/02/2017,7.25,,,99,55,2.08,,
1S03B,06/02/2017,7.43,,,102,55,2.06,,
1S03,01/03/2017,7.33,,,96,42,1.96,,
1S03A,01/03/2017,7.28,,,94,43,2.32,,
1S03B,01/03/2017,7.38,,,95,42,2.28,,
1SCH3,01/03/2017,7.18,,,516,42,2.36,,
1SCL1,01/03/2017,7.2,,,509,43,2.46,,
1S03,02/03/2017,7.33,,,98,39,1.93,,
1S03A,02/03/2017,7.22,,,95,38,2.07,,
1S03B,02/03/2017,7.39,,,100,38,1.9,,
1SCH3,02/03/2017,7.31,,,534,41,2.38,,
1SCL1,02/03/2017,7.35,,,538,41,2,,
1S03,03/03/2017,7.2,,,98,40,2.06,,
1S03A,03/03/2017,7.25,,,98,39,2.07,,
1S03B,03/03/2017,7.45,,,102,39,2.11,,
1S03,04/03/2017,7.28,,,101,44,2.05,,
1S03A,04/03/2017,7.22,,,101,41,2.23,,
1S03B,04/03/2017,7.39,,,102,41,1.97,,
1S03,05/03/2017,7.16,,,105,51,2.27,,
1S03A,05/03/2017,7.23,,,101,50,2.17,,
1S03B,05/03/2017,7.48,,,108,51,2.18,,
1S03,06/03/2017,7.32,,,102,56,2.13,,
1S03A,06/03/2017,7.39,,,98,56,2.21,,
1S03B,06/03/2017,7.5,,,102,56,2.06,,
1S03,01/04/2017,7.27,,,95,44,2.14,,
1S03A,01/04/2017,7.27,15.8,6.38,93,42,2.19,0,0.005
1S03B,01/04/2017,7.39,16.9,6.44,97,43,1.97,0,0.005
1S07*,01/04/2017,7.35,23.3,8.51,135,42,2.12,0,0.004
1SCH3,01/04/2017,7.29,69.4,30.1,510,42,2.28,0,0.013
1SCL1,01/04/2017,7.28,69.5,30.1,512,44,2.05,0,0.004
1S03,02/04/2017,7.22,,,98,39,2.03,,
1S03A,02/04/2017,7.23,,,95,39,2.38,,
1S03B,02/04/2017,7.63,,,98,39,1.93,,
1SCH3,02/04/2017,7.28,,,533,40,2.29,,
1SCL1,02/04/2017,7.3,,,533,41,1.96,,
1S03,03/04/2017,7.34,,,102,41,1.96,,
1S03A,03/04/2017,7.37,,,99,40,1.98,,
1S03B,03/04/2017,7.47,,,105,39,2,,
1S03,04/04/2017,7.23,,,105,42,2.03,,
1S03A,04/04/2017,7.25,14.3,6.3,102,42,2.22,0,0.007
1S03B,04/04/2017,7.46,15.6,6.21,105,42,1.93,0,0.005
1S07*,04/04/2017,7.31,14.6,6.26,103,41,1.9,0,0.005
1S03,05/04/2017,7.21,,,105,50,2.23,,
1S03A,05/04/2017,7.29,,,103,51,2.25,,
1S03B,05/04/2017,7.5,,,108,51,2.2,,
1S03,06/04/2017,7.26,,,102,55,1.82,,
1S03A,06/04/2017,7.29,,,99,55,2.12,,
1S03B,06/04/2017,7.47,,,103,55,1.87,,
1S03,01/05/2017,7.28,,,97,41,2.12,,
1S03A,01/05/2017,7.26,,,95,42,2.16,,
1S03B,01/05/2017,7.42,,,96,41,2.02,,
1SCH3,01/05/2017,7.26,,,514,42,2.35,,
1SCL1,01/05/2017,7.31,,,516,44,2.08,,
1S03,02/05/2017,7.26,,,98,39,2.06,,
1S03A,02/05/2017,7.19,,,95,40,2.11,,
1S03B,02/05/2017,7.51,,,98,39,1.83,,
1SCH3,02/05/2017,7.22,,,531,39,2.25,,
1SCL1,02/05/2017,7.29,,,534,40,2.13,,
1S03,03/05/2017,7.29,,,102,39,1.86,,
1S03A,03/05/2017,7.28,,,98,39,2.18,,
1S03B,03/05/2017,7.44,,,101,39,2.08,,
1S03,04/05/2017,7.26,,,104,41,2.05,,
1S03A,04/05/2017,7.23,,,100,42,2.1,,
1S03B,04/05/2017,7.49,,,105,42,2.08,,
1S03,05/05/2017,7.31,,,107,51,1.88,,
1S03A,05/05/2017,7.35,,,103,51,2.06,,
1S03B,05/05/2017,7.56,,,109,50,1.9,,
1S03,06/05/2017,7.43,,,101,56,1.96,,
1S03A,06/05/2017,7.32,,,99,55,2.06,,
1S03B,06/05/2017,7.43,,,101,55,1.95,,
1S03,01/06/2017,7.35,,,97,41,2.24,,
1S03A,01/06/2017,7.23,,,93,42,2.19,,
1S03B,01/06/2017,7.44,,,97,42,1.85,,
1SCH3,01/06/2017,7.23,,,513,42,2.34,,
1SCL1,01/06/2017,7.24,,,513,43,2.3,,
1S03,02/06/2017,7.21,,,97,39,2.06,,
1S03A,02/06/2017,7.31,,,97,40,2.26,,
1S03B,02/06/2017,7.52,,,100,40,1.81,,
1SCH3,02/06/2017,7.21,,,532,40,2.21,,
1SCL1,02/06/2017,7.28,,,531,41,1.92,,
1S03,03/06/2017,7.33,,,102,39,2.2,,
1S03A,03/06/2017,7.31,,,100,40,1.99,,
1S03B,03/06/2017,7.43,,,104,39,1.86,,
1S03,04/06/2017,7.28,,,101,41,2.04,,
1S03A,04/06/2017,7.34,,,101,42,2.08,,
1S03B,04/06/2017,7.54,,,105,42,1.98,,
1S03,05/06/2017,7.37,,,107,52,1.94,,
1S03A,05/06/2017,7.23,,,104,52,2.27,,
1S03B,05/06/2017,7.55,,,109,52,2.09,,
1S03,06/06/2017,7.33,,,102,56,2.04,,
1S03A,06/06/2017,7.32,14.6,5.99,98,55,2.24,0,0.007
1S03B,06/06/2017,7.43,15.6,5.97,102,55,2.04,0,0.008
1S07*,06/06/2017,7.39,15,5.97,98,55,2.04,0,0.005
1S03,01/07/2017,7.42,,,96,41,1.99,,
1S03A,01/07/2017,7.28,,,92,41,2.44,,
1S03B,01/07/2017,7.4,,,95,41,1.65,,
1SCH3,01/07/2017,7.4,,,509,42,2.16,,
1SCL1,01/07/2017,7.33,,,512,42,2.06,,
1S03,02/07/2017,7.21,15.6,6.44,99,39,2.19,0,0.008
1S03A,02/07/2017,7.32,15.7,6.48,98,39,2.29,0,0.004
1S03B,02/07/2017,7.45,16.8,6.46,101,39,2.05,0,0.005
1S07*,02/07/2017,7.36,18.9,8.05,129,40,2.02,0,0.004
1SCH3,02/07/2017,7.25,65.9,30.1,537,39,2.3,0,0.011
1SCL1,02/07/2017,7.2,65.3,29.8,534,40,2.11,0,0.004
1S03,03/07/2017,7.35,,,103,42,2.22,,
1S03A,03/07/2017,7.32,15.8,6.93,99,40,2.14,0,0.004
1S03B,03/07/2017,7.48,17.1,6.8,103,39,2.05,0,0.004
1S07*,03/07/2017,7.38,16.3,6.87,104,41,1.79,0,0.005
1S03,04/07/2017,7.38,,,105,42,2.21,,
1S03A,04/07/2017,7.14,,,114,41,2.13,,
1S03B,04/07/2017,7.47,,,113,41,2.17,,
1S03,05/07/2017,7.36,,,108,51,2.11,,
1S03A,05/07/2017,7.34,,,104,50,1.96,,
1S03B,05/07/2017,7.56,,,109,53,2.06,,
1S03,06/07/2017,7.31,,,101,56,2.07,,
1S03A,06/07/2017,7.33,,,99,56,2.2,,
1S03B,06/07/2017,7.51,,,103,55,2.1,,
1S03,01/08/2017,7.28,,,95,41,1.89,,
1S03A,01/08/2017,7.26,,,94,42,2.01,,
1S03B,01/08/2017,7.36,,,95,42,2.21,,
1SCH3,01/08/2017,7.21,,,510,43,2.27,,
1SCL1,01/08/2017,7.24,,,510,42,2.13,,
1S03,02/08/2017,7.37,,,99,39,2.09,,
1S03A,02/08/2017,7.31,,,98,40,2.28,,
1S03B,02/08/2017,7.48,,,101,40,1.96,,
1SCH3,02/08/2017,7.34,,,538,39,2.2,,
1SCL1,02/08/2017,7.29,,,538,40,2.05,,
1S03,03/08/2017,7.22,,,102,42,2.13,,
1S03A,03/08/2017,6.79,,,93,41,2.23,,
1S03B,03/08/2017,7.35,,,101,42,2.29,,
1S03,04/08/2017,7.35,,,107,41,2.25,,
1S03A,04/08/2017,7.21,,,103,42,2.16,,
1S03B,04/08/2017,7.35,,,109,43,2.04,,
1S03,05/08/2017,7.29,,,108,51,2.08,,
1S03A,05/08/2017,7.26,,,104,51,2.17,,
1S03B,05/08/2017,7.57,,,108,51,1.99,,
1S03,06/08/2017,7.37,,,102,57,2,,
1S03A,06/08/2017,7.28,,,97,55,2.15,,
1S03B,06/08/2017,7.39,,,102,55,1.97,,
1S03,01/09/2017,7.38,,,97,40,2.04,,
1S03A,01/09/2017,7.19,,,94,40,2.18,,
1S03B,01/09/2017,7.38,,,96,40,1.88,,
1SCH3,01/09/2017,7.32,,,500,41,2.35,,
1SCL1,01/09/2017,7.33,,,514,41,2.18,,
1S03,02/09/2017,7.28,,,96,41,2.29,,
1S03A,02/09/2017,7.34,,,96,40,2.24,,
1S03B,02/09/2017,7.63,,,98,40,1.67,,
1SCH3,02/09/2017,7.24,,,536,40,2.16,,
1SCL1,02/09/2017,7.25,,,535,41,2,,
1S03,03/09/2017,7.26,,,100,42,2.14,,
1S03A,03/09/2017,7.28,,,101,41,2.23,,
1S03B,03/09/2017,7.46,,,105,41,2.11,,
1S03,04/09/2017,7.32,,,108,43,1.92,,
1S03A,04/09/2017,7.2,,,102,42,2.21,,
1S03B,04/09/2017,7.4,,,107,43,2,,
1S03,05/09/2017,7.29,,,107,51,2.08,,
1S03A,05/09/2017,7.23,,,103,52,2.14,,
1S03B,05/09/2017,7.54,,,110,51,2.01,,
1S03,06/09/2017,7.4,,,101,56,2.03,,
1S03A,06/09/2017,7.37,,,97,58,2.21,,
1S03B,06/09/2017,7.46,,,102,56,2.03,,
1S03,01/10/2017,7.36,,,94,39,2.36,,
1S03A,01/10/2017,7.36,,,94,40,2.29,,
1S03B,01/10/2017,7.47,,,97,40,2.12,,
1SCH3,01/10/2017,7.31,,,512,41,2.29,,
1SCL1,01/10/2017,7.25,,,515,42,2.22,,
1S03,02/10/2017,7.35,,,99,37,2.21,,
1S03A,02/10/2017,7.31,,,98,40,2.03,,
1S03B,02/10/2017,7.49,,,100,39,1.75,,
1SCH3,02/10/2017,7.32,,,545,39,2.35,,
1SCL1,02/10/2017,7.31,,,543,40,2.01,,
1S03,03/10/2017,7.28,,,102,42,1.93,,
1S03A,03/10/2017,7.24,,,101,39,2.23,,
1S03B,03/10/2017,7.39,,,103,39,2.26,,
1S03,04/10/2017,7.3,,,106,45,2.15,,
1S03A,04/10/2017,7.3,,,101,44,2.1,,
1S03B,04/10/2017,7.4,,,107,43,2.13,,
1S03,05/10/2017,7.29,,,108,51,2.13,,
1S03A,05/10/2017,7.26,,,102,52,2.05,,
1S03B,05/10/2017,7.61,,,109,52,2.03,,
1S03,06/10/2017,7.36,,,100,56,2.06,,
1S03A,06/10/2017,7.38,,,97,57,2.02,,
1S03B,06/10/2017,7.44,,,100,57,1.98,,
1S03,01/11/2017,7.2,,,95,40,2.23,,
1S03A,01/11/2017,7.34,,,93,43,2.24,,
1S03B,01/11/2017,7.47,,,97,41,1.9,,
1SCH3,01/11/2017,7.36,,,512,40,2.41,,
1SCL1,01/11/2017,7.25,,,512,41,2.17,,
1S03,02/11/2017,7.36,,,99,38,1.92,,
1S03A,02/11/2017,7.22,,,97,38,2.22,,
1S03B,02/11/2017,7.73,,,99,38,1.78,,
1SCH3,02/11/2017,7.16,,,535,40,2.16,,
1SCL1,02/11/2017,7.24,,,533,41,2.03,,
1S03,03/11/2017,7.31,,,104,39,1.97,,
1S03A,03/11/2017,7.22,,,101,39,2.2,,
1S03B,03/11/2017,7.44,,,106,39,2.03,,
1S03,04/11/2017,7.33,,,106,44,1.93,,
1S03A,04/11/2017,7.28,,,102,44,2.17,,
1S03B,04/11/2017,7.48,,,106,45,2.14,,
1S03,05/11/2017,7.4,,,107,52,1.9,,
1S03A,05/11/2017,7.27,,,103,52,2.14,,
1S03B,05/11/2017,7.7,,,110,52,1.98,,
1S03,06/11/2017,7.38,,,99,57,1.93,,
1S03A,06/11/2017,7.32,,,96,58,2.13,,
1S03B,06/11/2017,7.52,,,98,57,2,,
1S03,01/12/2017,7.28,,,96,42,1.99,,
1S03A,01/12/2017,7.35,,,95,42,2.21,,
1S03B,01/12/2017,7.48,,,100,42,2.01,,
1SCH3,01/12/2017,7.27,,,508,41,2.33,,
1SCL1,01/12/2017,7.25,,,518,41,2.07,,
1S03,02/12/2017,7.28,,,100,40,1.87,,
1S03A,02/12/2017,7.25,,,96,39,2.29,,
1S03B,02/12/2017,7.59,,,100,37,1.62,,
1SCH3,02/12/2017,7.17,,,542,41,2.17,,
1SCL1,02/12/2017,7.25,,,541,40,1.99,,
1S03,03/12/2017,7.26,,,102,42,1.88,,
1S03A,03/12/2017,7.29,,,102,40,2.11,,
1S03B,03/12/2017,7.46,,,105,40,2.03,,
1S03,04/12/2017,7.28,,,103,45,1.95,,
1S03A,04/12/2017,7.3,,,101,45,2.07,,
1S03B,04/12/2017,7.52,,,106,46,2.12,,
1S03,05/12/2017,7.34,,,107,52,2.09,,
1S03A,05/12/2017,7.26,,,102,52,2.15,,
1S03B,05/12/2017,7.62,,,107,52,2.09,,
1S03,06/12/2017,7.27,,,99,59,1.99,,
1S03A,06/12/2017,7.31,,,96,58,2.06,,
1S03B,06/12/2017,7.45,,,98,57,2.07,,
1S03,01/01/2018,7.27,,,95,39,2.02,,
1S03A,01/01/2018,7.34,,,94,40,2.24,,
1S03B,01/01/2018,7.45,,,94,42,2.1,,
1S03,02/01/2018,7.2,,,93,37,2,,
1S03A,02/01/2018,7.16,,,90,37,2.17,,
1S03B,02/01/2018,7.37,,,92,36,2.07,,
1S03,03/01/2018,7.2,,,97,39,2.31,,
1S03A,03/01/2018,7.25,,,96,40,2.29,,
1S03B,03/01/2018,7.38,,,101,40,2.09,,
1S03,04/01/2018,7.41,,,106,41,2.13,,
1S03A,04/01/2018,7.26,,,102,43,2.22,,
1S03B,04/01/2018,7.45,,,106,44,1.87,,
1S03,05/01/2018,7.26,14.4,6.57,108,47,2.14,0,0.011
1S03A,05/01/2018,7.25,14.2,6.53,105,48,2.13,0,0.005
1S03B,05/01/2018,7.52,15.5,6.56,109,47,2.07,0,0.005
1S07*,05/01/2018,7.2,14.3,6.51,105,47,2.02,0,0.005
1S03,06/01/2018,7.42,,,100,54,2,,
1S03A,06/01/2018,7.29,,,98,54,2.15,,
1S03B,06/01/2018,7.38,,,101,54,1.96,,
1SCL1,06/01/2018,7.39,,,516,52,2.19,,
1S03,07/01/2018,7.35,,,92,58,1.96,,
1S03A,07/01/2018,7.4,,,90,59,2.19,,
1S03B,07/01/2018,7.53,,,93,59,2,,
1SCL1,07/01/2018,7.35,,,501,54,2.29,,
1S03,08/01/2018,7.44,,,95,63,1.85,,
1S03A,08/01/2018,7.47,,,94,64,2.13,,
1S03B,08/01/2018,7.74,,,95,64,2.04,,
1SCL1,08/01/2018,7.37,,,505,59,2.28,,
1S03,09/01/2018,7.43,,,95,65,2.03,,
1S03A,09/01/2018,7.43,,,93,65,2.03,,
1S03B,09/01/2018,7.61,,,96,65,2.06,,
1S03,10/01/2018,7.32,,,91,62,2.03,,
1S03A,10/01/2018,7.45,,,93,62,2.08,,
1S03B,10/01/2018,7.55,,,93,61,2.2,,
1SCL1,10/01/2018,7.32,,,498,65,1.93,,
1S03,11/01/2018,7.35,,,100,57,1.95,,
1S03A,11/01/2018,7.4,,,101,57,2.05,,
1S03B,11/01/2018,7.5,,,102,57,1.89,,
1SCL1,11/01/2018,7.22,,,297,59,1.92,,
1S03,12/01/2018,7.31,,,112,46,1.93,,
1S03A,12/01/2018,7.33,,,110,46,2.28,,
1S03B,12/01/2018,7.41,,,112,46,1.99,,
1SCH3,12/01/2018,7.21,,,464,47,1.98,,
1SCL1,12/01/2018,7.23,,,467,48,1.95,,
1S03,01/02/2018,7.3,,,92,39,2.04,,
1S03A,01/02/2018,7.3,,,92,40,1.94,,
1S03B,01/02/2018,7.38,,,94,40,1.94,,
1S03,02/02/2018,7.23,,,95,38,1.98,,
1S03A,02/02/2018,7.29,,,92,37,2.28,,
1S03B,02/02/2018,7.45,,,96,38,2.17,,
1S03,03/02/2018,7.22,,,98,42,2.25,,
1S03A,03/02/2018,7.2,,,95,41,2.26,,
1S03B,03/02/2018,7.31,,,100,41,2.29,,
1S03,04/02/2018,7.29,,,104,43,1.95,,
1S03A,04/02/2018,7.25,,,104,42,2.11,,
1S03B,04/02/2018,7.26,,,107,40,2.03,,
1S03,05/02/2018,7.33,,,107,48,1.9,,
1S03A,05/02/2018,7.34,,,104,49,2.19,,
1S03B,05/02/2018,7.53,,,109,49,2.05,,
1S03,06/02/2018,7.34,,,99,55,1.9,,
1S03A,06/02/2018,7.32,,,95,55,2.23,,
1S03B,06/02/2018,7.46,,,98,55,2.07,,
1SCL1,06/02/2018,7.39,,,513,52,2.28,,
1S03,07/02/2018,7.38,,,90,59,1.92,,
1S03A,07/02/2018,7.38,,,89,59,1.98,,
1S03B,07/02/2018,7.43,,,92,60,1.88,,
1SCL1,07/02/2018,7.4,,,509,54,2.26,,
1S03,08/02/2018,7.38,,,94,64,2.28,,
1S03A,08/02/2018,7.5,,,94,64,2.13,,
1S03B,08/02/2018,7.63,,,96,64,2.09,,
1SCL1,08/02/2018,7.35,,,501,59,2.22,,
1S03,09/02/2018,7.4,,,95,65,2.04,,
1S03A,09/02/2018,7.46,,,93,65,1.99,,
1S03B,09/02/2018,7.65,,,96,65,1.89,,
1S03,10/02/2018,7.3,,,92,62,2.23,,
1S03A,10/02/2018,7.38,,,90,64,2.21,,
1S03B,10/02/2018,7.66,,,92,63,2.06,,
1SCH3,10/02/2018,7.25,,,523,66,2.16,,
1SCL1,10/02/2018,7.28,,,525,66,1.99,,
1S03,11/02/2018,7.43,,,101,56,1.93,,
1S03A,11/02/2018,7.43,,,100,57,2.35,,
1S03B,11/02/2018,7.45,,,102,57,2.09,,
1SCL1,11/02/2018,7.2,,,323,59,1.88,,
1S03,12/02/2018,7.37,,,112,47,1.82,,
1S03A,12/02/2018,7.27,,,111,48,2.12,,
1S03B,12/02/2018,7.36,,,112,48,1.99,,
1SCH3,12/02/2018,7.21,,,464,48,1.9,,
1SCL1,12/02/2018,7.22,,,464,49,1.92,,
10250**,01/03/2018,7.21,16.4,6.2,90,38,2.06,0,0.006
1S03,01/03/2018,7.31,,,93,38,2.13,,
1S03A,01/03/2018,7.35,16.7,6.09,92,40,1.89,0,0.005
1S03B,01/03/2018,7.43,17,6.19,92,41,2.05,0,0.004
1S03,02/03/2018,7.26,,,94,37,1.93,,
1S03A,02/03/2018,7.25,,,92,36,2,,
1S03B,02/03/2018,7.45,,,95,37,2.09,,
1S03,03/03/2018,7.14,,,98,39,1.86,,
1S03A,03/03/2018,7.24,,,88,40,2.02,,
1S03B,03/03/2018,7.26,,,97,39,2.06,,
1S03,04/03/2018,7.14,,,105,40,2.4,,
1S03A,04/03/2018,7.26,15.6,6.3,103,41,2.25,0,0.004
1S03B,04/03/2018,7.29,16.2,6.36,107,42,2.05,0,0.005
1S07*,04/03/2018,7.28,15.6,6.28,103,41,2.21,0,0.004
1S03,05/03/2018,7.25,,,105,48,2.08,,
1S03A,05/03/2018,7.31,,,101,49,2.31,,
1S03B,05/03/2018,7.49,,,107,50,2.39,,
1S03,06/03/2018,7.37,,,99,55,2.21,,
1S03A,06/03/2018,7.34,,,95,55,2.08,,
1S03B,06/03/2018,7.48,,,99,55,1.87,,
1SCL1,06/03/2018,7.37,,,434,53,2.2,,
1S03,07/03/2018,7.35,,,92,59,1.95,,
1S03A,07/03/2018,7.43,,,91,61,2.05,,
1S03B,07/03/2018,7.56,,,92,60,2.08,,
1SCL1,07/03/2018,7.34,,,504,54,2.27,,
1S03,08/03/2018,7.45,,,94,64,1.97,,
1S03A,08/03/2018,7.47,,,94,65,2.08,,
1S03B,08/03/2018,7.64,,,96,64,1.95,,
1SCL1,08/03/2018,7.42,,,505,59,2.31,,
1S03,09/03/2018,7.39,,,95,65,1.9,,
1S03A,09/03/2018,7.4,,,93,65,2.03,,
1S03B,09/03/2018,7.51,,,96,65,2.02,,
1S03,10/03/2018,7.3,,,95,64,1.89,,
1S03A,10/03/2018,7.52,17.9,5.63,92,64,2.07,0,0.008
1S03B,10/03/2018,7.66,18.7,5.51,95,64,1.86,0,0.008
1S07*,10/03/2018,7.48,18.3,5.48,93,65,1.97,0,0.005
1SCH3,10/03/2018,7.32,79.9,29.4,521,66,2.29,0,0.088
1SCL1,10/03/2018,7.31,79.2,29.4,518,66,2.08,0,0.017
1S03,11/03/2018,7.35,,,104,57,1.96,,
1S03A,11/03/2018,7.34,,,104,57,2.15,,
1S03B,11/03/2018,7.42,,,105,57,1.91,,
1SCL1,11/03/2018,7.19,,,378,60,1.98,,
1S03,12/03/2018,7.39,,,109,47,2.08,,
1S03A,12/03/2018,7.28,,,109,47,2.37,,
1S03B,12/03/2018,7.45,,,111,47,2.3,,
1SCH3,12/03/2018,7.12,,,465,48,2.06,,
1SCL1,12/03/2018,7.23,,,465,49,2.04,,
19000**,01/04/2018,7.26,,,92,42,2.16,,
1S03,01/04/2018,7.22,,,92,39,2.1,,
1S03B,01/04/2018,7.37,,,92,39,2.13,,
1S03,02/04/2018,7.29,,,94,38,1.98,,
1S03A,02/04/2018,7.33,,,91,37,2.14,,
1S03B,02/04/2018,7.37,,,91,37,2.02,,
1S03,03/04/2018,7.26,,,94,39,2.06,,
1S03A,03/04/2018,7.25,,,87,38,2.09,,
1S03B,03/04/2018,7.33,,,95,38,1.95,,
1S03,04/04/2018,7.24,,,106,40,2.18,,
1S03A,04/04/2018,7.31,,,104,41,2.22,,
1S03B,04/04/2018,7.4,,,107,40,2.18,,
1S03,05/04/2018,7.27,,,107,50,1.87,,
1S03A,05/04/2018,7.31,,,101,53,2.1,,
1S03B,05/04/2018,7.47,,,107,53,1.97,,
1S03,06/04/2018,7.25,,,97,54,2.07,,
1S03A,06/04/2018,7.33,,,96,54,2.22,,
1S03B,06/04/2018,7.42,,,99,55,2.1,,
1SCL1,06/04/2018,7.4,,,514,51,2.26,,
1S03,07/04/2018,7.53,,,91,60,1.58,,
1S03A,07/04/2018,7.33,,,90,60,2.15,,
1S03B,07/04/2018,7.48,,,92,59,2.15,,
1SCL1,07/04/2018,7.37,,,510,55,2.41,,
1S03,08/04/2018,7.35,,,95,64,2.03,,
1S03A,08/04/2018,7.47,,,94,64,2.08,,
1S03B,08/04/2018,7.55,,,96,65,2.12,,
1SCL1,08/04/2018,7.36,,,499,60,2.33,,
1S03,09/04/2018,7.35,,,94,66,1.97,,
1S03A,09/04/2018,7.36,,,93,65,2.04,,
1S03B,09/04/2018,7.5,,,96,65,2.06,,
1S03,10/04/2018,7.3,,,94,64,2,,
1S03A,10/04/2018,7.34,,,95,63,2.11,,
1S03B,10/04/2018,7.56,,,96,64,1.75,,
1SCH3,10/04/2018,7.34,,,519,66,2.28,,
1SCL1,10/04/2018,7.35,,,520,66,1.95,,
1S03,11/04/2018,7.24,,,106,56,2.06,,
1S03A,11/04/2018,7.36,,,105,56,2.08,,
1S03B,11/04/2018,7.45,,,107,57,1.79,,
1SCL1,11/04/2018,7.23,,,356,59,1.98,,
1S03,12/04/2018,7.32,,,112,46,1.87,,
1S03A,12/04/2018,7.34,17.5,6.17,109,47,2.09,0,0.005
1S03B,12/04/2018,7.28,17.7,6.36,114,46,2.04,0,0.006
1S07*,12/04/2018,7.38,17.6,6.23,109,47,1.82,0,0.005
1SCH3,12/04/2018,7.29,70.1,27.1,464,47,2.03,0,0.053
1SCL1,12/04/2018,7.21,70.4,27.5,467,48,2.01,0,0.008
12150**,01/05/2018,7.29,,,92,38,2.18,,
1S03,01/05/2018,7.31,,,94,37,1.92,,
1S03B,01/05/2018,7.31,,,94,36,2.03,,
1S03,02/05/2018,7.29,,,92,38,1.97,,
1S03A,02/05/2018,7.33,,,92,36,2.19,,
1S03B,02/05/2018,7.43,,,96,36,2.18,,
1S03,03/05/2018,7.13,,,96,39,2.05,,
1S03A,03/05/2018,7.27,,,92,39,2.16,,
1S03B,03/05/2018,7.36,,,95,39,1.93,,
1S03,04/05/2018,7.19,,,105,40,2.09,,
1S03A,04/05/2018,7.3,,,103,42,2.31,,
1S03B,04/05/2018,7.33,,,106,40,2.26,,
1S03,05/05/2018,7.27,,,106,49,2.07,,
1S03A,05/05/2018,7.28,,,101,49,2.18,,
1S03B,05/05/2018,7.31,,,105,49,1.99,,
1S03,06/05/2018,7.26,,,98,54,2.18,,
1S03A,06/05/2018,7.32,14.5,5.82,95,55,2.22,0,0.005
1S03B,06/05/2018,7.45,15.1,5.76,98,55,2.15,0,0.006
1S07*,06/05/2018,7.34,14.3,5.73,98,56,2.15,0,0.006
1SCL1,06/05/2018,7.45,58.1,26.9,450,53,2.29,0,0.012
1S03,07/05/2018,7.32,,,89,59,1.99,,
1S03A,07/05/2018,7.36,,,89,60,2.06,,
1S03B,07/05/2018,7.45,,,91,60,1.96,,
1SCL1,07/05/2018,7.32,,,498,54,1.95,,
1S03,08/05/2018,7.35,,,95,65,2.17,,
1S03A,08/05/2018,7.38,,,93,65,2.12,,
1S03B,08/05/2018,7.44,,,95,65,2.04,,
1SCL1,08/05/2018,7.42,,,501,60,2.06,,
1S03,09/05/2018,7.32,,,95,68,2.02,,
1S03A,09/05/2018,7.41,17.3,5.56,93,66,2.08,0,0.005
1S03B,09/05/2018,7.56,18.4,5.68,97,66,1.79,0,0.005
1S07*,09/05/2018,7.4,17.5,5.7,95,67,2.03,0,0.007
1S03,10/05/2018,7.25,,,94,63,1.96,,
1S03A,10/05/2018,7.31,,,90,62,2.18,,
1S03B,10/05/2018,7.53,,,95,63,1.98,,
1SCH3,10/05/2018,7.33,,,518,66,2.22,,
1SCL1,10/05/2018,7.39,,,522,67,2.25,,
1S03,11/05/2018,7.28,,,106,55,1.96,,
1S03A,11/05/2018,7.1,,,107,56,2.12,,
1S03B,11/05/2018,7.43,,,107,55,2.07,,
1SCL1,11/05/2018,7.23,,,408,59,1.93,,
1S03,12/05/2018,7.21,,,110,46,2.12,,
1S03A,12/05/2018,7.35,,,109,45,1.91,,
1S03B,12/05/2018,7.42,,,111,45,2.04,,
1SCH3,12/05/2018,7.22,,,463,48,2.04,,
1SCL1,12/05/2018,7.36,,,474,50,2.08,,
12150**,01/06/2018,7.38,,,91,37,2.38,,
1S03,01/06/2018,7.27,,,93,37,1.97,,
1S03B,01/06/2018,7.49,,,93,37,2.42,,
1S03,02/06/2018,7.28,16.3,6.07,94,39,2.07,0,0.009
1S03A,02/06/2018,7.3,15.7,6.15,92,37,2.04,0,0.005
1S03B,02/06/2018,7.49,17.1,6.35,95,38,1.98,0,0.005
1S07*,02/06/2018,7.26,16.3,6.09,93,36,1.96,0,0.004
1S03,03/06/2018,7.3,,,95,41,1.9,,
1S03A,03/06/2018,7.34,16,6.52,100,40,2.17,0,0.004
1S03B,03/06/2018,7.33,15.9,6.04,98,40,2.02,0,0.005
1S07*,03/06/2018,7.19,14.6,6,94,40,2.22,0,0.005
1S03,04/06/2018,7.22,,,107,41,2.24,,
1S03A,04/06/2018,7.38,,,105,41,2.25,,
1S03B,04/06/2018,7.41,,,108,40,2.13,,
1S03,05/06/2018,7.34,,,105,50,1.88,,
1S03A,05/06/2018,7.31,,,102,50,2.18,,
1S03B,05/06/2018,7.43,,,105,50,2.13,,
1S03,06/06/2018,7.25,,,98,54,2.13,,
1S03A,06/06/2018,7.38,,,96,55,2.12,,
1S03B,06/06/2018,7.43,,,99,54,1.95,,
1SCL1,06/06/2018,7.39,,,513,51,2.17,,
1S03,07/06/2018,7.21,,,91,59,2.03,,
1S03A,07/06/2018,7.4,,,89,60,2.13,,
1S03B,07/06/2018,7.55,,,91,60,2.09,,
1SCL1,07/06/2018,7.32,,,515,56,2.49,,
1S03,08/06/2018,7.39,,,94,64,2.03,,
1S03A,08/06/2018,7.41,,,93,64,2.09,,
1S03B,08/06/2018,7.57,,,94,64,2.15,,
1SCL1,08/06/2018,7.34,,,450,60,2.49,,
1S03,09/06/2018,7.47,,,96,66,2.04,,
1S03A,09/06/2018,7.35,,,93,67,2.12,,
1S03B,09/06/2018,7.56,,,95,66,2.07,,
1S03,10/06/2018,7.37,,,96,62,1.89,,
1S03A,10/06/2018,7.35,,,96,62,2.08,,
1S03B,10/06/2018,7.55,,,97,62,2.05,,
1SCH3,10/06/2018,7.3,,,519,66,2.27,,
1SCL1,10/06/2018,7.37,,,517,66,2.06,,
1S03,11/06/2018,7.46,,,109,55,1.98,,
1S03A,11/06/2018,7.37,,,108,56,2.14,,
1S03B,11/06/2018,7.48,,,111,55,2.1,,
1SCL1,11/06/2018,7.25,,,401,59,1.99,,
1S03,12/06/2018,7.31,,,110,45,2.2,,
1S03A,12/06/2018,7.33,,,107,45,2.2,,
1S03B,12/06/2018,7.51,,,110,45,1.54,,
1SCH3,12/06/2018,7.25,,,461,46,1.76,,
1SCL1,12/06/2018,7.29,,,456,47,1.75,,
12150**,01/07/2018,7.32,,,92,39,2.07,,
1S03,01/07/2018,7.29,,,93,36,1.89,,
1S03B,01/07/2018,7.4,,,94,39,1.96,,
1S03,02/07/2018,7.29,,,94,38,2.07,,
1S03A,02/07/2018,7.32,,,92,36,2.22,,
1S03B,02/07/2018,7.43,,,94,36,1.91,,
1S03,03/07/2018,7.2,,,103,39,2.12,,
1S03A,03/07/2018,7.25,,,101,39,2.15,,
1S03B,03/07/2018,7.42,,,101,39,2.23,,
1S03,04/07/2018,7.2,,,107,42,2.22,,
1S03A,04/07/2018,7.35,,,104,41,2.18,,
1S03B,04/07/2018,7.45,,,106,41,2.04,,
1S03,05/07/2018,7.2,,,106,49,2.16,,
1S03A,05/07/2018,7.3,,,102,51,2.15,,
1S03B,05/07/2018,7.44,,,106,51,1.99,,
1S03,06/07/2018,7.4,,,96,55,2.13,,
1S03A,06/07/2018,7.43,,,95,54,2.11,,
1S03B,06/07/2018,7.45,,,97,54,2.03,,
1SCL1,06/07/2018,7.34,,,513,52,2.39,,
1S03,07/07/2018,7.25,,,91,59,2.03,,
1S03A,07/07/2018,7.37,,,92,59,2.07,,
1S03B,07/07/2018,7.45,,,93,60,2.04,,
1SCL1,07/07/2018,7.36,,,508,55,2.19,,
1S03,08/07/2018,7.41,16.8,5.58,95,65,1.7,0,0.011
1S03A,08/07/2018,7.41,16.8,5.63,93,65,2,0,0.005
1S03B,08/07/2018,7.6,17.6,5.55,95,64,2.07,0,0.005
1S07*,08/07/2018,7.43,16.7,5.6,94,65,2.02,0,0.006
1SCL1,08/07/2018,7.32,70.6,26.8,498,60,2.22,0,0.006
1S03,09/07/2018,7.38,,,94,66,2.03,,
1S03A,09/07/2018,7.39,,,92,66,2.13,,
1S03B,09/07/2018,7.55,,,96,66,2.16,,
1S03,10/07/2018,7.38,,,97,62,2.15,,
1S03A,10/07/2018,7.21,,,95,62,2.43,,
1S03B,10/07/2018,7.48,,,97,62,2.22,,
1SCH3,10/07/2018,7.32,,,511,66,2.41,,
1SCL1,10/07/2018,7.37,,,509,66,2.29,,
1S03,11/07/2018,7.29,17.2,6.29,109,55,2,0,0.012
1S03A,11/07/2018,7.35,17.6,6.5,108,55,2.25,0,0.006
1S03B,11/07/2018,7.45,18.1,6.3,111,55,2.05,0,0.006
1S07*,11/07/2018,7.41,17.6,6.44,107,55,2.04,0,0.005
1SCL1,11/07/2018,7.28,60.9,22,399,58,1.97,0,0.012
1S03,12/07/2018,7.25,,,110,45,2.11,,
1S03A,12/07/2018,7.29,,,108,45,2.13,,
1S03B,12/07/2018,7.35,,,109,45,2.07,,
1SCH3,12/07/2018,7.27,,,459,45,1.82,,
1SCL1,12/07/2018,7.28,,,462,47,1.88,,
1S03,01/08/2018,7.24,,,93,37,2.19,,
1S03A,01/08/2018,7.35,,,91,37,2.17,,
1S03B,01/08/2018,7.37,,,92,37,2.05,,
1S03,02/08/2018,7.27,,,95,36,1.96,,
1S03A,02/08/2018,7.34,,,93,36,2.17,,
1S03B,02/08/2018,7.49,,,96,36,2.08,,
1S03,03/08/2018,7.11,,,102,39,2.12,,
1S03A,03/08/2018,7.3,,,103,39,2.26,,
1S03B,03/08/2018,7.29,,,103,39,2.15,,
1S03,04/08/2018,7.25,,,109,40,2.18,,
1S03A,04/08/2018,7.35,,,104,41,2.23,,
1S03B,04/08/2018,7.44,,,109,41,2.08,,
1S03,05/08/2018,7.27,,,106,52,2.1,,
1S03A,05/08/2018,7.25,,,100,50,2.23,,
1S03B,05/08/2018,7.44,,,106,50,2.05,,
1S03,06/08/2018,7.31,,,97,54,1.88,,
1S03A,06/08/2018,7.4,,,95,55,2.11,,
1S03B,06/08/2018,7.48,,,98,55,1.92,,
1SCL1,06/08/2018,7.41,,,512,53,2.31,,
1S03,07/08/2018,7.32,,,91,60,1.68,,
1S03A,07/08/2018,7.36,,,91,59,2.17,,
1S03B,07/08/2018,7.45,,,92,60,1.94,,
1SCL1,07/08/2018,7.34,,,487,56,2.38,,
1S03,08/08/2018,7.37,,,94,64,1.97,,
1S03A,08/08/2018,7.4,,,92,64,2.14,,
1S03B,08/08/2018,7.62,,,96,65,2.11,,
1SCL1,08/08/2018,7.36,,,502,60,2.28,,
1S03,09/08/2018,7.48,,,96,66,2.01,,
1S03A,09/08/2018,7.32,,,93,65,2.03,,
1S03B,09/08/2018,7.54,,,97,66,1.82,,
1S03,10/08/2018,7.36,,,97,63,2.03,,
1S03A,10/08/2018,7.3,,,97,62,2.09,,
1S03B,10/08/2018,7.45,,,98,62,1.99,,
1SCH3,10/08/2018,7.29,,,502,66,2.16,,
1SCL1,10/08/2018,7.36,,,502,66,2.13,,
1S03,11/08/2018,7.29,,,111,55,1.98,,
1S03A,11/08/2018,7.27,,,113,55,2.12,,
1S03B,11/08/2018,7.36,,,113,55,2.21,,
1SCL1,11/08/2018,7.21,,,401,58,1.99,,
1S03,12/08/2018,7.2,,,109,44,2.38,,
1S03A,12/08/2018,7.2,,,108,45,2.3,,
1S03B,12/08/2018,7.5,,,109,44,2.05,,
1SCH3,12/08/2018,7.3,,,457,45,1.93,,
1SCL1,12/08/2018,7.3,,,458,46,1.93,,
1S03,01/09/2018,7.17,,,91,36,2.13,,
1S03A,01/09/2018,7.31,,,88,37,2.17,,
1S03B,01/09/2018,7.35,,,89,37,2.26,,
1S03,02/09/2018,7.3,,,94,37,2.06,,
1S03A,02/09/2018,7.37,,,93,35,2.22,,
1S03B,02/09/2018,7.54,,,96,36,1.98,,
1S03,03/09/2018,7.23,,,103,39,2.08,,
1S03A,03/09/2018,7.27,,,98,42,2.33,,
1S03B,03/09/2018,7.26,,,102,42,2.2,,
1S03,04/09/2018,7.26,,,107,41,2.13,,
1S03A,04/09/2018,7.33,,,103,41,2.16,,
1S03B,04/09/2018,7.46,,,105,41,1.98,,
1S03,05/09/2018,7.3,,,105,50,2.17,,
1S03A,05/09/2018,7.27,,,99,51,2.14,,
1S03B,05/09/2018,7.49,,,105,51,1.98,,
1S03,06/09/2018,7.29,,,96,55,1.95,,
1S03A,06/09/2018,7.28,,,93,53,2.04,,
1S03B,06/09/2018,7.5,,,97,55,2.16,,
1SCL1,06/09/2018,7.45,,,510,51,2.21,,
1S03,07/09/2018,7.31,,,91,59,1.99,,
1S03A,07/09/2018,7.42,,,90,60,2.15,,
1S03B,07/09/2018,7.49,,,93,60,2.17,,
1SCL1,07/09/2018,7.38,,,510,55,2.42,,
1S03,08/09/2018,7.39,,,94,64,1.99,,
1S03A,08/09/2018,7.4,,,91,64,2.1,,
1S03B,08/09/2018,7.58,,,94,64,1.94,,
1SCL1,08/09/2018,7.27,,,462,60,2.1,,
1S03,09/09/2018,7.47,,,96,65,1.85,,
1S03A,09/09/2018,7.44,,,94,65,2.05,,
1S03B,09/09/2018,7.62,,,97,64,2,,
1S03,10/09/2018,7.21,,,97,62,1.92,,
1S03A,10/09/2018,7.28,,,97,63,2.04,,
1S03B,10/09/2018,7.41,,,99,62,2.09,,
1SCH3,10/09/2018,7.38,,,492,66,2.14,,
1SCL1,10/09/2018,7.38,,,496,66,2.1,,
1S03,11/09/2018,7.28,,,112,54,1.9,,
1S03A,11/09/2018,7.39,,,113,54,2.1,,
1S03B,11/09/2018,7.45,,,115,53,2.14,,
1SCL1,11/09/2018,7.23,,,370,57,2.05,,
1S03,12/09/2018,7.11,,,112,44,2.19,,
1S03A,12/09/2018,7.15,,,110,45,2.45,,
1S03B,12/09/2018,7.24,,,110,44,2.04,,
1SCH3,12/09/2018,7.31,,,462,44,1.75,,
1SCL1,12/09/2018,7.32,,,467,46,1.98,,
1S03,01/10/2018,7.22,,,92,36,1.99,,
1S03A,01/10/2018,7.29,,,89,37,2.21,,
1S03B,01/10/2018,7.36,,,93,37,2.28,,
1S03,02/10/2018,7.2,,,96,36,1.93,,
1S03A,02/10/2018,7.31,,,93,37,2.13,,
1S03B,02/10/2018,7.45,,,95,36,1.98,,
1S03,03/10/2018,7.22,,,102,38,2.1,,
1S03A,03/10/2018,7.25,,,99,40,2.22,,
1S03B,03/10/2018,7.34,,,103,38,2.18,,
1S03,04/10/2018,7.22,,,105,43,2.14,,
1S03A,04/10/2018,7.32,,,103,42,2.08,,
1S03B,04/10/2018,7.4,,,106,42,1.92,,
1S03,05/10/2018,7.26,,,103,51,2.21,,
1S03A,05/10/2018,7.29,,,98,52,2.18,,
1S03B,05/10/2018,7.48,,,105,52,1.95,,
1S03,06/10/2018,7.4,,,96,55,1.64,,
1S03A,06/10/2018,7.43,,,94,55,2.14,,
1S03B,06/10/2018,7.71,,,97,54,2.02,,
1SCL1,06/10/2018,7.42,,,450,51,2.3,,
1S03,07/10/2018,7.34,,,92,61,2.08,,
1S03A,07/10/2018,7.38,14.5,5.61,90,61,2.13,0,0.005
1S03B,07/10/2018,7.54,15.1,5.64,93,62,2.2,0,0.005
1S07*,07/10/2018,7.36,14.7,5.6,92,61,1.94,0,0.006
1SCL1,07/10/2018,7.35,64.9,27.8,509,55,2.35,0,0.008
1S03,08/10/2018,7.45,,,94,64,2.14,,
1S03A,08/10/2018,7.42,,,92,64,2.08,,
1S03B,08/10/2018,7.65,,,96,64,1.98,,
1SCL1,08/10/2018,7.31,,,499,60,2.17,,
1S03,09/10/2018,7.42,,,96,64,2.21,,
1S03A,09/10/2018,7.34,,,94,66,2.16,,
1S03B,09/10/2018,7.64,,,97,64,2.02,,
1S03,10/10/2018,7.27,,,97,63,1.93,,
1S03A,10/10/2018,7.29,,,97,63,2.13,,
1S03B,10/10/2018,7.41,,,98,62,1.96,,
1SCH3,10/10/2018,7.36,,,480,67,2.13,,
1SCL1,10/10/2018,7.44,,,483,67,1.99,,
1S03,11/10/2018,7.3,,,115,54,1.96,,
1S03A,11/10/2018,7.34,,,114,54,2.18,,
1S03B,11/10/2018,7.32,,,116,54,2.07,,
1SCL1,11/10/2018,7.16,,,443,57,2.05,,
1S03,12/10/2018,7.26,,,112,43,2,,
1S03A,12/10/2018,7.33,,,109,44,2.05,,
1S03B,12/10/2018,7.3,,,111,43,2.12,,
1SCH3,12/10/2018,7.33,,,463,44,1.87,,
1SCL1,12/10/2018,7.31,,,466,45,1.77,,
1S03,01/11/2018,7.14,,,91,36,2.03,,
1S03A,01/11/2018,7.28,,,89,38,2.19,,
1S03B,01/11/2018,7.32,,,91,38,2.06,,
1S03,02/11/2018,7.41,,,95,36,1.8,,
1S03A,02/11/2018,7.19,,,92,36,2.06,,
1S03B,02/11/2018,7.35,,,95,37,1.92,,
1S03,03/11/2018,7.3,,,101,41,1.97,,
1S03A,03/11/2018,7.2,,,100,39,2.14,,
1S03B,03/11/2018,7.47,,,102,39,1.96,,
1S03,04/11/2018,7.31,,,106,41,2.15,,
1S03A,04/11/2018,7.34,,,102,42,2.05,,
1S03B,04/11/2018,7.41,,,104,42,1.92,,
1S03,05/11/2018,7.2,,,104,51,2.05,,
1S03A,05/11/2018,7.3,,,99,51,2.17,,
1S03B,05/11/2018,7.45,,,104,53,2.04,,
1S03,06/11/2018,7.39,,,97,55,2.22,,
1S03A,06/11/2018,7.43,,,94,55,2.12,,
1S03B,06/11/2018,7.55,,,97,55,2.01,,
1SCL1,06/11/2018,7.44,,,515,52,2.35,,
1S03,07/11/2018,7.19,,,92,61,1.92,,
1S03A,07/11/2018,7.42,,,89,62,2.11,,
1S03B,07/11/2018,7.59,,,92,60,1.99,,
1SCL1,07/11/2018,7.31,,,508,55,2.23,,
1S03,08/11/2018,7.35,,,94,65,2.29,,
1S03A,08/11/2018,7.33,,,91,64,2.25,,
1S03B,08/11/2018,7.67,,,94,64,2.16,,
1SCL1,08/11/2018,7.35,,,498,61,2.17,,
1S03,09/11/2018,7.47,,,96,64,2.02,,
1S03A,09/11/2018,7.45,,,93,65,2.07,,
1S03B,09/11/2018,7.62,,,97,64,2.25,,
1S03,10/11/2018,7.31,,,98,62,1.89,,
1S03A,10/11/2018,7.32,,,97,63,2.12,,
1S03B,10/11/2018,7.4,,,98,63,2,,
1SCH3,10/11/2018,7.3,,,492,66,2.02,,
1SCL1,10/11/2018,7.34,,,492,67,1.83,,
1S03,11/11/2018,7.26,,,117,53,2,,
1S03A,11/11/2018,7.12,,,113,51,1.89,,
1S03B,11/11/2018,7.56,,,117,53,2.03,,
1SCL1,11/11/2018,7.23,,,444,56,2.06,,
1S03,12/11/2018,7.17,,,110,44,2.27,,
1S03A,12/11/2018,7.19,,,107,44,2.19,,
1S03B,12/11/2018,7.21,,,107,44,2.03,,
1SCH3,12/11/2018,7.29,,,462,44,1.8,,
1SCL1,12/11/2018,7.29,,,460,46,1.86,,
1S03,01/12/2018,7.3,,,90,37,1.94,,
1S03A,01/12/2018,7.29,,,88,39,2.17,,
1S03B,01/12/2018,7.33,,,92,38,2.03,,
1S03,02/12/2018,7.4,,,94,38,2.21,,
1S03A,02/12/2018,7.27,,,92,37,2.17,,
1S03B,02/12/2018,7.49,,,97,37,2.1,,
1S03,03/12/2018,7.19,,,104,39,2.12,,
1S03A,03/12/2018,7.33,,,101,40,2.31,,
1S03B,03/12/2018,7.58,,,105,39,2.04,,
1S03,04/12/2018,7.28,,,105,42,2.04,,
1S03A,04/12/2018,7.23,,,100,42,2.14,,
1S03B,04/12/2018,7.38,,,106,42,1.99,,
1S03,05/12/2018,7.33,,,103,51,2.11,,
1S03A,05/12/2018,7.35,,,99,51,2.16,,
1S03B,05/12/2018,7.51,,,104,51,2.03,,
1S03,06/12/2018,7.44,,,96,55,2.24,,
1S03A,06/12/2018,7.38,,,93,58,2.26,,
1S03B,06/12/2018,7.6,,,97,57,2.16,,
1SCL1,06/12/2018,7.39,,,513,53,2.32,,
1S03,07/12/2018,7.35,,,92,60,1.91,,
1S03A,07/12/2018,7.38,,,89,62,2.08,,
1S03B,07/12/2018,7.66,,,94,62,2.09,,
1SCL1,07/12/2018,7.35,,,503,55,2.34,,
1S03,08/12/2018,7.45,,,93,64,1.97,,
1S03A,08/12/2018,7.39,,,92,64,2.06,,
1S03B,08/12/2018,7.6,,,95,64,2.01,,
1SCL1,08/12/2018,7.33,,,488,61,2.11,,
1S03,09/12/2018,7.49,,,95,65,2.19,,
1S03A,09/12/2018,7.35,,,91,65,2.01,,
1S03B,09/12/2018,7.62,,,96,66,2.01,,
1S03,10/12/2018,7.25,,,98,63,2.01,,
1S03A,10/12/2018,7.36,,,97,62,2.11,,
1S03B,10/12/2018,7.34,,,100,63,2.18,,
1SCH3,10/12/2018,7.43,,,486,67,2.05,,
1SCL1,10/12/2018,7.45,,,488,68,1.99,,
1S03,11/12/2018,7.31,,,116,53,1.85,,
1S03A,11/12/2018,7.43,,,114,53,2.12,,
1S03B,11/12/2018,7.55,,,118,53,1.96,,
1SCL1,11/12/2018,7.17,,,440,56,2.01,,
1S03,12/12/2018,7.17,,,106,43,2.3,,
1S03A,12/12/2018,7.24,,,108,43,2.1,,
1S03B,12/12/2018,7.34,,,109,43,1.8,,
1SCH3,12/12/2018,7.31,,,459,44,2,,
1SCL1,12/12/2018,7.3,,,462,45,2.34,,
1S03,01/01/2019,7.32,,,105,42,2.17,,
1S03A,01/01/2019,7.2,,,101,43,2.4,,
1S03B,01/01/2019,7.43,,,103,43,1.67,,
1SCH3,01/01/2019,7.28,,,449,43,1.91,,
1SCL1,01/01/2019,7.3,,,450,44,1.96,,
1S03,02/01/2019,7.18,,,99,34,2.12,,
1S03A,02/01/2019,7.29,,,98,37,2.02,,
1S03B,02/01/2019,7.49,,,101,35,1.66,,
1SCH3,02/01/2019,7.37,,,437,37,1.96,,
1SCL1,02/01/2019,7.25,,,437,39,2.02,,
1S03,03/01/2019,7.31,,,91,38,2.08,,
1S03A,03/01/2019,7.33,,,89,37,2.18,,
1S03B,03/01/2019,7.56,,,94,36,1.87,,
1SCH3,03/01/2019,7.16,,,450,39,2.01,,
1SCL1,03/01/2019,7.24,,,447,39,2.18,,
1S03,04/01/2019,7.23,,,86,40,2.15,,
1S03A,04/01/2019,7.2,,,85,41,2.09,,
1S03B,04/01/2019,7.41,,,89,41,1.88,,
1S03,05/01/2019,7.33,,,82,48,2.12,,
1S03A,05/01/2019,7.15,,,81,47,1.93,,
1S03B,05/01/2019,7.52,,,85,49,2.02,,
1SCL1,05/01/2019,7.53,,,319,49,1.94,,
1S03,06/01/2019,7.36,,,85,55,2.08,,
1S03A,06/01/2019,7.37,,,83,58,2.07,,
1S03B,06/01/2019,7.54,,,87,57,2.09,,
1SCL1,06/01/2019,7.31,,,392,51,2.06,,
1S03,07/01/2019,7.28,,,88,61,2.14,,
1S03A,07/01/2019,7.44,,,90,61,2.16,,
1S03B,07/01/2019,7.65,,,91,61,2.07,,
1S03,08/01/2019,7.41,,,88,66,2.3,,
1S03A,08/01/2019,7.45,,,85,66,2.21,,
1S03B,08/01/2019,7.63,,,90,66,2.13,,
1S03,09/01/2019,7.41,,,95,66,2.16,,
1S03A,09/01/2019,7.55,,,96,66,2.24,,
1S03B,09/01/2019,7.6,,,97,68,2.18,,
1S03,10/01/2019,7.35,,,91,64,2.21,,
1S03A,10/01/2019,7.53,18.7,5.3,89,64,2.17,0,0.011
1S03B,10/01/2019,7.56,19.3,5.35,91,64,2.17,0,0.007
1S07,10/01/2019,7.35,18.9,5.36,90,64,2.27,0,0.006
1S03,11/01/2019,7.31,,,85,59,2.28,,
1S03A,11/01/2019,7.23,,,80,59,2.15,,
1S03B,11/01/2019,7.35,,,82,59,2.03,,
1SCH3,11/01/2019,7.3,,,398,61,1.99,,
1SCL1,11/01/2019,7.34,,,285,64,2.08,,
1S03,12/01/2019,7.36,,,98,46,2.24,,
1S03A,12/01/2019,7.21,,,93,48,2.01,,
1S03B,12/01/2019,7.38,,,95,46,2.06,,
1SCH3,12/01/2019,7.21,,,430,50,2.05,,
1SCL1,12/01/2019,7.22,,,434,50,2.22,,
1S03,01/02/2019,7.16,,,105,42,1.8,,
1S03A,01/02/2019,7.31,15.5,5.86,100,42,2.12,0,0.005
1S03B,01/02/2019,7.41,17.2,5.89,104,42,1.8,0,0.005
1S07*,01/02/2019,7.23,15.8,5.84,103,42,2.23,0,0.007
1SCH3,01/02/2019,7.29,68.6,25.9,444,42,1.77,0,0.036
1SCL1,01/02/2019,7.29,68.6,26.2,448,44,2.1,0,0.009
1S03,02/02/2019,7.35,,,98,35,2.05,,
1S03A,02/02/2019,7.39,,,98,36,2.1,,
1S03B,02/02/2019,7.53,,,101,36,1.76,,
1SCH3,02/02/2019,7.2,,,440,38,1.92,,
1SCL1,02/02/2019,7.25,,,443,39,1.9,,
1S03,03/02/2019,7.35,,,93,38,1.87,,
1S03A,03/02/2019,7.31,,,91,38,2.14,,
1S03B,03/02/2019,7.54,,,91,37,1.77,,
1SCH3,03/02/2019,7.23,,,450,41,1.96,,
1SCL1,03/02/2019,7.26,,,451,40,2.02,,
1S03,04/02/2019,7.11,,,87,41,2.37,,
1S03A,04/02/2019,7.25,13.4,5.05,86,42,2.34,0,0.01
1S03B,04/02/2019,7.42,14.7,5.1,89,43,2.17,0,0.004
1S07*,04/02/2019,7.2,13.6,5.11,84,42,2.34,0,0.004
1S03,05/02/2019,7.28,,,80,48,2.1,,
1S03A,05/02/2019,7.22,,,78,46,2.08,,
1S03B,05/02/2019,7.43,,,82,48,2.15,,
1SCL1,05/02/2019,7.23,,,375,48,2.03,,
1S03,06/02/2019,7.37,,,84,56,2.07,,
1S03A,06/02/2019,7.29,,,82,55,2.06,,
1S03B,06/02/2019,7.5,,,84,56,2.02,,
1SCL1,06/02/2019,7.25,,,388,52,2.01,,
1S03,07/02/2019,7.38,,,91,63,2.19,,
1S03A,07/02/2019,7.5,15.3,5.23,90,61,2.1,0,0.014
1S03B,07/02/2019,7.74,15.9,5.27,93,64,2.02,0,0.004
1S07,07/02/2019,7.39,15.6,5.2,92,64,2.16,0,0.005
1S03,08/02/2019,7.41,,,88,68,2.21,,
1S03A,08/02/2019,7.44,,,86,64,2.12,,
1S03B,08/02/2019,7.53,,,90,66,2.13,,
1S03,09/02/2019,7.43,,,96,66,2.23,,
1S03A,09/02/2019,7.47,,,95,66,2.19,,
1S03B,09/02/2019,7.6,,,98,66,2.11,,
1S03,10/02/2019,7.48,,,91,64,2.38,,
1S03A,10/02/2019,7.48,,,88,64,2.32,,
1S03B,10/02/2019,7.59,,,92,66,2.2,,
1S03,11/02/2019,7.29,,,81,59,2.18,,
1S03A,11/02/2019,7.32,,,82,59,2.23,,
1S03B,11/02/2019,7.61,,,83,59,1.81,,
1SCH3,11/02/2019,7.25,,,420,61,2.15,,
1SCL1,11/02/2019,7.25,,,420,61,2.17,,
1S03,12/02/2019,7.36,,,95,46,2.07,,
1S03A,12/02/2019,7.24,,,85,48,2.24,,
1S03B,12/02/2019,7.53,,,95,46,2.22,,
1SCH3,12/02/2019,7.22,,,424,50,1.9,,
1SCL1,12/02/2019,7.22,,,434,50,2.12,,
1S03,01/03/2019,7.29,,,100,42,2.02,,
1S03A,01/03/2019,7.26,,,100,43,2.08,,
1S03B,01/03/2019,7.39,,,104,43,2.04,,
1SCH3,01/03/2019,7.25,,,445,42,1.85,,
1SCL1,01/03/2019,7.24,,,444,44,1.96,,
1S03,02/03/2019,7.3,,,98,38,2.19,,
1S03A,02/03/2019,7.33,,,97,39,2.07,,
1S03B,02/03/2019,7.54,,,97,38,1.77,,
1SCH3,02/03/2019,7.29,,,430,39,1.96,,
1SCL1,02/03/2019,7.25,,,434,40,2.14,,
1S03,03/03/2019,7.21,,,91,38,2.04,,
1S03A,03/03/2019,7.2,,,88,37,2.03,,
1S03B,03/03/2019,7.43,,,92,38,1.72,,
1SCH3,03/03/2019,7.21,,,444,39,1.98,,
1SCL1,03/03/2019,7.22,,,446,40,2.01,,
1S03,04/03/2019,7.16,,,88,41,2.32,,
1S03A,04/03/2019,7.23,,,86,42,2.1,,
1S03B,04/03/2019,7.42,,,90,43,2.11,,
1S03,05/03/2019,7.28,,,79,48,2.05,,
1S03A,05/03/2019,7.25,,,76,47,1.98,,
1S03B,05/03/2019,7.38,,,81,50,2.07,,
1SCL1,05/03/2019,7.3,,,365,48,2.05,,
1S03,06/03/2019,7.33,,,84,55,2.15,,
1S03A,06/03/2019,7.24,,,82,55,2.25,,
1S03B,06/03/2019,7.41,,,86,57,2.1,,
1SCL1,06/03/2019,7.14,,,383,52,2.16,,
1S03,07/03/2019,7.38,,,92,63,2.28,,
1S03A,07/03/2019,7.4,,,92,61,2.09,,
1S03B,07/03/2019,7.66,,,95,63,2.12,,
1S03,08/03/2019,7.35,,,88,66,2.13,,
1S03A,08/03/2019,7.4,,,86,64,2.13,,
1S03B,08/03/2019,7.55,,,89,66,2.11,,
1S03,09/03/2019,7.38,,,95,66,2.12,,
1S03A,09/03/2019,7.41,,,94,64,2.2,,
1S03B,09/03/2019,7.61,,,98,66,2.13,,
1S03,10/03/2019,7.42,,,91,64,2.2,,
1S03A,10/03/2019,7.55,,,89,64,2.14,,
1S03B,10/03/2019,7.64,,,93,64,2.18,,
1S03,11/03/2019,7.21,,,85,57,2.21,,
1S03A,11/03/2019,7.3,,,84,59,2.18,,
1S03B,11/03/2019,7.49,,,86,57,1.91,,
1SCH3,11/03/2019,7.25,,,418,61,2.06,,
1SCL1,11/03/2019,7.25,,,419,61,2.12,,
1S03,12/03/2019,7.26,,,95,46,2.13,,
1S03A,12/03/2019,7.28,14.8,5.43,86,48,2.27,0,0.011
1S03B,12/03/2019,7.5,17.3,5.61,92,46,2.22,0,0.005
1S07,12/03/2019,7.22,14.8,5.48,86,46,2.24,0,0.005
1SCH3,12/03/2019,7.27,70.3,25.58,434,48,2.05,0,0.043
1SCL1,12/03/2019,7.32,70.3,25.45,431,48,2.15,0,0.01
1S03,01/04/2019,7.34,,,105,42,2.17,,
1S03A,01/04/2019,7.33,,,100,43,2.15,,
1S03B,01/04/2019,7.44,,,104,42,2.03,,
1SCH3,01/04/2019,7.27,,,440,43,1.97,,
1SCL1,01/04/2019,7.3,,,440,44,1.94,,
1S03,02/04/2019,7.23,,,98,36,2.29,,
1S03A,02/04/2019,7.34,,,97,37,2.21,,
1S03B,02/04/2019,7.55,,,100,37,2,,
1SCH3,02/04/2019,7.29,,,438,38,2.04,,
1SCL1,02/04/2019,7.25,,,440,39,1.98,,
1S03,03/04/2019,7.28,,,93,36,1.95,,
1S03A,03/04/2019,7.33,,,88,38,2.11,,
1S03B,03/04/2019,7.52,,,91,38,1.8,,
1SCH3,03/04/2019,7.27,,,456,39,1.99,,
1SCL1,03/04/2019,7.26,,,456,40,2.07,,
1S03,04/04/2019,7.2,,,86,44,2.22,,
1S03A,04/04/2019,7.23,,,84,42,2.1,,
1S03B,04/04/2019,7.35,,,89,43,2.14,,
1S03,05/04/2019,7.29,,,79,48,2.23,,
1S03A,05/04/2019,7.22,,,78,47,2.04,,
1S03B,05/04/2019,7.47,,,80,48,1.99,,
1SCL1,05/04/2019,7.34,,,321,48,1.95,,
1S03,06/04/2019,7.34,,,84,57,2.19,,
1S03A,06/04/2019,7.28,13.5,5.02,82,55,2.07,0,0.012
1S03B,06/04/2019,7.49,14.6,5,86,56,2.06,0,0.005
1S07*,06/04/2019,7.3,14,4.93,84,57,2.22,0,0.005
1S03,07/04/2019,7.45,,,96,63,2.25,,
1S03A,07/04/2019,7.42,,,95,61,2.04,,
1S03B,07/04/2019,7.64,,,98,63,2.11,,
1S03,08/04/2019,7.45,,,87,66,2,,
1S03A,08/04/2019,7.43,,,85,66,1.98,,
1S03B,08/04/2019,7.45,,,89,68,2.42,,
1S03,09/04/2019,7.36,,,96,66,2.15,,
1S03A,09/04/2019,7.47,18.5,5.54,94,66,2.09,0,0.012
1S03B,09/04/2019,7.65,19.8,5.55,98,66,2.18,0,0.005
1S07,09/04/2019,7.41,18.9,5.61,96,66,2.19,0,0.006
1S03,10/04/2019,7.41,,,91,66,2.15,,
1S03A,10/04/2019,7.34,,,86,64,2.17,,
1S03B,10/04/2019,7.62,,,91,64,2.11,,
1S03,11/04/2019,7.3,,,85,57,2.17,,
1S03A,11/04/2019,7.21,,,83,57,2.31,,
1S03B,11/04/2019,7.39,,,87,57,2.1,,
1SCH3,11/04/2019,7.28,,,414,61,2.13,,
1SCL1,11/04/2019,7.28,,,415,61,2.24,,
1S03,12/04/2019,7.37,,,93,45,2.18,,
1S03A,12/04/2019,7.29,,,95,46,1.94,,
1S03B,12/04/2019,7.41,,,95,46,2.12,,
1SCL1,12/04/2019,7.29,,,292,48,2.07,,
1S03,01/05/2019,7.28,,,102,42,2.25,,
1S03A,01/05/2019,7.29,,,98,43,2.35,,
1S03B,01/05/2019,7.39,,,100,42,2.42,,
1SCH3,01/05/2019,7.28,,,441,42,1.85,,
1SCL1,01/05/2019,7.31,,,441,43,2.38,,
1S03,02/05/2019,7.28,15.1,5.78,100,37,2.16,0,0.007
1S03A,02/05/2019,7.34,15.3,5.8,97,38,2.19,0,0.004
1S03B,02/05/2019,7.59,16.2,5.76,100,38,2.02,0,0.004
1S07*,02/05/2019,7.52,15.9,5.8,97,39,1.08,0,0.003
1SCH3,02/05/2019,7.17,61.8,25.3,430,39,1.9,0,0.027
1SCL1,02/05/2019,7.3,62.8,25.5,438,40,2.01,0,0.006
1S03,03/05/2019,7.29,,,89,36,2.04,,
1S03A,03/05/2019,7.33,13.4,5.37,89,37,2.12,0,0.012
1S03B,03/05/2019,7.5,14.7,5.36,92,36,2.05,0,0.004
1S07*,03/05/2019,7.36,13.8,5.36,87,37,1.77,0,0.004
1SCH3,03/05/2019,7.34,62.8,23.7,452,39,1.88,0,0.023
1SCL1,03/05/2019,7.27,62.8,24.1,453,39,2.02,0,0.005
1S03,04/05/2019,7.25,,,87,42,2.13,,
1S03A,04/05/2019,7.23,,,85,42,2.05,,
1S03B,04/05/2019,7.38,,,89,42,2.06,,
1S03,05/05/2019,7.11,,,80,48,2.11,,
1S03A,05/05/2019,7.21,,,79,47,2.03,,
1S03B,05/05/2019,7.38,,,81,49,1.98,,
1SCL1,05/05/2019,7.25,,,318,48,1.92,,
1S03,06/05/2019,7.28,,,84,55,2.06,,
1S03A,06/05/2019,7.3,,,82,55,2.17,,
1S03B,06/05/2019,7.49,,,86,57,2.17,,
1S03,07/05/2019,7.43,,,96,63,2.21,,
1S03A,07/05/2019,7.41,,,94,63,2.14,,
1S03B,07/05/2019,7.67,,,97,63,2.1,,
1S03,08/05/2019,7.39,,,87,66,2.13,,
1S03A,08/05/2019,7.42,,,86,64,2.11,,
1S03B,08/05/2019,7.52,,,89,66,2.08,,
1S03,09/05/2019,7.29,,,95,66,2.15,,
1S03A,09/05/2019,7.27,,,93,64,2.1,,
1S03B,09/05/2019,7.52,,,98,66,2.16,,
1S03,10/05/2019,7.41,,,91,64,2.19,,
1S03A,10/05/2019,7.34,,,88,64,2.13,,
1S03B,10/05/2019,7.65,,,93,64,2.14,,
1S03,11/05/2019,7.16,,,86,57,2.22,,
1S03A,11/05/2019,7.24,,,84,57,2.09,,
1S03B,11/05/2019,7.47,,,87,57,1.97,,
1SCH3,11/05/2019,7.22,,,415,59,1.9,,
1SCL1,11/05/2019,7.08,,,412,59,2.22,,
1S03,12/05/2019,7.24,,,95,45,2.17,,
1S03A,12/05/2019,7.09,,,98,50,2.16,,
1S03B,12/05/2019,7.42,,,99,46,2.34,,
1SCL1,12/05/2019,7.3,,,317,48,1.97,,
1S03,01/06/2019,7.27,,,101,43,2.24,,
1S03A,01/06/2019,7.31,,,100,42,2.17,,
1S03B,01/06/2019,7.42,,,101,42,2.11,,
1SCH3,01/06/2019,7.22,,,440,44,1.92,,
1SCL1,01/06/2019,7.3,,,443,43,1.9,,
1S03,02/06/2019,7.21,,,98,37,2.15,,
1S03A,02/06/2019,7.35,,,96,37,2.14,,
1S03B,02/06/2019,7.59,,,98,37,1.94,,
1SCH3,02/06/2019,7.19,,,437,39,2.01,,
1SCL1,02/06/2019,7.25,,,440,39,2.15,,
1S03,03/06/2019,7.2,,,91,36,2.06,,
1S03A,03/06/2019,7.17,,,90,37,2.2,,
1S03B,03/06/2019,7.33,,,93,37,2.1,,
1SCH3,03/06/2019,7.25,,,449,39,1.92,,
1SCL1,03/06/2019,7.26,,,446,40,1.97,,
1S03,04/06/2019,7.35,,,88,42,2.04,,
1S03A,04/06/2019,7.37,,,85,42,2.11,,
1S03B,04/06/2019,7.51,,,88,42,2.15,,
1S03,05/06/2019,7.27,,,80,48,2.25,,
1S03A,05/06/2019,7.25,,,80,48,1.96,,
1S03B,05/06/2019,7.4,,,82,48,2.06,,
1SCL1,05/06/2019,7.37,,,362,48,1.96,,
1S03,06/06/2019,7.31,,,84,56,2.13,,
1S03A,06/06/2019,7.33,,,82,55,2.28,,
1S03B,06/06/2019,7.46,,,85,59,2.05,,
1S03,07/06/2019,7.46,,,97,64,2.16,,
1S03A,07/06/2019,7.35,,,96,63,2.13,,
1S03B,07/06/2019,7.6,,,98,63,2.07,,
1S03,08/06/2019,7.3,17,5,87,66,2.23,0,0.01
1S03A,08/06/2019,7.32,16.7,5.02,86,64,2.07,0,0.014
1S03B,08/06/2019,7.5,17.5,5.04,89,66,2.16,0,0.006
1S07,08/06/2019,7.34,16.5,5.1,88,68,2.07,0,0.006
1S03,09/06/2019,7.47,,,97,66,2.19,,
1S03A,09/06/2019,7.5,,,96,66,2.16,,
1S03B,09/06/2019,7.59,,,100,66,2.12,,
1S03,10/06/2019,7.42,,,91,64,2.17,,
1S03A,10/06/2019,7.34,,,86,64,2.06,,
1S03B,10/06/2019,7.58,,,91,64,2.11,,
1S03,11/06/2019,7.24,15.1,5.23,86,57,2.16,0,0.012
1S03A,11/06/2019,7.24,14.9,5.34,81,57,2.1,0,0.013
1S03B,11/06/2019,7.42,16.4,5.25,86,57,2.13,0,0.006
1S07,11/06/2019,7.37,15.1,5.27,81,57,1.17,0,0.005
1SCH3,11/06/2019,7.27,70.1,24.38,404,59,1.88,0,
1SCL1,11/06/2019,7.11,66.8,24.25,406,59,2.17,0,
1S03,12/06/2019,7.3,,,97,45,2.02,,
1S03A,12/06/2019,7.31,,,96,46,2.13,,
1S03B,12/06/2019,7.46,,,99,45,2.01,,
1SCL1,12/06/2019,7.32,,,316,48,1.9,,
1S03,01/07/2019,7.22,,,103,42,2.19,,
1S03A,01/07/2019,7.3,,,100,41,2.25,,
1S03B,01/07/2019,7.4,,,106,41,2.09,,
1SCH3,01/07/2019,7.28,,,443,43,1.89,,
1SCL1,01/07/2019,7.31,,,445,44,1.77,,
1S03,02/07/2019,7.29,,,96,38,2.18,,
1S03A,02/07/2019,7.31,,,97,38,2.22,,
1S03B,02/07/2019,7.45,,,99,37,2.17,,
1SCH3,02/07/2019,7.24,,,432,40,1.69,,
1SCL1,02/07/2019,7.23,,,435,40,2.03,,
1S03,03/07/2019,7.2,,,88,36,1.9,,
1S03A,03/07/2019,7.23,,,88,38,2.15,,
1S03B,03/07/2019,7.34,,,90,37,1.97,,
1SCH3,03/07/2019,7.27,,,445,39,1.81,,
1SCL1,03/07/2019,7.27,,,446,39,2,,
1S03,04/07/2019,7.14,,,86,42,2.18,,
1S03A,04/07/2019,7.18,,,85,42,2.1,,
1S03B,04/07/2019,7.44,,,88,42,2.05,,
1S03,05/07/2019,7.27,13.3,4.76,82,48,2.2,0,0.009
1S03A,05/07/2019,7.3,13.2,4.72,80,47,2.1,0,0.011
1S03B,05/07/2019,7.52,14,4.82,83,48,2.08,0,0.004
1S07*,05/07/2019,7.29,13.4,4.78,81,50,1.88,0,0.004
1SCL1,05/07/2019,7.24,56,22.1,404,47,1.98,0,0.006
1S03,06/07/2019,7.32,,,84,57,2.03,,
1S03A,06/07/2019,7.29,,,82,56,2.05,,
1S03B,06/07/2019,7.46,,,86,58,2.04,,
1S03,07/07/2019,7.42,,,97,63,2.36,,
1S03A,07/07/2019,7.29,,,95,63,2.01,,
1S03B,07/07/2019,7.66,,,98,63,2.09,,
1S03,08/07/2019,7.35,,,87,66,2.24,,
1S03A,08/07/2019,7.35,,,86,66,2.11,,
1S03B,08/07/2019,7.51,,,89,66,2.11,,
1S03,09/07/2019,7.35,,,96,64,2.15,,
1S03A,09/07/2019,7.27,,,92,64,2.13,,
1S03B,09/07/2019,7.53,,,98,64,2.14,,
1S03,10/07/2019,7.44,,,91,64,2.19,,
1S03A,10/07/2019,7.3,,,88,64,2.15,,
1S03B,10/07/2019,7.57,,,91,64,2.07,,
1S03,11/07/2019,7.24,,,85,57,2.21,,
1S03A,11/07/2019,7.28,,,83,57,2.03,,
1S03B,11/07/2019,7.47,,,87,57,1.95,,
1SCH3,11/07/2019,7.26,,,414,59,2.02,,
1SCL1,11/07/2019,7.23,,,418,59,2.19,,
1S03,12/07/2019,7.28,,,100,45,2.11,,
1S03A,12/07/2019,7.28,,,101,46,2.17,,
1S03B,12/07/2019,7.4,,,102,46,2.11,,
1SCL1,12/07/2019,7.3,,,300,46,2.14,,
1S03,01/08/2019,7.26,,,102,42,2.2,,
1S03A,01/08/2019,7.3,,,101,42,2.24,,
1S03B,01/08/2019,7.41,,,105,41,2.22,,
1SCH3,01/08/2019,7.27,,,435,42,1.93,,
1SCL1,01/08/2019,7.25,,,429,44,2.04,,
1S03,02/08/2019,7.2,,,97,38,2.2,,
1S03A,02/08/2019,7.32,,,96,38,2.1,,
1S03B,02/08/2019,7.52,,,99,38,2.09,,
1SCH3,02/08/2019,7.17,,,437,41,2.12,,
1SCL1,02/08/2019,7.19,,,439,40,1.96,,
1S03,03/08/2019,7.69,,,85,37,2,,
1S03A,03/08/2019,7.2,,,86,39,2.19,,
1S03B,03/08/2019,7.32,,,90,38,2.25,,
1SCH3,03/08/2019,7.26,,,437,39,1.92,,
1SCL1,03/08/2019,7.18,,,440,39,1.89,,
1S03,04/08/2019,7.36,,,86,45,2.21,,
1S03A,04/08/2019,7.32,,,85,43,1.86,,
1S03B,04/08/2019,7.36,,,85,43,2.33,,
1S03,05/08/2019,7.22,,,80,48,2.13,,
1S03A,05/08/2019,7.27,,,79,47,1.99,,
1S03B,05/08/2019,7.43,,,83,50,2.16,,
1SCL1,05/08/2019,7.3,,,367,48,1.97,,
1S03,06/08/2019,7.36,,,85,57,2.06,,
1S03A,06/08/2019,7.39,,,84,57,2.01,,
1S03B,06/08/2019,7.58,,,87,58,2.09,,
1S03,07/08/2019,7.41,,,97,63,2.26,,
1S03A,07/08/2019,7.32,,,92,63,2.09,,
1S03B,07/08/2019,7.52,,,97,64,2.17,,
1S03,08/08/2019,7.32,,,87,66,2.24,,
1S03A,08/08/2019,7.3,,,84,66,2.12,,
1S03B,08/08/2019,7.54,,,88,66,2.1,,
1S03,09/08/2019,7.33,,,95,64,2.06,,
1S03A,09/08/2019,7.31,,,92,63,2.06,,
1S03B,09/08/2019,7.46,,,96,64,2.12,,
1S03,10/08/2019,7.4,,,89,66,2.22,,
1S03A,10/08/2019,7.52,,,84,66,2.15,,
1S03B,10/08/2019,7.63,,,90,64,2.14,,
1S03,11/08/2019,7.25,,,85,55,2.26,,
1S03A,11/08/2019,7.27,,,84,57,2.1,,
1S03B,11/08/2019,7.43,,,87,55,1.86,,
1SCH3,11/08/2019,7.18,,,414,59,2.09,,
1SCL1,11/08/2019,7.19,,,414,59,2.06,,
1S03,12/08/2019,7.4,,,101,46,2.09,,
1S03A,12/08/2019,7.24,,,101,48,2.12,,
1S03B,12/08/2019,7.27,,,102,46,2.1,,
1SCL1,12/08/2019,7.28,,,295,48,2.13,,
1S03,01/09/2019,7.22,,,102,41,2.07,,
1S03A,01/09/2019,7.28,,,99,41,2.27,,
1S03B,01/09/2019,7.44,,,102,42,1.84,,
1SCH3,01/09/2019,7.28,,,434,42,2,,
1SCL1,01/09/2019,7.28,,,435,43,2.02,,
1S03,02/09/2019,7.3,,,99,37,2.16,,
1S03A,02/09/2019,7.32,,,99,39,2.18,,
1S03B,02/09/2019,7.43,,,99,40,1.89,,
1SCH3,02/09/2019,7.25,,,441,39,1.86,,
1SCL1,02/09/2019,7.31,,,443,40,1.94,,
1S03,03/09/2019,7.1,,,91,37,2.15,,
1S03A,03/09/2019,7.25,,,88,38,2.16,,
1S03B,03/09/2019,7.3,,,89,39,1.96,,
1SCH3,03/09/2019,7.22,,,449,39,2.1,,
1SCL1,03/09/2019,7.2,,,447,39,2.05,,
1S03,04/09/2019,7.26,,,86,44,2.21,,
1S03A,04/09/2019,7.22,,,84,44,2.25,,
1S03B,04/09/2019,7.32,,,86,44,2.4,,
1S03,05/09/2019,7.34,,,81,49,2.19,,
1S03A,05/09/2019,7.29,,,79,48,1.99,,
1S03B,05/09/2019,7.55,,,81,48,2.05,,
1SCL1,05/09/2019,7.18,,,382,50,2.2,,
1S03,06/09/2019,7.48,,,85,57,2.08,,
1S03A,06/09/2019,7.44,,,83,56,1.99,,
1S03B,06/09/2019,7.67,,,87,58,2.1,,
1S03,07/09/2019,7.38,,,97,64,2.23,,
1S03A,07/09/2019,7.42,,,94,63,2.06,,
1S03B,07/09/2019,7.57,,,98,64,2.08,,
1S03,08/09/2019,7.29,,,87,66,2.16,,
1S03A,08/09/2019,7.33,,,85,64,2.16,,
1S03B,08/09/2019,7.49,,,88,66,1.65,,
1S03,09/09/2019,7.36,,,94,64,2.24,,
1S03A,09/09/2019,7.39,,,93,64,2.18,,
1S03B,09/09/2019,7.45,,,96,64,2.16,,
1S03,10/09/2019,7.36,,,89,64,2.15,,
1S03A,10/09/2019,7.41,,,87,64,2,,
1S03B,10/09/2019,7.56,,,90,64,2.16,,
1S03,11/09/2019,7.23,,,88,54,2.03,,
1S03A,11/09/2019,7.36,,,85,57,2.37,,
1S03B,11/09/2019,7.71,,,87,55,1.55,,
1SCH3,11/09/2019,7.34,,,425,57,2.17,,
1SCL1,11/09/2019,7.39,,,424,57,1.88,,
1S03,12/09/2019,7.26,,,100,46,2.17,,
1S03A,12/09/2019,7.32,,,99,45,2.07,,
1S03B,12/09/2019,7.43,,,103,45,2.07,,
1SCL1,12/09/2019,7.2,,,331,46,2.05,,
1S03,01/10/2019,7.16,,,105,40,2.11,,
1S03A,01/10/2019,7.21,,,98,41,2.46,,
1S03B,01/10/2019,7.41,,,105,41,1.89,,
1SCH3,01/10/2019,7.27,,,434,41,1.9,,
1SCL1,01/10/2019,7.26,,,430,43,2.07,,
1S03,02/10/2019,7.32,,,100,37,2.1,,
1S03A,02/10/2019,7.29,,,100,39,2.16,,
1S03B,02/10/2019,7.51,,,100,37,2.16,,
1SCH3,02/10/2019,7.3,,,451,39,2.1,,
1SCL1,02/10/2019,7.34,,,451,40,1.96,,
1S03,03/10/2019,7.19,,,88,40,2.34,,
1S03A,03/10/2019,7.28,,,89,38,2.14,,
1S03B,03/10/2019,7.43,,,93,41,1.72,,
1SCH3,03/10/2019,7.13,,,448,39,1.94,,
1SCL1,03/10/2019,7.19,,,449,40,1.88,,
1S03,04/10/2019,7.2,,,86,46,2.06,,
1S03A,04/10/2019,7.22,,,84,44,2.09,,
1S03B,04/10/2019,7.39,,,86,45,1.98,,
1S03,05/10/2019,7.21,,,80,48,2.21,,
1S03A,05/10/2019,7.33,,,80,48,2.04,,
1S03B,05/10/2019,7.51,,,84,49,2.07,,
1SCL1,05/10/2019,7.22,,,397,48,2.19,,
1S03,06/10/2019,7.37,,,85,58,2.27,,
1S03A,06/10/2019,7.38,,,83,57,1.94,,
1S03B,06/10/2019,7.62,,,88,58,2.03,,
1S03,07/10/2019,7.27,,,96,63,2.22,,
1S03A,07/10/2019,7.34,,,93,63,2.31,,
1S03B,07/10/2019,7.63,,,97,63,2.06,,
1S03,08/10/2019,7.38,,,87,66,2.18,,
1S03A,08/10/2019,7.46,,,86,66,2.11,,
1S03B,08/10/2019,7.61,,,89,66,2.1,,
1S03,09/10/2019,7.38,,,95,66,2.14,,
1S03A,09/10/2019,7.7,,,96,66,2.11,,
1S03B,09/10/2019,7.64,,,97,64,2.14,,
1S03,10/10/2019,7.35,,,89,63,2.17,,
1S03A,10/10/2019,7.48,,,88,63,2.14,,
1S03B,10/10/2019,7.68,,,91,63,2.18,,
1S03,11/10/2019,7.14,,,87,54,1.91,,
1S03A,11/10/2019,7.19,,,84,55,2.03,,
1S03B,11/10/2019,7.52,,,85,54,2.09,,
1SCH3,11/10/2019,7.25,,,419,57,2.24,,
1SCL1,11/10/2019,7.24,,,419,57,2.13,,
1S03,12/10/2019,7.34,,,102,45,2.04,,
1S03A,12/10/2019,7.22,,,104,46,2.12,,
1S03B,12/10/2019,7.49,,,105,45,1.77,,
1SCL1,12/10/2019,7.3,,,324,46,2.06,,
1S03,01/11/2019,7.23,,,103,40,2.13,,
1S03A,01/11/2019,7.28,,,96,41,2.21,,
1S03B,01/11/2019,7.55,,,100,41,1.6,,
1SCH3,01/11/2019,7.29,,,426,41,1.99,,
1SCL1,01/11/2019,7.35,,,428,42,2,,
1S03,02/11/2019,7.19,,,95,37,2.12,,
1S03A,02/11/2019,7.34,,,98,38,2.19,,
1S03B,02/11/2019,7.49,,,102,38,2.21,,
1SCH3,02/11/2019,7.09,,,431,39,2.06,,
1SCL1,02/11/2019,7.18,,,438,39,2.19,,
1S03,03/11/2019,7.23,,,88,38,2.16,,
1S03A,03/11/2019,7.19,,,86,37,2.03,,
1S03B,03/11/2019,7.37,,,88,38,2.09,,
1SCH3,03/11/2019,7.23,,,445,40,1.92,,
1SCL1,03/11/2019,7.28,,,445,41,1.78,,
1S03,04/11/2019,7.13,,,84,44,2.08,,
1S03A,04/11/2019,7.23,,,84,44,1.91,,
1S03B,04/11/2019,7.52,,,88,44,2.07,,
1S03,05/11/2019,7.23,,,83,49,2.25,,
1S03A,05/11/2019,7.35,,,78,47,2.09,,
1S03B,05/11/2019,7.57,,,83,50,2.12,,
1SCL1,05/11/2019,7.23,,,363,48,2.14,,
1S03,06/11/2019,7.36,,,84,58,2.36,,
1S03A,06/11/2019,7.33,,,84,57,2.04,,
1S03B,06/11/2019,7.6,,,87,58,2.07,,
1S03,07/11/2019,7.36,,,96,64,2.15,,
1S03A,07/11/2019,7.32,,,92,64,2.14,,
1S03B,07/11/2019,7.6,,,97,64,2.1,,
1S03,08/11/2019,7.37,,,88,66,2.21,,
1S03A,08/11/2019,7.58,,,87,66,2.1,,
1S03B,08/11/2019,7.55,,,88,66,2.07,,
1S03,09/11/2019,7.3,,,95,66,2.21,,
1S03A,09/11/2019,7.47,,,94,64,2.12,,
1S03B,09/11/2019,7.48,,,97,64,2.14,,
1S03,10/11/2019,7.36,,,90,63,2.21,,
1S03A,10/11/2019,7.49,,,88,63,2.15,,
1S03B,10/11/2019,7.61,,,91,63,2.13,,
1S03,11/11/2019,7.22,,,88,55,2.08,,
1S03A,11/11/2019,7.29,,,84,55,2.22,,
1S03B,11/11/2019,7.55,,,89,55,1.8,,
1SCH3,11/11/2019,7.34,,,418,57,2.1,,
1SCL1,11/11/2019,7.39,,,419,57,2.2,,
1S03,12/11/2019,7.37,,,99,45,2.17,,
1S03A,12/11/2019,7.41,,,104,46,2.19,,
1S03B,12/11/2019,7.57,,,104,45,1.94,,
1SCL1,12/11/2019,7.31,,,311,46,2.01,,
1S03,01/12/2019,7.3,,,103,40,2.23,,
1S03A,01/12/2019,7.34,,,100,41,2.46,,
1S03B,01/12/2019,7.45,,,105,39,1.84,,
1SCH3,01/12/2019,7.29,,,421,41,1.91,,
1SCL1,01/12/2019,7.31,,,424,42,1.99,,
1S03,02/12/2019,7.23,,,99,36,1.92,,
1S03A,02/12/2019,7.38,,,88,37,2.15,,
1S03B,02/12/2019,7.5,,,98,37,1.89,,
1SCH3,02/12/2019,7.28,,,437,38,1.82,,
1SCL1,02/12/2019,7.29,,,441,39,1.89,,
1S03,03/12/2019,7.17,,,88,37,2.12,,
1S03A,03/12/2019,7.21,,,88,37,2.16,,
1S03B,03/12/2019,7.35,,,90,38,2.09,,
1SCH3,03/12/2019,7.27,,,451,39,2.1,,
1SCL1,03/12/2019,7.27,,,452,40,2.1,,
1S03,04/12/2019,7.23,,,85,44,2.27,,
1S03A,04/12/2019,7.18,,,84,46,2.2,,
1S03B,04/12/2019,7.42,,,87,44,2.14,,
1S03,05/12/2019,7.35,,,81,50,2.18,,
1S03A,05/12/2019,7.42,,,78,48,1.95,,
1S03B,05/12/2019,7.64,,,82,49,1.98,,
1SCL1,05/12/2019,7.17,,,370,49,2.1,,
1S03,06/12/2019,7.32,,,86,57,2.34,,
1S03A,06/12/2019,7.25,,,84,56,2.14,,
1S03B,06/12/2019,7.48,,,87,58,2.09,,
1S03,07/12/2019,7.39,,,94,63,2.17,,
1S03A,07/12/2019,7.33,,,93,63,2.13,,
1S03B,07/12/2019,7.56,,,96,64,2.17,,
1S03,08/12/2019,7.38,,,88,66,2.2,,
1S03A,08/12/2019,7.48,,,86,66,2.07,,
1S03B,08/12/2019,7.57,,,89,66,2.08,,
1S03,09/12/2019,7.33,,,96,66,2.17,,
1S03A,09/12/2019,7.39,,,94,66,2.19,,
1S03B,09/12/2019,7.53,,,97,66,2.2,,
1S03,10/12/2019,7.38,,,90,63,2.21,,
1S03A,10/12/2019,7.35,,,85,63,2.21,,
1S03B,10/12/2019,7.58,,,90,63,2.14,,
1S03,11/12/2019,7.19,,,85,55,2.19,,
1S03A,11/12/2019,7.24,,,83,55,2.25,,
1S03B,11/12/2019,7.56,,,86,55,1.59,,
1SCH3,11/12/2019,7.26,,,420,57,2.09,,
1SCL1,11/12/2019,7.25,,,422,57,2.11,,
1S03,12/12/2019,7.32,,,102,45,2.2,,
1S03A,12/12/2019,7.3,,,101,45,2.17,,
1S03B,12/12/2019,7.48,,,104,45,1.87,,
1SCL1,12/12/2019,7.29,,,314,46,2.08,,
1S03,01/01/2020,7.22,,,119,41,2.22,,
1S03A,01/01/2020,7.09,,,120,41,2.16,,
1S03B,01/01/2020,7.31,,,121,43,2.09,,
1S03,02/01/2020,7.22,,,135,39,2.08,,
1S03A,02/01/2020,7.26,,,133,39,2.13,,
1S03B,02/01/2020,7.45,,,139,39,2.18,,
1S03,03/01/2020,7.34,,,114,39,2.14,,
1S03A,03/01/2020,7.37,,,115,39,2.15,,
1S03B,03/01/2020,7.47,,,116,39,2.31,,
1S03,04/01/2020,7.33,,,103,43,2.11,,
1S03A,04/01/2020,7.21,,,99,43,2.11,,
1S03B,04/01/2020,7.42,,,103,45,2.19,,
1S03,05/01/2020,7.35,,,96,48,2.16,,
1S03A,05/01/2020,7.17,,,86,46,2.05,,
1S03B,05/01/2020,7.34,,,89,46,2.09,,
1S03,06/01/2020,7.35,,,98,57,2.15,,
1S03A,06/01/2020,7.27,,,94,55,2.18,,
1S03B,06/01/2020,7.43,,,99,57,2.14,,
1S03,07/01/2020,7.28,,,87,64,2.09,,
1S03A,07/01/2020,7.42,,,84,63,2.15,,
1S03B,07/01/2020,7.63,,,88,64,1.99,,
1S03,08/01/2020,7.36,,,85,70,2.12,,
1S03A,08/01/2020,7.41,,,82,68,2.14,,
1S03B,08/01/2020,7.67,,,84,68,2.05,,
1S03,09/01/2020,7.37,,,87,70,2.02,,
1S03A,09/01/2020,7.47,16.6,5.1,86,70,2.17,0,0.009
1S03B,09/01/2020,7.63,17.3,5.01,88,70,2.34,0,0.008
1S07*,09/01/2020,7.29,15.9,5.12,86,70,1.99,0,0.007
1S03,10/01/2020,7.3,,,87,66,2.01,,
1S03A,10/01/2020,7.34,,,83,66,2.15,,
1S03B,10/01/2020,7.49,,,89,66,2.15,,
1S03,11/01/2020,7.25,,,89,57,2.16,,
1S03A,11/01/2020,7.25,,,86,59,2.16,,
1S03B,11/01/2020,7.45,,,88,57,2.16,,
1SCL1,11/01/2020,7.27,,,341,61,2.08,,
1S03,12/01/2020,7.33,,,88,52,2.08,,
1S03A,12/01/2020,7.18,15.9,5.76,88,50,2.33,0,0.014
1S03B,12/01/2020,7.43,17.8,5.58,87,52,2.1,0,0.007
1S07*,12/01/2020,7.28,17.6,5.61,89,52,2.09,0,0.007
1SCH3,12/01/2020,7.38,75.7,27,445,54,1.92,0,0.052
1SCL1,12/01/2020,7.31,74.7,26.7,444,55,2.1,0,0.009
1S03,01/02/2020,7.27,,,119,41,2.17,,
1S03A,01/02/2020,7.22,,,121,43,2.1,,
1S03B,01/02/2020,7.39,,,122,43,2.07,,
1S03,02/02/2020,7.2,,,136,39,2.02,,
1S03A,02/02/2020,7.33,,,130,39,1.94,,
1S03B,02/02/2020,7.36,,,137,39,2.11,,
1S03,03/02/2020,7.29,,,114,39,2.14,,
1S03A,03/02/2020,7.29,,,113,39,2.04,,
1S03B,03/02/2020,7.45,,,115,39,2.18,,
1S03,04/02/2020,7.29,,,103,45,2.03,,
1S03A,04/02/2020,7.21,,,100,45,2.05,,
1S03B,04/02/2020,7.42,,,103,45,2.07,,
1S03,05/02/2020,7.33,,,97,48,2.41,,
1S03A,05/02/2020,7.16,,,98,48,2.32,,
1S03B,05/02/2020,7.44,,,99,48,2.07,,
1S03,06/02/2020,7.44,,,95,57,2.12,,
1S03A,06/02/2020,7.46,14.6,5.21,92,55,2.38,0,0.009
1S03B,06/02/2020,7.49,16,5.3,96,57,2.16,0,0.006
1S07*,06/02/2020,7.46,15.1,5.31,93,57,2.1,0,0.005
1S03,07/02/2020,7.29,,,86,64,2.19,,
1S03A,07/02/2020,7.46,,,83,64,2.07,,
1S03B,07/02/2020,7.64,,,87,64,2.05,,
1S03,08/02/2020,7.33,,,85,70,2,,
1S03A,08/02/2020,7.34,,,82,68,1.99,,
1S03B,08/02/2020,7.41,,,85,70,2.06,,
1S03,09/02/2020,7.32,,,86,70,2.06,,
1S03A,09/02/2020,7.48,,,85,70,2.22,,
1S03B,09/02/2020,7.61,,,88,70,2.11,,
1S03,10/02/2020,7.37,,,87,66,2.09,,
1S03A,10/02/2020,7.32,,,83,64,2.08,,
1S03B,10/02/2020,7.56,,,89,64,2.04,,
1S03,11/02/2020,7.19,,,88,57,2.12,,
1S03A,11/02/2020,7.22,,,84,57,2.18,,
1S03B,11/02/2020,7.35,,,88,57,2.16,,
1SCL1,11/02/2020,7.22,,,317,61,1.97,,
1S03,12/02/2020,7.31,,,89,50,2.09,,
1S03A,12/02/2020,7.12,,,84,52,2.15,,
1S03B,12/02/2020,7.43,,,89,52,2.13,,
1SCH3,12/02/2020,7.31,,,449,54,1.9,,
1SCL1,12/02/2020,7.31,,,446,54,1.94,,
1S03,01/03/2020,7.25,,,124,41,2.19,,
1S03A,01/03/2020,7.3,,,123,41,2.17,,
1S03B,01/03/2020,7.35,,,125,41,2.09,,
1S03,02/03/2020,7.23,,,137,39,2.07,,
1S03A,02/03/2020,7.16,,,139,41,2.04,,
1S03B,02/03/2020,7.38,,,139,41,2.05,,
1S03,03/03/2020,7.3,,,115,39,2.2,,
1S03A,03/03/2020,7.26,18.2,6.79,112,39,2.14,0,0.008
1S03B,03/03/2020,7.5,19.3,6.75,112,41,2.13,0,0.005
1S07*,03/03/2020,7.24,18.4,6.8,112,41,2.23,0,0.007
1S03,04/03/2020,7.18,,,102,46,2.19,,
1S03A,04/03/2020,7.18,,,101,45,2.14,,
1S03B,04/03/2020,7.38,,,103,45,2.06,,
1S03,05/03/2020,7.21,,,97,48,2.05,,
1S03A,05/03/2020,7.18,,,99,50,2.19,,
1S03B,05/03/2020,7.39,,,100,50,2.15,,
1S03,06/03/2020,7.45,,,96,57,2.09,,
1S03A,06/03/2020,7.34,,,91,57,2.1,,
1S03B,06/03/2020,7.63,,,97,57,2,,
1S03,07/03/2020,7.33,,,85,66,2.09,,
1S03A,07/03/2020,7.32,,,81,64,2.18,,
1S03B,07/03/2020,7.55,,,86,64,2.14,,
1S03,08/03/2020,7.37,,,86,70,2.03,,
1S03A,08/03/2020,7.42,,,83,70,2.17,,
1S03B,08/03/2020,7.55,,,85,70,2.14,,
1S03,09/03/2020,7.27,,,86,70,2.03,,
1S03A,09/03/2020,7.4,,,85,64,2.13,,
1S03B,09/03/2020,7.54,,,87,64,2.09,,
1S03,10/03/2020,7.31,,,89,64,2.05,,
1S03A,10/03/2020,7.28,,,84,64,2.17,,
1S03B,10/03/2020,7.54,,,87,64,2.21,,
1S03,11/03/2020,7.28,,,86,57,2.06,,
1S03A,11/03/2020,7.15,,,86,57,2.1,,
1S03B,11/03/2020,7.32,,,90,57,2.07,,
1SCL1,11/03/2020,7.3,,,300,59,2,,
1S03,12/03/2020,7.26,,,88,50,2.09,,
1S03A,12/03/2020,7.28,,,85,50,2.18,,
1S03B,12/03/2020,7.36,,,89,50,2.24,,
1SCH3,12/03/2020,7.31,,,452,52,1.95,,
1SCL1,12/03/2020,7.26,,,453,54,1.94,,
1S03,01/04/2020,7.3,,,123,43,2.09,,
1S03A,01/04/2020,7.32,,,124,43,2.15,,
1S03B,01/04/2020,7.39,,,126,41,2.08,,
1S03,02/04/2020,7.14,22.7,7.92,137,39,2.53,0,0.01
1S03A,02/04/2020,6.92,21,7.94,133,39,2.18,0,0.011
1S03B,02/04/2020,7.23,23.2,8,134,41,2.06,0,0.005
1S07*,02/04/2020,7.03,18.6,8.02,132,39,2.08,0,0.005
1S03,03/04/2020,7.23,,,114,39,2.18,,
1S03A,03/04/2020,7.27,,,112,39,2.1,,
1S03B,03/04/2020,7.46,,,115,39,2.09,,
1S03,04/04/2020,7.22,,,105,46,2.16,,
1S03A,04/04/2020,7.25,,,102,45,2.04,,
1S03B,04/04/2020,7.43,,,105,45,2.06,,
1S03,05/04/2020,7.29,,,101,52,2.16,,
1S03A,05/04/2020,7.25,,,99,52,2.21,,
1S03B,05/04/2020,7.45,,,101,50,2.07,,
1S03,06/04/2020,7.37,,,95,57,2.11,,
1S03A,06/04/2020,7.3,,,91,55,2.08,,
1S03B,06/04/2020,7.6,,,94,57,2.15,,
1S03,07/04/2020,7.36,,,85,64,2.04,,
1S03A,07/04/2020,7.42,,,83,64,2.1,,
1S03B,07/04/2020,7.72,,,86,64,2.24,,
1S03,08/04/2020,7.32,15.5,4.84,87,70,2.03,0,0.01
1S03A,08/04/2020,7.36,15.3,4.84,83,68,2.24,0,0.01
1S03B,08/04/2020,7.49,16.3,4.86,85,70,2.17,0,0.007
1S07*,08/04/2020,7.32,15.4,5,85,70,2.1,0,0.007
1S03,09/04/2020,7.35,,,85,70,1.98,,
1S03A,09/04/2020,7.36,,,84,70,2.33,,
1S03B,09/04/2020,7.57,,,86,70,2.12,,
1S03,10/04/2020,7.38,,,89,64,2.05,,
1S03A,10/04/2020,7.33,,,84,64,2.12,,
1S03B,10/04/2020,7.6,,,89,64,2.05,,
1S03,11/04/2020,7.32,16.6,5.57,88,55,2.09,0,0.009
1S03A,11/04/2020,7.23,16.6,5.57,87,57,2.16,0,0.012
1S03B,11/04/2020,7.45,17.4,5.48,90,55,2.18,0,0.008
1S07*,11/04/2020,7.24,16.7,5.55,89,55,2.04,0,0.009
1SCL1,11/04/2020,7.34,55.7,19.2,340,59,2.16,0,0.01
1S03,12/04/2020,7.32,,,89,50,2,,
1S03A,12/04/2020,7.25,,,84,50,2.21,,
1S03B,12/04/2020,7.47,,,91,50,2.01,,
1SCH3,12/04/2020,7.31,,,449,52,1.9,,
1SCL1,12/04/2020,7.27,,,451,54,1.98,,
1S03,01/05/2020,7.27,,,128,41,2.06,,
1S03A,01/05/2020,7.34,,,128,41,2.06,,
1S03B,01/05/2020,7.45,,,129,43,2.13,,
1S03,02/05/2020,7.18,,,138,39,2,,
1S03A,02/05/2020,7.15,,,123,39,2.12,,
1S03B,02/05/2020,7.34,,,133,41,2.14,,
1S03,03/05/2020,7.19,,,115,39,2.1,,
1S03A,03/05/2020,7.25,,,112,41,2.16,,
1S03B,03/05/2020,7.38,,,115,41,2.28,,
1S03,04/05/2020,7.28,,,102,45,2.13,,
1S03A,04/05/2020,7.1,,,101,45,2.12,,
1S03B,04/05/2020,7.46,,,102,45,2.08,,
1S03,05/05/2020,7.25,15.4,5.88,101,50,2.18,0,0.012
1S03A,05/05/2020,7.27,14.9,5.95,98,50,2.18,0,0.011
1S03B,05/05/2020,7.29,16.3,5.79,102,50,2.27,0,0.006
1S07*,05/05/2020,7.25,15.2,5.85,101,50,2.07,0,0.005
1S03,06/05/2020,7.25,,,95,57,2.2,,
1S03A,06/05/2020,7.3,,,90,57,1.95,,
1S03B,06/05/2020,7.62,,,94,57,2.08,,
1S03,07/05/2020,7.17,,,85,64,2.26,,
1S03A,07/05/2020,7.24,,,82,64,1.93,,
1S03B,07/05/2020,7.61,,,84,66,2.06,,
1S03,08/05/2020,7.33,,,87,68,2.05,,
1S03A,08/05/2020,7.46,,,84,63,2.07,,
1S03B,08/05/2020,7.54,,,88,66,2.04,,
1S03,09/05/2020,7.26,,,86,70,2.01,,
1S03A,09/05/2020,7.42,,,85,70,2.15,,
1S03B,09/05/2020,7.63,,,88,70,2.04,,
1S03,10/05/2020,7.51,,,89,64,2.08,,
1S03A,10/05/2020,7.22,,,84,64,2.15,,
1S03B,10/05/2020,7.66,,,91,64,2.13,,
1S03,11/05/2020,7.28,,,88,55,2.08,,
1S03A,11/05/2020,7.23,,,85,55,2.09,,
1S03B,11/05/2020,7.4,,,89,55,2.11,,
1SCL1,11/05/2020,7.27,,,272,59,2.02,,
1S03,12/05/2020,7.19,,,87,50,2.07,,
1S03A,12/05/2020,7.16,,,85,50,2.1,,
1S03B,12/05/2020,7.26,,,88,50,2.67,,
1SCH3,12/05/2020,7.21,,,446,54,1.92,,
1SCL1,12/05/2020,7.23,,,445,54,1.95,,
1S03,01/06/2020,7.25,,,125,41,2.11,,
1S03A,01/06/2020,7.34,,,124,41,2.14,,
1S03B,01/06/2020,7.42,,,126,41,2.08,,
1S03,02/06/2020,7.27,,,130,39,2.16,,
1S03A,02/06/2020,7.28,,,119,39,2.11,,
1S03B,02/06/2020,7.28,,,131,43,2.07,,
1S03,03/06/2020,7.16,,,114,39,2.11,,
1S03A,03/06/2020,7.24,,,111,41,2.16,,
1S03B,03/06/2020,7.39,,,115,41,2.06,,
1S03,04/06/2020,7.08,,,104,46,2.19,,
1S03A,04/06/2020,7.37,,,100,46,2.15,,
1S03B,04/06/2020,7.24,,,103,46,2.14,,
1S03,05/06/2020,7.26,,,102,50,2.09,,
1S03A,05/06/2020,7.33,,,101,50,2.13,,
1S03B,05/06/2020,7.55,,,104,50,2.11,,
1S03,06/06/2020,7.47,,,94,59,1.95,,
1S03A,06/06/2020,7.42,,,90,57,1.98,,
1S03B,06/06/2020,7.72,,,94,59,2.04,,
1S03,07/06/2020,7.22,,,85,66,1.99,,
1S03A,07/06/2020,7.31,,,82,64,2.04,,
1S03B,07/06/2020,7.55,,,87,64,2.06,,
1S03,08/06/2020,7.38,,,87,66,2.06,,
1S03A,08/06/2020,7.42,,,84,64,2.14,,
1S03B,08/06/2020,7.6,,,85,64,2.22,,
1S03,09/06/2020,7.25,,,86,70,2.1,,
1S03A,09/06/2020,7.36,,,85,70,2.24,,
1S03B,09/06/2020,7.55,,,87,68,1.98,,
1S03,10/06/2020,7.45,,,88,64,2.06,,
1S03A,10/06/2020,7.33,15.7,5.37,83,64,2.12,0,0.015
1S03B,10/06/2020,7.68,17.8,5.37,88,64,2.09,0,0.007
1S07*,10/06/2020,7.41,16.6,5.24,86,64,2.04,0,0.006
1S03,11/06/2020,7.35,,,89,55,2.07,,
1S03A,11/06/2020,7.3,,,85,55,2.09,,
1S03B,11/06/2020,7.35,,,90,57,2.26,,
1SCL1,11/06/2020,7.32,,,302,59,2,,
1S03,12/06/2020,7.32,,,91,48,1.99,,
1S03A,12/06/2020,7.31,,,88,50,2.05,,
1S03B,12/06/2020,7.45,,,89,50,2.05,,
1SCH3,12/06/2020,7.35,,,450,52,1.82,,
1SCL1,12/06/2020,7.32,,,448,52,1.89,,
1S03,01/07/2020,7.32,,,127,41,1.85,,
1S03A,01/07/2020,7.38,22.1,7.56,127,41,2.05,0,0.007
1S03B,01/07/2020,7.38,22.8,7.38,128,41,2.06,0,0.004
1S07*,01/07/2020,7.33,22.2,7.45,125,41,2.12,0,0.004
1S03,02/07/2020,7.25,,,129,39,2,,
1S03A,02/07/2020,7.15,,,116,39,2.05,,
1S03B,02/07/2020,7.31,,,127,41,2.06,,
1S03,03/07/2020,7.27,,,111,39,2.24,,
1S03A,03/07/2020,7.24,,,93,39,2.01,,
1S03B,03/07/2020,7.4,,,108,39,2.11,,
1S03,04/07/2020,7.32,,,101,46,2.06,,
1S03A,04/07/2020,7.25,15.9,6.2,99,46,2.17,0,0.007
1S03B,04/07/2020,7.33,16.8,6.17,100,45,2.03,0,0.004
1S07*,04/07/2020,7.12,16.6,6.18,104,46,2.08,0,0.005
1S03,05/07/2020,7.37,,,102,50,1.99,,
1S03A,05/07/2020,7.24,,,100,50,2.1,,
1S03B,05/07/2020,7.46,,,103,50,2.1,,
1S03,06/07/2020,7.45,,,93,57,2.16,,
1S03A,06/07/2020,7.44,,,89,57,2.2,,
1S03B,06/07/2020,7.67,,,91,57,1.9,,
1S03,07/07/2020,7.41,,,85,66,2.15,,
1S03A,07/07/2020,7.35,14.6,4.92,82,64,2.17,0,0.01
1S03B,07/07/2020,7.67,16,5,86,66,2.02,0,0.005
1S07*,07/07/2020,7.36,14.5,4.87,85,66,2.06,0,0.007
1S03,08/07/2020,7.23,,,86,66,2.06,,
1S03A,08/07/2020,7.41,,,84,64,2.06,,
1S03B,08/07/2020,7.63,,,87,64,1.92,,
1S03,09/07/2020,7.2,,,87,70,2.02,,
1S03A,09/07/2020,7.4,,,85,70,2.11,,
1S03B,09/07/2020,7.54,,,87,70,2.21,,
1S03,10/07/2020,7.38,,,88,64,1.98,,
1S03A,10/07/2020,7.39,,,84,64,2.05,,
1S03B,10/07/2020,7.53,,,88,64,2.1,,
1S03,11/07/2020,7.25,,,90,55,2.33,,
1S03A,11/07/2020,7.25,,,85,55,2.47,,
1S03B,11/07/2020,7.34,,,86,57,2.1,,
1SCL1,11/07/2020,7.3,,,305,59,2.08,,
1S03,12/07/2020,7.25,,,90,48,2.03,,
1S03A,12/07/2020,7.23,,,88,48,2.03,,
1S03B,12/07/2020,7.4,,,91,48,2.01,,
1SCH3,12/07/2020,7.31,,,459,50,1.9,,
1SCL1,12/07/2020,7.31,,,459,52,1.98,,
1S03,01/08/2020,7.28,,,127,41,2.12,,
1S03A,01/08/2020,7.25,,,126,41,1.99,,
1S03B,01/08/2020,7.35,,,129,41,2.08,,
1S03,02/08/2020,7.28,,,125,39,1.99,,
1S03A,02/08/2020,7.21,,,130,39,1.96,,
1S03B,02/08/2020,7.43,,,128,41,2.24,,
1S03,03/08/2020,7.18,,,95,39,2.12,,
1S03A,03/08/2020,7.35,,,95,39,2.09,,
1S03B,03/08/2020,7.47,,,97,41,1.65,,
1S03,04/08/2020,7.27,,,103,46,2.18,,
1S03A,04/08/2020,7.22,,,99,45,2.11,,
1S03B,04/08/2020,7.48,,,102,45,2.08,,
1S03,05/08/2020,7.34,,,103,50,2.03,,
1S03A,05/08/2020,7.33,,,101,50,2.22,,
1S03B,05/08/2020,7.55,,,103,50,2.15,,
1S03,06/08/2020,7.22,,,94,59,2.3,,
1S03A,06/08/2020,7.27,,,90,57,2.1,,
1S03B,06/08/2020,7.51,,,94,59,1.96,,
1S03,07/08/2020,7.41,,,85,66,2.06,,
1S03A,07/08/2020,7.49,,,83,66,2.05,,
1S03B,07/08/2020,7.77,,,87,66,2.07,,
1S03,08/08/2020,7.32,,,86,64,1.95,,
1S03A,08/08/2020,7.39,,,83,63,2.06,,
1S03B,08/08/2020,7.51,,,87,66,2.1,,
1S03,09/08/2020,7.26,,,86,70,2.1,,
1S03A,09/08/2020,7.42,,,84,70,2.14,,
1S03B,09/08/2020,7.54,,,87,70,2.08,,
1S03,10/08/2020,7.27,,,87,64,2,,
1S03A,10/08/2020,7.29,,,85,64,2.04,,
1S03B,10/08/2020,7.47,,,89,63,2.12,,
1S03,11/08/2020,7.3,,,84,57,2.02,,
1S03A,11/08/2020,7.2,,,85,55,2.08,,
1S03B,11/08/2020,7.34,,,86,55,2.3,,
1SCL1,11/08/2020,7.28,,,383,59,1.91,,
1S03,12/08/2020,7.16,,,89,48,2.07,,
1S03A,12/08/2020,7.16,,,86,48,2.13,,
1S03B,12/08/2020,7.47,,,90,48,2.28,,
1SCH3,12/08/2020,7.29,,,450,50,1.92,,
1SCL1,12/08/2020,7.25,,,449,52,2.02,,
1S03,01/09/2020,7.29,,,130,39,2.15,,
1S03A,01/09/2020,7.23,,,126,41,2.04,,
1S03B,01/09/2020,7.38,,,129,41,2.1,,
1S03,02/09/2020,7.28,,,126,39,1.98,,
1S03A,02/09/2020,7.28,,,132,39,2.07,,
1S03B,02/09/2020,7.43,,,131,39,1.97,,
1S03,03/09/2020,7.19,,,104,39,2.14,,
1S03A,03/09/2020,7.18,,,94,39,2.14,,
1S03B,03/09/2020,7.3,,,103,41,2.02,,
1S03,04/09/2020,7.24,,,103,46,2.15,,
1S03A,04/09/2020,7.36,,,99,46,2.14,,
1S03B,04/09/2020,7.44,,,102,46,2.1,,
1S03,05/09/2020,7.33,,,103,50,1.97,,
1S03A,05/09/2020,7.42,,,101,50,2.14,,
1S03B,05/09/2020,7.59,,,104,50,2.06,,
1S03,06/09/2020,7.38,,,93,59,2.21,,
1S03A,06/09/2020,7.45,,,89,59,2.09,,
1S03B,06/09/2020,7.7,,,95,59,2,,
1S03,07/09/2020,7.28,,,83,66,2.03,,
1S03A,07/09/2020,7.44,,,82,66,2.04,,
1S03B,07/09/2020,7.67,,,86,66,1.83,,
1S03,08/09/2020,7.38,,,86,66,1.99,,
1S03A,08/09/2020,7.38,,,84,68,1.95,,
1S03B,08/09/2020,7.68,,,86,68,1.98,,
1S03,09/09/2020,7.39,,,86,70,1.99,,
1S03A,09/09/2020,7.39,,,84,70,2.08,,
1S03B,09/09/2020,7.6,,,87,70,2.07,,
1S03,10/09/2020,7.31,,,88,63,2.15,,
1S03A,10/09/2020,7.4,,,85,63,2.14,,
1S03B,10/09/2020,7.32,,,89,63,2.09,,
1S03,11/09/2020,7.35,,,89,55,2.02,,
1S03A,11/09/2020,7.31,,,84,55,2.1,,
1S03B,11/09/2020,7.53,,,89,55,2.1,,
1SCL1,11/09/2020,7.34,,,368,59,1.92,,
1S03,12/09/2020,7.26,,,90,46,2.31,,
1S03A,12/09/2020,7.11,,,86,48,2.13,,
1S03B,12/09/2020,7.34,,,89,48,2.05,,
1SCH3,12/09/2020,7.24,,,454,50,1.9,,
1SCL1,12/09/2020,7.21,,,454,50,2.02,,
1S03,01/10/2020,7.27,,,124,39,2.18,,
1S03A,01/10/2020,7.25,,,124,41,2.01,,
1S03B,01/10/2020,7.41,,,129,41,2.06,,
1S03,02/10/2020,7.28,,,128,41,2.32,,
1S03A,02/10/2020,7.2,,,116,39,2.1,,
1S03B,02/10/2020,7.31,,,128,39,2.13,,
1S03,03/10/2020,7.23,,,104,45,2.11,,
1S03A,03/10/2020,7.17,,,107,41,2.07,,
1S03B,03/10/2020,7.31,,,107,41,2.03,,
1S03,04/10/2020,7.23,,,101,45,2.14,,
1S03A,04/10/2020,7.3,,,101,45,2.11,,
1S03B,04/10/2020,7.42,,,102,45,2.09,,
1S03,05/10/2020,7.18,,,102,50,2.06,,
1S03A,05/10/2020,7.32,,,100,50,2.22,,
1S03B,05/10/2020,7.41,,,102,50,2.1,,
1S03,06/10/2020,7.45,,,92,59,1.96,,
1S03A,06/10/2020,7.43,,,88,59,2.16,,
1S03B,06/10/2020,7.64,,,91,59,2.14,,
1S03,07/10/2020,7.39,,,85,66,2.04,,
1S03A,07/10/2020,7.48,,,83,66,2.07,,
1S03B,07/10/2020,7.67,,,86,66,2.01,,
1S03,08/10/2020,7.3,,,86,68,2.08,,
1S03A,08/10/2020,7.42,,,84,68,2.19,,
1S03B,08/10/2020,7.54,,,88,68,2.01,,
1S03,09/10/2020,7.28,,,87,70,1.95,,
1S03A,09/10/2020,7.32,,,83,68,2.06,,
1S03B,09/10/2020,7.49,,,87,70,2.01,,
1S03,10/10/2020,7.37,,,89,64,2,,
1S03A,10/10/2020,7.33,,,84,64,2.1,,
1S03B,10/10/2020,7.46,,,85,63,2.16,,
1S03,11/10/2020,7.29,,,89,55,2.07,,
1S03A,11/10/2020,7.21,,,83,57,2.1,,
1S03B,11/10/2020,7.42,,,88,57,2.13,,
1SCL1,11/10/2020,7.23,,,356,59,1.89,,
1S03,12/10/2020,7.26,,,91,46,2.04,,
1S03A,12/10/2020,7.19,,,90,48,2.07,,
1S03B,12/10/2020,7.32,,,89,48,2.01,,
1SCH3,12/10/2020,7.16,,,454,50,1.99,,
1SCL1,12/10/2020,7.28,,,455,50,1.95,,
1S03,01/11/2020,7.29,,,130,43,2.22,,
1S03A,01/11/2020,7.28,,,125,45,2.33,,
1S03B,01/11/2020,7.44,,,131,43,2.07,,
1S03,02/11/2020,7.21,,,124,39,2.08,,
1S03A,02/11/2020,7.16,,,111,39,2.03,,
1S03B,02/11/2020,7.28,,,121,39,1.99,,
1S03,03/11/2020,7.2,,,106,41,2.14,,
1S03A,03/11/2020,7.26,,,107,41,2.12,,
1S03B,03/11/2020,7.35,,,106,41,2.14,,
1S03,04/11/2020,7.18,,,101,45,2.13,,
1S03A,04/11/2020,7.22,,,101,45,2.07,,
1S03B,04/11/2020,7.42,,,102,45,2,,
1S03,05/11/2020,7.26,,,102,50,2,,
1S03A,05/11/2020,7.2,,,98,50,2.12,,
1S03B,05/11/2020,7.3,,,102,52,2.01,,
1S03,06/11/2020,7.45,,,93,59,2.15,,
1S03A,06/11/2020,7.47,,,89,59,2,,
1S03B,06/11/2020,7.69,,,91,59,2.06,,
1S03,07/11/2020,7.25,,,85,68,2.07,,
1S03A,07/11/2020,7.32,,,82,63,2.07,,
1S03B,07/11/2020,7.48,,,84,63,1.93,,
1S03,08/11/2020,7.3,,,86,70,2.06,,
1S03A,08/11/2020,7.38,,,84,68,2.08,,
1S03B,08/11/2020,7.56,,,86,68,2.02,,
1S03,09/11/2020,7.31,,,87,70,1.93,,
1S03A,09/11/2020,7.33,,,84,70,2.08,,
1S03B,09/11/2020,7.4,,,87,70,2.16,,
1S03,10/11/2020,7.48,,,90,63,2.03,,
1S03A,10/11/2020,7.33,,,85,63,2.16,,
1S03B,10/11/2020,7.47,,,86,63,2.07,,
1S03,11/11/2020,7.31,,,88,55,2.04,,
1S03A,11/11/2020,7.19,,,84,55,2.16,,
1S03B,11/11/2020,7.38,,,86,55,2.02,,
1SCL1,11/11/2020,7.27,,,395,59,2.02,,
1S03,12/11/2020,7.29,,,91,52,2.07,,
1S03A,12/11/2020,7.27,,,90,48,2.17,,
1S03B,12/11/2020,7.46,,,91,48,2.13,,
1SCH3,12/11/2020,7.27,,,457,50,2.01,,
1SCL1,12/11/2020,7.26,,,456,50,2,,
1S03,01/12/2020,7.28,,,128,41,2.14,,
1S03A,01/12/2020,7.24,,,129,41,2.11,,
1S03B,01/12/2020,7.39,,,130,43,2.02,,
1S03,02/12/2020,7.16,,,119,39,1.99,,
1S03A,02/12/2020,7.23,,,105,39,2.15,,
1S03B,02/12/2020,7.29,,,113,39,2.1,,
1S03,03/12/2020,7.2,,,104,41,2.18,,
1S03A,03/12/2020,7.28,,,104,41,2.2,,
1S03B,03/12/2020,7.34,,,109,41,2.09,,
1S03,04/12/2020,7.34,,,104,45,2,,
1S03A,04/12/2020,7.26,,,100,45,2.22,,
1S03B,04/12/2020,7.42,,,101,46,2.12,,
1S03,05/12/2020,7.11,,,102,50,2.01,,
1S03A,05/12/2020,7.46,,,102,50,2.19,,
1S03B,05/12/2020,7.47,,,105,50,2.2,,
1S03,06/12/2020,7.39,,,92,61,2.14,,
1S03A,06/12/2020,7.46,,,88,61,2.3,,
1S03B,06/12/2020,7.61,,,93,61,2.18,,
1S03,07/12/2020,7.31,,,84,66,2.08,,
1S03A,07/12/2020,7.35,,,82,66,1.87,,
1S03B,07/12/2020,7.55,,,85,66,2.24,,
1S03,08/12/2020,7.34,,,86,70,2.06,,
1S03A,08/12/2020,7.43,,,84,68,2.12,,
1S03B,08/12/2020,7.66,,,87,70,2.23,,
1S03,09/12/2020,7.25,,,87,70,2.07,,
1S03A,09/12/2020,7.41,,,86,70,2.09,,
1S03B,09/12/2020,7.5,,,88,70,2.28,,
1S03,10/12/2020,7.41,,,90,63,1.98,,
1S03A,10/12/2020,7.27,,,85,63,1.92,,
1S03B,10/12/2020,7.44,,,89,63,2.11,,
1S03,11/12/2020,7.31,,,88,57,2.12,,
1S03A,11/12/2020,7.19,,,84,57,2.14,,
1S03B,11/12/2020,7.46,,,89,55,2.07,,
1SCL1,11/12/2020,7.3,,,403,59,2.02,,
1S03,12/12/2020,7.38,,,93,48,2.04,,
1S03A,12/12/2020,7.22,,,88,48,2.16,,
1S03B,12/12/2020,7.52,,,94,50,2.11,,
1SCH3,12/12/2020,7.33,,,450,50,1.94,,
1SCL1,12/12/2020,7.35,,,451,50,2.03,,
1S03,01/01/2021,7.32,,,94,43,2.03,,
1S03A,01/01/2021,7.26,,,93,43,2.1,,
1S03B,01/01/2021,7.51,,,95,43,2.08,,
1SCH3,01/01/2021,7.29,,,444,43,1.97,,
1SCL1,01/01/2021,7.3,,,447,45,2,,
1S03,02/01/2021,7.32,,,95,37,2.05,,
1S03A,02/01/2021,7.19,,,96,37,2.15,,
1S03B,02/01/2021,7.38,,,96,37,2.19,,
1SCH3,02/01/2021,7.25,,,423,39,2.04,,
1SCL1,02/01/2021,7.35,,,435,39,1.87,,
1S03,03/01/2021,7.35,,,98,37,2.14,,
1S03A,03/01/2021,7.18,,,97,39,2.06,,
1S03B,03/01/2021,7.36,,,98,39,2.31,,
1SCL1,03/01/2021,7.34,,,400,39,2.38,,
1S03,04/01/2021,7.28,,,90,45,2.08,,
1S03A,04/01/2021,7.22,,,89,43,2.14,,
1S03B,04/01/2021,7.34,,,90,43,2.11,,
1SCH3,04/01/2021,7.3,,,489,43,2.09,,
1SCL1,04/01/2021,7.31,,,472,45,2.09,,
1S03,05/01/2021,7.16,,,96,50,2.13,,
1S03A,05/01/2021,7.14,,,92,50,2.18,,
1S03B,05/01/2021,7.38,,,95,50,2.12,,
1SCH3,05/01/2021,7.33,,,480,46,2.17,,
1SCL1,05/01/2021,7.25,,,482,46,2.04,,
1S03,06/01/2021,7.41,,,96,59,2.15,,
1S03A,06/01/2021,7.38,15.8,5.46,92,57,2.02,0,0.008
1S03B,06/01/2021,7.54,17.1,5.46,94,57,2.2,0,0.006
1S07*,06/01/2021,7.4,16.7,5.44,95,59,2.19,0,0.006
1SCL1,06/01/2021,7.24,61.1,22.8,424,52,2.07,0,0.005
1S03,07/01/2021,7.44,,,92,63,2.11,,
1S03A,07/01/2021,7.3,,,90,61,2.12,,
1S03B,07/01/2021,7.41,,,93,63,2.13,,
1SCL1,07/01/2021,7.21,,,417,57,2.11,,
1S03,08/01/2021,7.38,,,94,63,2.12,,
1S03A,08/01/2021,7.4,,,91,63,2.18,,
1S03B,08/01/2021,7.46,,,95,63,2.18,,
1SCL1,08/01/2021,7.22,,,445,57,2.29,,
1S03,09/01/2021,7.34,,,91,68,2.06,,
1S03A,09/01/2021,7.29,,,89,68,2.08,,
1S03B,09/01/2021,7.44,,,91,68,2.14,,
1SCL1,09/01/2021,7.35,,,430,63,2.17,,
1S03,10/01/2021,7.27,,,95,63,2.09,,
1S03A,10/01/2021,7.31,,,92,63,1.98,,
1S03B,10/01/2021,7.51,,,97,63,2.08,,
1SCH3,10/01/2021,7.27,,,475,59,2.08,,
1SCL1,10/01/2021,7.22,,,471,61,2.1,,
1S03,11/01/2021,7.28,,,90,59,2.07,,
1S03A,11/01/2021,7.16,,,85,59,2.08,,
1S03B,11/01/2021,7.4,,,91,59,2.09,,
1SCH3,11/01/2021,7.31,,,387,63,2.08,,
1SCL1,11/01/2021,7.27,,,388,64,2.09,,
1S03,12/01/2021,7.19,,,98,48,2.12,,
1S03A,12/01/2021,7.14,,,95,50,1.97,,
1S03B,12/01/2021,7.32,,,98,50,2.1,,
1SCH3,12/01/2021,7.26,,,392,52,2.11,,
1SCL1,12/01/2021,7.24,,,378,54,2.14,,
1S03,01/02/2021,7.33,,,94,43,2.02,,
1S03A,01/02/2021,7.22,,,92,45,2.1,,
1S03B,01/02/2021,7.42,,,96,43,2.07,,
1SCH3,01/02/2021,7.33,,,440,45,1.97,,
1SCL1,01/02/2021,7.32,,,446,45,1.97,,
1S03,02/02/2021,7.37,15.3,5.83,94,37,2.11,0,0.008
1S03A,02/02/2021,7.17,14.4,5.54,94,36,2.12,0,0.01
1S03B,02/02/2021,7.35,15.5,5.57,98,37,2.18,0,0.006
1S07*,02/02/2021,7.29,22.7,8.67,144,37,2.05,0,0.005
1SCH3,02/02/2021,7.28,61.1,25,432,37,2.07,0,0.028
1SCL1,02/02/2021,7.3,62.6,25.8,433,39,1.94,0,0.005
1S03,03/02/2021,7.24,,,100,37,2.02,,
1S03A,03/02/2021,7.27,15.3,5.84,96,37,2.09,0,0.007
1S03B,03/02/2021,7.36,16.4,5.83,100,37,2.24,0,0.005
1S07*,03/02/2021,7.34,16,5.89,100,37,2.05,0,0.005
1SCL1,03/02/2021,7.44,55.1,20.4,374,39,2.2,0,0.003
1S03,04/02/2021,7.26,,,94,45,2.01,,
1S03A,04/02/2021,7.23,,,88,43,2.18,,
1S03B,04/02/2021,7.42,,,91,43,2.17,,
1SCH3,04/02/2021,7.29,,,492,43,2.13,,
1SCL1,04/02/2021,7.28,,,476,45,2.07,,
1S03,05/02/2021,7.26,,,97,50,2.09,,
1S03A,05/02/2021,7.12,,,94,50,2.15,,
1S03B,05/02/2021,7.38,,,96,52,1.91,,
1SCH3,05/02/2021,7.32,,,484,46,2.29,,
1SCL1,05/02/2021,7.21,,,480,46,2,,
1S03,06/02/2021,7.33,,,96,57,2.17,,
1S03A,06/02/2021,7.33,,,91,57,2.1,,
1S03B,06/02/2021,7.57,,,97,57,2.15,,
1SCL1,06/02/2021,7.23,,,405,52,2.03,,
1S03,07/02/2021,7.41,,,93,63,2.12,,
1S03A,07/02/2021,7.38,,,91,61,2.08,,
1S03B,07/02/2021,7.58,,,93,63,2.18,,
1SCL1,07/02/2021,7.24,,,449,55,2.1,,
1S03,08/02/2021,7.31,,,95,64,2.1,,
1S03A,08/02/2021,7.36,,,91,64,2.1,,
1S03B,08/02/2021,7.46,,,95,64,2.22,,
1SCL1,08/02/2021,7.21,,,456,59,2.21,,
1S03,09/02/2021,7.37,,,93,66,2.14,,
1S03A,09/02/2021,7.25,,,92,68,2.15,,
1S03B,09/02/2021,7.34,,,95,66,2.4,,
1SCL1,09/02/2021,7.29,,,441,61,1.83,,
1S03,10/02/2021,7.34,,,98,63,2.11,,
1S03A,10/02/2021,7.21,,,92,63,2.1,,
1S03B,10/02/2021,7.37,,,95,63,2.11,,
1SCH3,10/02/2021,7.24,,,424,63,2.16,,
1SCL1,10/02/2021,7.23,,,417,64,2.17,,
1S03,11/02/2021,7.31,,,90,59,2.11,,
1S03A,11/02/2021,7.24,,,84,59,2.08,,
1S03B,11/02/2021,7.47,,,91,59,2.09,,
1SCH3,11/02/2021,7.31,,,386,63,2.12,,
1SCL1,11/02/2021,7.3,,,385,63,2.09,,
1S03,12/02/2021,7.2,,,97,48,2.07,,
1S03A,12/02/2021,7.16,,,95,50,1.95,,
1S03B,12/02/2021,7.26,,,98,48,2.01,,
1SCH3,12/02/2021,7.25,,,396,52,2.09,,
1SCL1,12/02/2021,7.21,,,395,54,2.13,,
1S03,01/03/2021,7.38,,,96,43,2.11,,
1S03A,01/03/2021,7.31,,,94,45,2.23,,
1S03B,01/03/2021,7.52,,,98,43,2.26,,
1SCH3,01/03/2021,7.28,,,445,45,2.16,,
1SCL1,01/03/2021,7.28,,,446,45,2.08,,
1S03,02/03/2021,7.29,,,95,37,2.11,,
1S03A,02/03/2021,7.13,,,94,37,2.15,,
1S03B,02/03/2021,7.29,,,98,37,2.14,,
1SCH3,02/03/2021,7.28,,,435,37,1.94,,
1SCL1,02/03/2021,7.26,,,436,39,1.95,,
1S03,03/03/2021,7.24,,,98,37,2.13,,
1S03A,03/03/2021,7.32,,,95,37,2.12,,
1S03B,03/03/2021,7.47,,,99,37,2.13,,
1SCL1,03/03/2021,7.36,,,396,41,2.34,,
1S03,04/03/2021,7.29,,,93,45,2,,
1S03A,04/03/2021,7.18,,,90,43,2.07,,
1S03B,04/03/2021,7.41,,,93,43,2.15,,
1SCH3,04/03/2021,7.32,,,490,43,2.24,,
1SCL1,04/03/2021,7.31,,,489,45,2.04,,
1S03,05/03/2021,7.32,,,97,52,2.07,,
1S03A,05/03/2021,7.25,,,93,50,2.13,,
1S03B,05/03/2021,7.48,,,96,50,2.03,,
1SCH3,05/03/2021,7.41,,,491,46,2.19,,
1SCL1,05/03/2021,7.29,,,484,46,1.92,,
1S03,06/03/2021,7.42,,,95,57,2.15,,
1S03A,06/03/2021,7.4,,,91,57,2.19,,
1S03B,06/03/2021,7.53,,,96,57,2.2,,
1SCL1,06/03/2021,7.28,,,427,52,2.14,,
1S03,07/03/2021,7.44,,,93,63,2.38,,
1S03A,07/03/2021,7.39,,,90,61,2.05,,
1S03B,07/03/2021,7.46,,,93,63,2.12,,
1SCL1,07/03/2021,7.26,,,445,55,2.28,,
1S03,08/03/2021,7.38,17.6,5.43,94,63,2.13,0,0.01
1S03A,08/03/2021,7.41,17,5.46,91,64,2.11,0,0.009
1S03B,08/03/2021,7.59,18,5.5,95,64,2.21,0,0.006
1S07*,08/03/2021,7.41,17.5,5.5,94,64,2.06,0,0.016
1SCL1,08/03/2021,7.21,59.9,22.3,422,59,2.21,0,0.006
1S03,09/03/2021,7.31,,,92,66,2.09,,
1S03A,09/03/2021,7.27,,,87,64,2.09,,
1S03B,09/03/2021,7.47,,,92,66,2.13,,
1SCL1,09/03/2021,7.22,,,420,63,2.2,,
1S03,10/03/2021,7.41,,,98,63,2.13,,
1S03A,10/03/2021,7.22,,,92,63,2.04,,
1S03B,10/03/2021,7.36,,,95,63,2.02,,
1SCH3,10/03/2021,7.33,,,396,66,2.13,,
1SCL1,10/03/2021,7.31,,,395,68,2.23,,
1S03,11/03/2021,7.24,15.7,5.06,88,57,2.08,0,0.011
1S03A,11/03/2021,7.2,14.5,5.01,84,59,2.21,0,0.01
1S03B,11/03/2021,7.27,16.2,5,88,57,2.09,0,0.008
1S07*,11/03/2021,7.15,14.7,5.02,84,59,2.05,0,0.017
1SCH3,11/03/2021,7.27,64.5,22.5,382,63,2.08,0,0.016
1SCL1,11/03/2021,7.23,64.5,22.5,383,63,2.12,0,0.005
1S03,12/03/2021,7.13,,,95,48,2.04,,
1S03A,12/03/2021,7.1,,,94,50,1.98,,
1S03B,12/03/2021,7.32,,,97,50,2.03,,
1SCH3,12/03/2021,7.21,,,393,52,2.11,,
1SCL1,12/03/2021,7.19,,,394,52,2.08,,
1S03,01/04/2021,7.38,,,95,43,1.99,,
1S03A,01/04/2021,7.12,,,93,43,2.21,,
1S03B,01/04/2021,7.35,,,95,45,2.07,,
1SCH3,01/04/2021,7.3,,,455,43,1.9,,
1SCL1,01/04/2021,7.29,,,455,45,2.06,,
1S03,02/04/2021,7.19,,,95,36,2.05,,
1S03A,02/04/2021,7.29,,,89,37,2.17,,
1S03B,02/04/2021,7.36,,,98,37,2.23,,
1SCH3,02/04/2021,7.4,,,423,37,1.94,,
1SCL1,02/04/2021,7.31,,,414,39,2.05,,
1S03,03/04/2021,7.27,,,98,39,1.84,,
1S03A,03/04/2021,7.27,,,95,37,2.2,,
1S03B,03/04/2021,7.44,,,97,37,2.24,,
1SCL1,03/04/2021,7.39,,,387,39,2.16,,
1S03,04/04/2021,7.12,,,94,43,1.99,,
1S03A,04/04/2021,7.15,,,92,43,2.16,,
1S03B,04/04/2021,7.39,,,96,45,2.21,,
1SCH3,04/04/2021,7.31,,,494,43,2.25,,
1SCL1,04/04/2021,7.32,,,487,45,2.19,,
1S03,05/04/2021,7.26,15.3,5.67,96,52,2.23,0,0.009
1S03A,05/04/2021,7.1,14.8,5.73,90,50,2.1,0,0.008
1S03B,05/04/2021,7.32,15.7,5.72,94,52,1.94,0,0.007
1S07*,05/04/2021,7.26,15.4,5.61,96,54,2.17,0,0.006
1SCH3,05/04/2021,7.29,66.3,26.9,480,46,2.28,0,0.015
1SCL1,05/04/2021,7.37,65.3,26.4,484,46,2.03,0,0.004
1S03,06/04/2021,7.41,,,94,57,2.11,,
1S03A,06/04/2021,7.33,,,92,57,2.06,,
1S03B,06/04/2021,7.59,,,96,57,2.17,,
1SCL1,06/04/2021,7.27,,,433,52,2.08,,
1S03,07/04/2021,7.37,,,94,61,2.09,,
1S03A,07/04/2021,7.36,,,92,61,2.06,,
1S03B,07/04/2021,7.43,,,93,61,2.14,,
1SCL1,07/04/2021,7.2,,,449,55,2.26,,
1S03,08/04/2021,7.33,,,95,64,2.06,,
1S03A,08/04/2021,7.33,,,91,63,2.11,,
1S03B,08/04/2021,7.54,,,97,64,2.2,,
1SCL1,08/04/2021,7.16,,,444,61,2.2,,
1S03,09/04/2021,7.37,,,94,66,2.04,,
1S03A,09/04/2021,7.35,,,91,64,2.13,,
1S03B,09/04/2021,7.41,,,93,63,2.2,,
1SCL1,09/04/2021,7.23,,,407,63,2.16,,
1S03,10/04/2021,7.33,,,95,64,2.08,,
1S03A,10/04/2021,7.2,,,90,64,2.07,,
1S03B,10/04/2021,7.49,,,95,64,2.11,,
1SCH3,10/04/2021,7.29,,,387,68,2.09,,
1SCL1,10/04/2021,7.28,,,386,68,2.05,,
1S03,11/04/2021,7.26,,,88,57,2.12,,
1S03A,11/04/2021,7.2,,,85,59,2.06,,
1S03B,11/04/2021,7.41,,,89,57,2.07,,
1SCH3,11/04/2021,7.27,,,382,61,2.12,,
1SCL1,11/04/2021,7.25,,,383,63,2.13,,
1S03,12/04/2021,7.23,,,96,48,2.09,,
1S03A,12/04/2021,7.17,,,96,48,2,,
1S03B,12/04/2021,7.4,,,97,48,2.07,,
1SCH3,12/04/2021,7.24,,,390,52,2.14,,
1SCL1,12/04/2021,7.23,,,392,52,2.14,,
1S03,01/05/2021,7.33,,,94,43,1.99,,
1S03A,01/05/2021,7.28,15.5,5.82,91,45,2.29,0,0.011
1S03B,01/05/2021,7.45,16.2,5.8,93,45,2.15,0,0.007
1S07*,01/05/2021,7.1,18.1,6.67,111,43,2.13,0,0.006
1SCH3,01/05/2021,7.31,66.9,26.2,441,43,2,0,0.032
1SCL1,01/05/2021,7.28,66.9,26.2,441,45,1.95,0,0.006
1S03,02/05/2021,7.35,,,98,39,2.07,,
1S03A,02/05/2021,7.42,,,98,37,2.2,,
1S03B,02/05/2021,7.28,,,101,37,2.07,,
1SCH3,02/05/2021,7.23,,,437,39,1.97,,
1SCL1,02/05/2021,7.3,,,436,39,2.05,,
1S03,03/05/2021,7.13,,,98,39,2.13,,
1S03A,03/05/2021,7.16,,,88,39,2.12,,
1S03B,03/05/2021,7.36,,,89,37,2.11,,
1SCL1,03/05/2021,7.31,,,411,39,2.27,,
1S03,04/05/2021,7.15,,,94,45,2.38,,
1S03A,04/05/2021,7.22,,,91,45,2.08,,
1S03B,04/05/2021,7.36,,,93,43,2.17,,
1SCH3,04/05/2021,7.34,,,500,43,2.4,,
1SCL1,04/05/2021,7.34,,,496,45,2.12,,
1S03,05/05/2021,7.28,,,96,52,2.13,,
1S03A,05/05/2021,7.18,,,93,52,2.07,,
1S03B,05/05/2021,7.42,,,98,52,2.15,,
1SCH3,05/05/2021,7.34,,,486,46,2.27,,
1SCL1,05/05/2021,7.22,,,481,46,2.04,,
1S03,06/05/2021,7.37,,,94,57,2.18,,
1S03A,06/05/2021,7.24,,,91,57,2.1,,
1S03B,06/05/2021,7.34,,,94,57,2.21,,
1SCL1,06/05/2021,7.21,,,423,54,2.07,,
1S03,07/05/2021,7.29,,,93,61,2.16,,
1S03A,07/05/2021,7.28,,,91,61,2.13,,
1S03B,07/05/2021,7.41,,,94,61,2.19,,
1SCL1,07/05/2021,7.19,,,436,55,2.38,,
1S03,08/05/2021,7.39,,,94,64,2.14,,
1S03A,08/05/2021,7.41,,,91,64,2.12,,
1S03B,08/05/2021,7.57,,,95,64,2.17,,
1SCL1,08/05/2021,7.34,,,448,61,2.24,,
1S03,09/05/2021,7.32,,,93,64,2.12,,
1S03A,09/05/2021,7.24,,,90,64,2.12,,
1S03B,09/05/2021,7.22,,,92,64,2.16,,
1SCL1,09/05/2021,7.26,,,404,63,2.05,,
1S03,10/05/2021,7.39,,,95,64,2.07,,
1S03A,10/05/2021,7.27,17.6,5.33,91,63,2.24,0,0.012
1S03B,10/05/2021,7.43,19.2,5.37,96,63,2.14,0,0.008
1S07*,10/05/2021,7.31,18.7,5.38,95,64,2.15,0,0.014
1SCH3,10/05/2021,7.36,64.2,21.9,374,68,2.19,0,0.019
1SCL1,10/05/2021,7.44,64.6,21.9,376,68,2.14,0,0.007
1S03,11/05/2021,7.28,,,89,57,2.19,,
1S03A,11/05/2021,7.21,,,84,57,2.05,,
1S03B,11/05/2021,7.48,,,89,57,2.08,,
1SCH3,11/05/2021,7.29,,,385,61,2.15,,
1SCL1,11/05/2021,7.3,,,385,63,2.11,,
1S03,12/05/2021,7.2,,,93,48,2.21,,
1S03A,12/05/2021,7.15,,,95,48,2.14,,
1S03B,12/05/2021,7.31,,,98,48,2.17,,
1SCH3,12/05/2021,7.26,,,394,50,2.15,,
1SCL1,12/05/2021,7.22,,,394,52,2.18,,
1S03,01/06/2021,7.27,,,92,43,2.18,,
1S03A,01/06/2021,7.25,,,92,45,2.24,,
1S03B,01/06/2021,7.46,,,94,43,2.1,,
1SCH3,01/06/2021,7.21,,,439,43,2.05,,
1SCL1,01/06/2021,7.23,,,440,45,1.99,,
1S03,02/06/2021,7.3,,,98,37,2.14,,
1S03A,02/06/2021,7.15,,,96,37,2.14,,
1S03B,02/06/2021,7.34,,,100,37,2.21,,
1SCH3,02/06/2021,7.34,,,421,37,2.02,,
1SCL1,02/06/2021,7.32,,,422,39,1.97,,
1S03,03/06/2021,7.36,,,97,39,2.06,,
1S03A,03/06/2021,7.23,,,91,39,2.15,,
1S03B,03/06/2021,7.45,,,94,37,2.12,,
1SCL1,03/06/2021,7.23,,,405,41,2.34,,
1S03,04/06/2021,7.16,,,90,45,1.99,,
1S03A,04/06/2021,7.15,13.6,5.5,89,45,2.21,0,0.008
1S03B,04/06/2021,7.28,14.8,5.5,91,43,2.24,0,0.007
1S07*,04/06/2021,7.21,13.9,5.49,93,46,2.02,0,0.005
1SCH3,04/06/2021,7.33,65,26.2,496,45,2.22,0,0.017
1SCL1,04/06/2021,7.31,64.3,25.7,488,45,2.1,0,0.004
1S03,05/06/2021,7.22,,,97,52,2.16,,
1S03A,05/06/2021,7.11,,,94,52,2.12,,
1S03B,05/06/2021,7.36,,,98,52,2.11,,
1SCH3,05/06/2021,7.35,,,491,46,2.27,,
1SCL1,05/06/2021,7.25,,,487,46,2.03,,
1S03,06/06/2021,7.36,,,94,57,2.14,,
1S03A,06/06/2021,7.34,,,91,57,2.14,,
1S03B,06/06/2021,7.47,,,94,59,2.2,,
1SCL1,06/06/2021,7.25,,,395,54,2.11,,
1S03,07/06/2021,7.33,,,93,63,2.11,,
1S03A,07/06/2021,7.42,18.1,5.52,90,61,2.1,0,0.008
1S03B,07/06/2021,7.54,19,5.55,93,63,2.28,0,0.006
1S07*,07/06/2021,7.35,17.4,5.44,93,63,2.15,0,0.006
1SCL1,07/06/2021,7.16,66.1,24.8,454,55,2.32,0,0.007
1S03,08/06/2021,7.42,,,95,64,2.14,,
1S03A,08/06/2021,7.42,,,91,64,2.15,,
1S03B,08/06/2021,7.54,,,95,64,2.19,,
1SCL1,08/06/2021,7.29,,,468,63,2.22,,
1S03,09/06/2021,7.36,,,94,64,2.14,,
1S03A,09/06/2021,7.32,,,91,64,2.15,,
1S03B,09/06/2021,7.44,,,94,66,2.18,,
1SCL1,09/06/2021,7.27,,,432,63,1.93,,
1S03,10/06/2021,7.29,,,93,63,2.07,,
1S03A,10/06/2021,7.14,,,88,63,2.42,,
1S03B,10/06/2021,7.36,,,92,63,2.08,,
1SCH3,10/06/2021,7.19,,,380,68,2.14,,
1SCL1,10/06/2021,7.19,,,381,68,2.08,,
1S03,11/06/2021,7.29,,,90,57,2.09,,
1S03A,11/06/2021,7.18,,,82,57,2.09,,
1S03B,11/06/2021,7.47,,,88,57,2.17,,
1SCH3,11/06/2021,7.26,,,387,61,2.12,,
1SCL1,11/06/2021,7.26,,,387,63,2.1,,
1S03,12/06/2021,7.2,,,97,48,2.09,,
1S03A,12/06/2021,7.18,,,95,50,1.99,,
1S03B,12/06/2021,7.32,,,98,48,2.11,,
1SCH3,12/06/2021,7.29,,,396,52,2.09,,
1SCL1,12/06/2021,7.29,,,396,52,2.07,,
1S03,01/07/2021,7.25,,,94,43,2.04,,
1S03A,01/07/2021,7.25,,,92,45,2.38,,
1S03B,01/07/2021,7.44,,,94,43,2.21,,
1SCH3,01/07/2021,7.35,,,443,43,1.95,,
1SCL1,01/07/2021,7.33,,,438,45,1.94,,
1S03,02/07/2021,7.39,,,97,37,2.17,,
1S03A,02/07/2021,7.39,,,96,37,2.02,,
1S03B,02/07/2021,7.45,,,99,37,2.16,,
1SCH3,02/07/2021,7.23,,,418,37,2.02,,
1SCL1,02/07/2021,7.23,,,417,39,2.17,,
1S03,03/07/2021,7.25,,,97,37,2.06,,
1S03A,03/07/2021,7.29,,,91,39,2.18,,
1S03B,03/07/2021,7.45,,,92,37,2.16,,
1SCL1,03/07/2021,7.33,,,430,39,2.26,,
1S03,04/07/2021,7.21,,,95,45,1.99,,
1S03A,04/07/2021,7.19,,,90,45,2.29,,
1S03B,04/07/2021,7.35,,,93,45,2.22,,
1SCH3,04/07/2021,7.31,,,509,45,2.24,,
1SCL1,04/07/2021,7.25,,,498,45,2.31,,
1S03,05/07/2021,7.25,,,98,52,2.11,,
1S03A,05/07/2021,7.09,,,93,50,2.1,,
1S03B,05/07/2021,7.31,,,92,52,2.11,,
1SCH3,05/07/2021,7.35,,,489,46,1.97,,
1SCL1,05/07/2021,7.26,,,486,46,2.01,,
1S03,06/07/2021,7.42,,,94,59,2.12,,
1S03A,06/07/2021,7.36,,,90,59,2.06,,
1S03B,06/07/2021,7.52,,,94,59,2.21,,
1SCL1,06/07/2021,7.24,,,399,55,2.18,,
1S03,07/07/2021,7.33,,,93,63,2.21,,
1S03A,07/07/2021,7.39,,,90,63,2.03,,
1S03B,07/07/2021,7.5,,,93,63,2.2,,
1SCL1,07/07/2021,7.22,,,415,57,2.35,,
1S03,08/07/2021,7.42,,,94,64,2.26,,
1S03A,08/07/2021,7.38,,,90,64,2.07,,
1S03B,08/07/2021,7.55,,,94,64,2.18,,
1SCL1,08/07/2021,7.27,,,459,59,2.22,,
1S03,09/07/2021,7.42,,,92,64,2.12,,
1S03A,09/07/2021,7.38,17.7,5.56,92,66,2.11,0,0.013
1S03B,09/07/2021,7.54,18.6,5.42,94,64,2.18,0,0.008
1S07*,09/07/2021,7.33,17.9,5.36,92,66,2.09,0,0.019
1SCL1,09/07/2021,7.3,64.9,23.1,413,63,2.12,0,0.006
1S03,10/07/2021,7.25,,,93,63,2.07,,
1S03A,10/07/2021,7.23,,,88,64,2.08,,
1S03B,10/07/2021,7.36,,,94,63,2.14,,
1SCH3,10/07/2021,7.24,,,382,68,2.08,,
1SCL1,10/07/2021,7.23,,,384,68,2.06,,
1S03,11/07/2021,7.25,,,91,57,2.05,,
1S03A,11/07/2021,7.17,,,87,57,2.01,,
1S03B,11/07/2021,7.39,,,91,57,2.06,,
1SCH3,11/07/2021,7.27,,,391,61,2.14,,
1SCL1,11/07/2021,7.28,,,391,61,2.15,,
1S03,12/07/2021,7.07,,,97,48,2.21,,
1S03A,12/07/2021,7.17,16.4,5.68,94,48,1.97,0,0.009
1S03B,12/07/2021,7.35,17.8,5.7,98,50,2.25,0,0.008
1S07*,12/07/2021,7.13,16.8,5.77,97,48,2.11,0,0.019
1SCH3,12/07/2021,7.24,67.8,23,396,50,2.15,0,0.014
1SCL1,12/07/2021,7.23,67.7,23.4,395,52,2.13,0,0.014
1S03,01/08/2021,7.27,,,96,41,2.11,,
1S03A,01/08/2021,7.27,,,92,43,2.18,,
1S03B,01/08/2021,7.38,,,94,43,2.13,,
1SCH3,01/08/2021,7.32,,,450,43,2.08,,
1SCL1,01/08/2021,7.29,,,450,43,1.92,,
1S03,02/08/2021,7.12,,,97,37,2.04,,
1S03A,02/08/2021,7.22,,,94,37,2.1,,
1S03B,02/08/2021,7.29,,,98,36,2.13,,
1SCH3,02/08/2021,7.2,,,425,37,2.02,,
1SCL1,02/08/2021,7.26,,,424,39,2.12,,
1S03,03/08/2021,7.15,,,93,39,2.06,,
1S03A,03/08/2021,7.22,,,89,39,2.17,,
1S03B,03/08/2021,7.33,,,87,37,2.18,,
1SCL1,03/08/2021,7.31,,,398,39,2.32,,
1S03,04/08/2021,7.23,,,95,46,2.04,,
1S03A,04/08/2021,7.14,,,89,45,2.12,,
1S03B,04/08/2021,7.35,,,93,46,2.13,,
1SCH3,04/08/2021,7.29,,,499,45,2.22,,
1SCL1,04/08/2021,7.29,,,491,45,2.14,,
1S03,05/08/2021,7.29,,,97,52,2.12,,
1S03A,05/08/2021,7.2,,,92,52,2.27,,
1S03B,05/08/2021,7.31,,,94,52,2.13,,
1SCH3,05/08/2021,7.35,,,482,46,2.08,,
1SCL1,05/08/2021,7.24,,,478,46,2.03,,
1S03,06/08/2021,7.41,,,95,59,2.18,,
1S03A,06/08/2021,7.4,,,90,57,2.11,,
1S03B,06/08/2021,7.58,,,95,61,2.22,,
1SCL1,06/08/2021,7.25,,,397,66,2.06,,
1S03,07/08/2021,7.31,,,93,63,2.11,,
1S03A,07/08/2021,7.32,,,89,61,2.07,,
1S03B,07/08/2021,7.42,,,92,63,2.19,,
1SCL1,07/08/2021,7.17,,,417,57,2.04,,
1S03,08/08/2021,7.35,,,94,64,2.05,,
1S03A,08/08/2021,7.26,,,90,64,2.13,,
1S03B,08/08/2021,7.49,,,95,64,2.13,,
1SCL1,08/08/2021,7.19,,,449,59,2.19,,
1S03,09/08/2021,7.37,,,93,64,2.1,,
1S03A,09/08/2021,7.32,,,91,64,2.05,,
1S03B,09/08/2021,7.56,,,94,64,2.23,,
1SCL1,09/08/2021,7.27,,,409,63,1.99,,
1S03,10/08/2021,7.24,,,91,63,2.13,,
1S03A,10/08/2021,7.14,,,88,63,2.03,,
1S03B,10/08/2021,7.31,,,93,63,2.11,,
1SCH3,10/08/2021,7.33,,,375,68,2.05,,
1SCL1,10/08/2021,7.25,,,381,68,2.03,,
1S03,11/08/2021,7.24,,,88,55,2.1,,
1S03A,11/08/2021,7.19,,,84,57,2.16,,
1S03B,11/08/2021,7.45,,,91,55,2.15,,
1SCH3,11/08/2021,7.33,,,388,59,2.11,,
1SCL1,11/08/2021,7.33,,,387,61,2.23,,
1S03,12/08/2021,7.02,,,97,48,2.09,,
1S03A,12/08/2021,7.1,,,94,48,2.04,,
1S03B,12/08/2021,7.35,,,98,48,2.08,,
1SCH3,12/08/2021,7.22,,,395,50,2.05,,
1SCL1,12/08/2021,7.2,,,396,52,2.08,,
1S03,01/09/2021,7.27,,,95,43,2.04,,
1S03A,01/09/2021,7.21,,,94,43,2.24,,
1S03B,01/09/2021,7.39,,,96,43,2.06,,
1SCH3,01/09/2021,7.25,,,445,43,1.99,,
1SCL1,01/09/2021,7.26,,,446,45,1.87,,
1S03,02/09/2021,7.37,,,96,37,1.94,,
1S03A,02/09/2021,7.39,,,96,37,2.04,,
1S03B,02/09/2021,7.43,,,100,37,2.23,,
1SCH3,02/09/2021,7.35,,,436,39,1.9,,
1SCL1,02/09/2021,7.33,,,432,39,1.97,,
1S03,03/09/2021,7.12,,,93,37,2.17,,
1S03A,03/09/2021,7.35,,,88,39,2.23,,
1S03B,03/09/2021,7.36,,,94,37,2.25,,
1SCL1,03/09/2021,7.25,,,387,39,2.05,,
1S03,04/09/2021,7.3,,,95,46,2.24,,
1S03A,04/09/2021,7.28,,,90,45,2.14,,
1S03B,04/09/2021,7.38,,,92,46,2.21,,
1SCH3,04/09/2021,7.28,,,486,45,2.26,,
1SCL1,04/09/2021,7.33,,,488,45,2.1,,
1S03,05/09/2021,7.3,,,97,54,2.07,,
1S03A,05/09/2021,7.2,,,92,52,2.14,,
1S03B,05/09/2021,7.35,,,95,52,2.17,,
1SCH3,05/09/2021,7.29,,,484,48,2.12,,
1SCL1,05/09/2021,7.18,,,480,46,2.05,,
1S03,06/09/2021,7.22,,,94,59,1.93,,
1S03A,06/09/2021,7.29,,,90,59,1.83,,
1S03B,06/09/2021,7.47,,,94,61,2.11,,
1SCL1,06/09/2021,7.19,,,394,55,1.8,,
1S03,07/09/2021,7.25,,,89,64,2.14,,
1S03A,07/09/2021,7.35,,,89,63,2.07,,
1S03B,07/09/2021,7.49,,,92,63,2.16,,
1SCL1,07/09/2021,7.24,,,427,57,1.98,,
1S03,08/09/2021,7.38,,,95,64,2.1,,
1S03A,08/09/2021,7.38,,,90,64,2.19,,
1S03B,08/09/2021,7.56,,,94,64,2.26,,
1SCL1,08/09/2021,7.27,,,460,59,2.2,,
1S03,09/09/2021,7.46,,,94,66,2.04,,
1S03A,09/09/2021,7.27,,,91,64,2.01,,
1S03B,09/09/2021,7.55,,,95,66,2.15,,
1SCL1,09/09/2021,7.34,,,437,63,1.95,,
1S03,10/09/2021,7.2,,,93,63,2.09,,
1S03A,10/09/2021,7.13,,,89,63,2.06,,
1S03B,10/09/2021,7.26,,,93,63,2.1,,
1SCH3,10/09/2021,7.27,,,382,68,2.06,,
1SCL1,10/09/2021,7.24,,,383,68,2.07,,
1S03,11/09/2021,7.24,,,87,57,2.12,,
1S03A,11/09/2021,7.11,,,85,57,2.28,,
1S03B,11/09/2021,7.37,,,91,57,2.14,,
1SCH3,11/09/2021,7.28,,,384,59,2.14,,
1SCL1,11/09/2021,7.27,,,386,61,2.12,,
1S03,12/09/2021,7.3,,,97,46,2.13,,
1S03A,12/09/2021,7.19,,,96,48,2.05,,
1S03B,12/09/2021,7.48,,,98,48,2.09,,
1SCH3,12/09/2021,7.26,,,398,50,2.07,,
1SCL1,12/09/2021,7.25,,,393,52,2.07,,
1S03,01/10/2021,7.33,,,97,41,2.05,,
1S03A,01/10/2021,7.19,,,94,43,2.17,,
1S03B,01/10/2021,7.4,,,99,43,2.09,,
1SCH3,01/10/2021,7.31,,,439,43,1.85,,
1SCL1,01/10/2021,7.29,,,441,43,1.94,,
1S03,02/10/2021,7.27,,,99,37,2.18,,
1S03A,02/10/2021,7.26,,,96,37,2.13,,
1S03B,02/10/2021,7.47,,,97,37,2.16,,
1SCH3,02/10/2021,7.17,,,430,37,1.91,,
1SCL1,02/10/2021,7.19,,,408,39,2.2,,
1S03,03/10/2021,7.3,,,93,37,2.13,,
1S03A,03/10/2021,7.24,,,88,37,2.13,,
1S03B,03/10/2021,7.41,,,93,39,2.09,,
1SCL1,03/10/2021,7.32,,,367,39,2.25,,
1S03,04/10/2021,7.22,,,88,46,2.14,,
1S03A,04/10/2021,7.16,,,91,45,2.18,,
1S03B,04/10/2021,7.31,,,94,45,2.03,,
1SCH3,04/10/2021,7.4,,,490,45,2.16,,
1SCL1,04/10/2021,7.26,,,493,45,2.04,,
1S03,05/10/2021,7.24,,,93,52,2.25,,
1S03A,05/10/2021,7.17,,,93,52,2.11,,
1S03B,05/10/2021,7.39,,,97,52,2.11,,
1SCH3,05/10/2021,7.33,,,491,46,2.24,,
1SCL1,05/10/2021,7.23,,,486,46,2.02,,
1S03,06/10/2021,7.4,,,94,61,2.08,,
1S03A,06/10/2021,7.38,,,91,59,2.12,,
1S03B,06/10/2021,7.56,,,95,61,2.1,,
1SCL1,06/10/2021,7.23,,,429,55,2,,
1S03,07/10/2021,7.33,,,93,64,2.09,,
1S03A,07/10/2021,7.3,,,91,63,2.26,,
1S03B,07/10/2021,7.67,,,94,63,2.15,,
1SCL1,07/10/2021,7.21,,,424,59,2.1,,
1S03,08/10/2021,7.62,,,91,64,2.07,,
1S03A,08/10/2021,7.47,,,90,64,2.21,,
1S03B,08/10/2021,7.58,,,93,64,2.17,,
1SCL1,08/10/2021,7.43,,,368,61,2.24,,
1S03,09/10/2021,7.4,,,94,64,2.05,,
1S03A,09/10/2021,7.35,,,88,64,2.1,,
1S03B,09/10/2021,7.52,,,93,64,2.15,,
1SCL1,09/10/2021,7.27,,,442,63,2.08,,
1S03,10/10/2021,7.2,,,93,63,2.1,,
1S03A,10/10/2021,7.16,,,89,63,2.1,,
1S03B,10/10/2021,7.23,,,94,63,2.17,,
1SCH3,10/10/2021,7.26,,,375,68,2.07,,
1SCL1,10/10/2021,7.25,,,376,68,2.09,,
1S03,11/10/2021,7.36,,,89,57,2.1,,
1S03A,11/10/2021,7.21,,,83,57,2.05,,
1S03B,11/10/2021,7.4,,,90,57,2.15,,
1SCH3,11/10/2021,7.34,,,392,59,2.16,,
1SCL1,11/10/2021,7.23,,,387,61,2.12,,
1S03,12/10/2021,7.16,,,99,46,2.09,,
1S03A,12/10/2021,7.22,,,96,48,2.04,,
1S03B,12/10/2021,7.36,,,100,48,2.13,,
1SCH3,12/10/2021,7.23,,,394,50,2.12,,
1SCL1,12/10/2021,7.22,,,390,50,2.04,,
1S03,01/11/2021,7.31,,,94,43,2.07,,
1S03A,01/11/2021,7.35,,,93,43,2.17,,
1S03B,01/11/2021,7.47,,,92,43,2.06,,
1SCH3,01/11/2021,7.36,,,435,43,1.9,,
1SCL1,01/11/2021,7.3,,,436,45,1.9,,
1S03,02/11/2021,7.24,,,92,37,2.16,,
1S03A,02/11/2021,7.29,,,92,37,2.21,,
1S03B,02/11/2021,7.4,,,95,37,2.2,,
1SCH3,02/11/2021,7.24,,,437,39,2.16,,
1SCL1,02/11/2021,7.26,,,446,37,2,,
1S03,03/11/2021,7.24,,,94,39,2.12,,
1S03A,03/11/2021,7.17,,,90,37,2.13,,
1S03B,03/11/2021,7.37,,,91,39,2.24,,
1SCL1,03/11/2021,7.34,,,416,41,2.38,,
1S03,04/11/2021,7.11,,,95,48,2.11,,
1S03A,04/11/2021,7.2,,,90,46,2.19,,
1S03B,04/11/2021,7.31,,,92,46,2.21,,
1SCH3,04/11/2021,7.2,,,487,46,2.35,,
1SCL1,04/11/2021,7.21,,,487,45,2.1,,
1S03,05/11/2021,7.24,,,96,54,2.09,,
1S03A,05/11/2021,7.22,,,92,52,2.11,,
1S03B,05/11/2021,7.38,,,96,52,2.17,,
1SCH3,05/11/2021,7.37,,,490,46,2.07,,
1SCL1,05/11/2021,7.27,,,487,48,1.93,,
1S03,06/11/2021,7.33,,,95,59,2.15,,
1S03A,06/11/2021,7.23,,,91,57,2.09,,
1S03B,06/11/2021,7.58,,,94,59,2.12,,
1SCL1,06/11/2021,7.29,,,424,54,1.94,,
1S03,07/11/2021,7.37,,,94,63,2.31,,
1S03A,07/11/2021,7.36,,,92,63,2.02,,
1S03B,07/11/2021,7.62,,,95,63,2.18,,
1SCL1,07/11/2021,7.21,,,411,57,1.97,,
1S03,08/11/2021,7.42,,,93,66,2.24,,
1S03A,08/11/2021,7.39,,,89,64,2.28,,
1S03B,08/11/2021,7.49,,,93,64,2.22,,
1SCL1,08/11/2021,7.29,,,423,61,2.3,,
1S03,09/11/2021,7.38,,,95,64,2.05,,
1S03A,09/11/2021,7.24,,,92,64,2.07,,
1S03B,09/11/2021,7.57,,,97,64,2.07,,
1SCH3,09/11/2021,7.29,,,474,59,2.12,,
1SCL1,09/11/2021,7.26,,,475,61,2.13,,
1S03,10/11/2021,7.17,,,93,63,2.1,,
1S03A,10/11/2021,7.24,,,89,63,2.06,,
1S03B,10/11/2021,7.22,,,90,63,2.11,,
1SCH3,10/11/2021,7.21,,,373,68,2.07,,
1SCL1,10/11/2021,7.2,,,375,68,2.08,,
1S03,11/11/2021,7.25,,,93,55,2.17,,
1S03A,11/11/2021,7.2,,,98,57,2.07,,
1S03B,11/11/2021,7.51,,,101,55,2.05,,
1SCH3,11/11/2021,7.33,,,394,59,2.08,,
1SCL1,11/11/2021,7.31,,,395,61,2.04,,
1S03,12/11/2021,7.45,,,97,46,2.1,,
1S03A,12/11/2021,7.32,,,96,48,2.11,,
1S03B,12/11/2021,7.61,,,98,48,2.17,,
1SCH3,12/11/2021,7.25,,,396,52,2,,
1SCL1,12/11/2021,7.29,,,397,50,1.97,,
1S03,01/12/2021,7.33,,,95,41,2.03,,
1S03A,01/12/2021,7.13,,,91,41,2.15,,
1S03B,01/12/2021,7.29,,,93,41,2.14,,
1SCH3,01/12/2021,7.37,,,440,43,1.99,,
1SCL1,01/12/2021,7.38,,,442,43,1.96,,
1S03,02/12/2021,7.35,,,96,36,2.14,,
1S03A,02/12/2021,7.24,,,94,37,2.1,,
1S03B,02/12/2021,7.42,,,94,36,2.1,,
1SCH3,02/12/2021,7.28,,,444,39,2.01,,
1SCL1,02/12/2021,7.23,,,478,39,1.72,,
1S03,03/12/2021,7.31,,,92,41,2.11,,
1S03A,03/12/2021,7.17,,,88,41,2.12,,
1S03B,03/12/2021,7.33,,,89,39,2.25,,
1SCL1,03/12/2021,7.36,,,415,41,2.41,,
1S03,04/12/2021,7.17,,,96,48,2.07,,
1S03A,04/12/2021,7.16,,,92,46,2.14,,
1S03B,04/12/2021,7.31,,,95,46,2.13,,
1SCH3,04/12/2021,7.45,,,494,45,2.11,,
1SCL1,04/12/2021,7.3,,,494,45,2.08,,
1S03,05/12/2021,7.18,,,95,54,2.19,,
1S03A,05/12/2021,7.17,,,92,52,2.13,,
1S03B,05/12/2021,7.35,,,97,52,2.23,,
1SCH3,05/12/2021,7.29,,,487,46,2.04,,
1SCL1,05/12/2021,7.19,,,482,48,1.87,,
1S03,06/12/2021,7.29,,,93,59,2.17,,
1S03A,06/12/2021,7.26,,,91,57,2.15,,
1S03B,06/12/2021,7.49,,,92,57,2.18,,
1SCL1,06/12/2021,7.26,,,409,55,2.01,,
1S03,07/12/2021,7.39,,,94,63,2.11,,
1S03A,07/12/2021,7.38,,,90,61,2.08,,
1S03B,07/12/2021,7.58,,,95,63,2.14,,
1SCL1,07/12/2021,7.15,,,433,57,2.21,,
1S03,08/12/2021,7.4,,,93,64,2.11,,
1S03A,08/12/2021,7.34,,,90,64,2.15,,
1S03B,08/12/2021,7.52,,,92,64,2.21,,
1SCL1,08/12/2021,7.3,,,452,59,2.37,,
1S03,09/12/2021,7.34,,,95,64,2.07,,
1S03A,09/12/2021,7.37,,,91,64,2.06,,
1S03B,09/12/2021,7.6,,,93,64,2.18,,
1SCH3,09/12/2021,7.29,,,474,59,2.14,,
1SCL1,09/12/2021,7.26,,,474,61,2.25,,
1S03,10/12/2021,7.23,,,90,63,2.11,,
1S03A,10/12/2021,7.16,,,86,63,2.11,,
1S03B,10/12/2021,7.26,,,92,63,2.15,,
1SCH3,10/12/2021,7.27,,,368,68,2.45,,
1SCL1,10/12/2021,7.22,,,369,68,2.28,,
1S03,11/12/2021,7.27,,,94,57,2.24,,
1S03A,11/12/2021,7.14,,,95,57,2.23,,
1S03B,11/12/2021,7.35,,,97,57,2.15,,
1SCH3,11/12/2021,7.31,,,391,59,2.12,,
1SCL1,11/12/2021,7.31,,,393,61,2.14,,
1S03,12/12/2021,7.35,,,97,46,2.07,,
1S03A,12/12/2021,7.1,,,97,48,2.14,,
1S03B,12/12/2021,7.45,,,100,48,2.15,,
1SCH3,12/12/2021,7.19,,,395,50,2.15,,
1SCL1,12/12/2021,7.18,,,397,50,2.12,,
1S03,01/01/2022,7.2,,,90,45,2.23,,
1S03A,01/01/2022,7.11,,,91,45,2.03,,
1S03B,01/01/2022,7.28,,,93,45,2.23,,
1SCH3,01/01/2022,7.23,,,403,46,2.29,,
1SCL1,01/01/2022,7.24,,,403,48,2.21,,
1S03,02/01/2022,7.08,16.4,5.43,81,36,2.31,0,0.009
1S03A,02/01/2022,7.25,15.9,5.36,81,37,2.12,0,0.008
1S03B,02/01/2022,7.37,17,5.38,84,37,2.17,0,0.006
1S07*,02/01/2022,7.15,16,5.41,81,37,2.11,0,0.012
1SCH3,02/01/2022,7.25,17.4,5.62,90,37,2,0,0.006
1SCL1,02/01/2022,7.23,70.4,24.9,459,39,1.96,0,0.004
1S03,03/01/2022,7.12,,,82,37,2.06,,
1S03A,03/01/2022,7.16,15.5,5.45,81,39,2.14,0,0.008
1S03B,03/01/2022,7.41,16.6,5.42,84,39,2.28,0,0.006
1S07*,03/01/2022,7.14,16.3,5.36,85,37,2.33,0,0.012
1SCH3,03/01/2022,7.24,16.8,5.47,84,37,2.05,0,0.006
1SCL1,03/01/2022,7.3,67.6,24.2,460,41,2.21,0,0.003
1S03,04/01/2022,7.18,,,87,43,2.11,,
1S03A,04/01/2022,7.15,,,86,43,2.13,,
1S03B,04/01/2022,7.34,,,88,43,2.13,,
1SCH3,04/01/2022,7.36,,,89,43,2.31,,
1SCL1,04/01/2022,7.32,,,466,45,2.37,,
1S03,05/01/2022,7.26,,,93,50,2.03,,
1S03A,05/01/2022,7.15,,,88,50,2.08,,
1S03B,05/01/2022,7.41,,,93,50,2.09,,
1SCH3,05/01/2022,7.39,,,90,52,2.04,,
1SCL1,05/01/2022,7.39,,,91,52,2.11,,
1S03,06/01/2022,7.38,,,92,59,2.33,,
1S03A,06/01/2022,7.39,,,87,59,2.46,,
1S03B,06/01/2022,7.52,,,92,59,2.41,,
1SCH3,06/01/2022,7.49,,,91,59,2.4,,
1SCL1,06/01/2022,7.41,,,273,57,2.34,,
1S03,07/01/2022,7.3,,,92,64,2.43,,
1S03A,07/01/2022,7.39,,,88,64,2.66,,
1S03B,07/01/2022,7.52,,,93,64,2.33,,
1SCH3,07/01/2022,7.54,,,93,64,2.8,,
1SCL1,07/01/2022,7.55,,,93,66,2.77,,
1S03,08/01/2022,7.3,,,89,64,2.48,,
1S03A,08/01/2022,7.45,,,87,64,2.52,,
1S03B,08/01/2022,7.53,,,90,64,2.62,,
1SCH3,08/01/2022,7.52,,,90,64,2.58,,
1SCL1,08/01/2022,7.57,,,90,66,2.67,,
1S03,09/01/2022,7.32,,,91,70,2.33,,
1S03A,09/01/2022,7.33,,,88,68,2.57,,
1S03B,09/01/2022,7.54,,,92,68,2.49,,
1SCH3,09/01/2022,7.58,,,92,70,2.45,,
1SCL1,09/01/2022,7.62,,,91,70,2.66,,
1S03,10/01/2022,7.41,,,95,64,1.99,,
1S03A,10/01/2022,7.32,,,89,66,2.17,,
1S03B,10/01/2022,7.75,,,98,64,2.22,,
1SCH3,10/01/2022,7.72,,,94,66,2.13,,
1SCL1,10/01/2022,7.7,,,94,68,2.16,,
1S03,11/01/2022,7.31,17.4,5.72,91,59,2.11,0,0.009
1S03A,11/01/2022,7.23,16.3,5.8,86,59,2.16,0,0.008
1S03B,11/01/2022,7.52,18.2,5.8,92,59,2.2,0,0.006
1S07*,11/01/2022,7.32,17.6,5.69,91,61,2.05,0,0.01
1SCH3,11/01/2022,7.35,17.5,5.86,90,59,2.25,0,0.012
1SCL1,11/01/2022,7.38,17.4,5.79,89,61,2.25,0,0.017
1S03,12/01/2022,7.22,,,93,50,2.04,,
1S03A,12/01/2022,7.16,,,90,50,2.04,,
1S03B,12/01/2022,7.35,,,94,50,2.14,,
1SCH3,12/01/2022,7.21,,,94,50,2.11,,
1SCL1,12/01/2022,7.33,,,94,52,2.11,,
1S03,01/02/2022,7.3,,,94,45,2.11,,
1S03A,01/02/2022,7.16,,,91,45,2.19,,
1S03B,01/02/2022,7.35,,,92,45,2.06,,
1SCH3,01/02/2022,7.3,,,400,46,2.27,,
1SCL1,01/02/2022,7.31,,,405,48,2.31,,
1S03,02/02/2022,7.15,,,79,37,1.97,,
1S03A,02/02/2022,7.11,,,79,37,2.05,,
1S03B,02/02/2022,7.33,,,82,39,2.04,,
1SCH3,02/02/2022,7.32,,,82,37,2.07,,
1SCL1,02/02/2022,7.31,,,436,39,2.09,,
1S03,03/02/2022,7.29,,,83,37,2.03,,
1S03A,03/02/2022,7.06,,,82,39,2.11,,
1S03B,03/02/2022,7.33,,,85,39,2.12,,
1SCH3,03/02/2022,7.44,,,86,39,2.17,,
1SCL1,03/02/2022,7.29,,,466,41,2.38,,
1S03,04/02/2022,7.22,,,91,41,2.05,,
1S03A,04/02/2022,7.19,,,90,43,2.15,,
1S03B,04/02/2022,7.4,,,93,43,2.1,,
1SCH3,04/02/2022,7.41,,,94,43,2.09,,
1SCL1,04/02/2022,7.25,,,473,45,2.32,,
1S03,05/02/2022,7.28,,,92,52,2.09,,
1S03A,05/02/2022,7.15,,,86,50,2.15,,
1S03B,05/02/2022,7.45,,,92,50,2.06,,
1SCH3,05/02/2022,7.35,,,89,50,2.13,,
1SCL1,05/02/2022,7.38,,,90,52,2.1,,
1S03,06/02/2022,7.34,,,91,59,2.33,,
1S03A,06/02/2022,7.3,,,88,59,2.5,,
1S03B,06/02/2022,7.53,,,93,61,2.35,,
1SCH3,06/02/2022,7.5,,,91,59,2.41,,
1SCL1,06/02/2022,7.44,,,284,57,2.27,,
1S03,07/02/2022,7.3,,,91,64,2.5,,
1S03A,07/02/2022,7.35,,,88,63,2.56,,
1S03B,07/02/2022,7.58,,,93,68,2.37,,
1SCH3,07/02/2022,7.59,,,90,63,2.65,,
1SCL1,07/02/2022,7.63,,,91,66,2.5,,
1S03,08/02/2022,7.32,17.4,5.19,88,64,2.2,0,0.01
1S03A,08/02/2022,7.32,18.1,5.15,86,63,2.51,0,0.005
1S03B,08/02/2022,7.56,18.8,5.1,89,64,2.52,0,0.006
1S07*,08/02/2022,7.33,17.7,5.12,86,64,2.49,0,0.01
1SCH3,08/02/2022,7.52,18.9,5.14,89,64,2.55,0,0.009
1SCL1,08/02/2022,7.55,18.6,5.07,89,66,2.56,0,0.011
1S03,09/02/2022,7.29,,,91,68,2.03,,
1S03A,09/02/2022,7.36,,,88,68,2.44,,
1S03B,09/02/2022,7.58,,,93,68,2.49,,
1SCH3,09/02/2022,7.64,,,93,68,2.46,,
1SCL1,09/02/2022,7.63,,,93,70,2.35,,
1S03,10/02/2022,7.44,,,95,64,1.99,,
1S03A,10/02/2022,7.09,,,88,64,2.07,,
1S03B,10/02/2022,7.68,,,97,64,2.25,,
1SCH3,10/02/2022,7.62,,,92,66,2.2,,
1SCL1,10/02/2022,7.63,,,93,68,2.21,,
1S03,11/02/2022,7.25,,,90,59,2.06,,
1S03A,11/02/2022,7.19,,,88,59,2.05,,
1S03B,11/02/2022,7.43,,,92,59,2.13,,
1SCH3,11/02/2022,7.31,,,92,59,2.11,,
1SCL1,11/02/2022,7.4,,,90,61,2.13,,
1S03,12/02/2022,7.21,,,95,48,2.09,,
1S03A,12/02/2022,7.17,,,90,50,2.07,,
1S03B,12/02/2022,7.31,,,94,50,2.17,,
1SCH3,12/02/2022,7.28,,,94,50,2.16,,
1SCL1,12/02/2022,7.34,,,93,52,2.14,,
1S03,01/03/2022,7.27,,,95,45,2.11,,
1S03A,01/03/2022,7.2,,,91,45,2.01,,
1S03B,01/03/2022,7.33,,,95,45,2.12,,
1SCH3,01/03/2022,7.22,,,409,46,2.34,,
1SCL1,01/03/2022,7.28,,,414,48,2.18,,
1S03,02/03/2022,7.21,,,81,39,2.1,,
1S03A,02/03/2022,7.15,,,78,37,2.07,,
1S03B,02/03/2022,7.54,,,83,37,2.12,,
1SCH3,02/03/2022,7.16,,,81,39,2.08,,
1SCL1,02/03/2022,7.3,,,407,41,2.16,,
1S03,03/03/2022,7.14,,,84,39,2.08,,
1S03A,03/03/2022,7.1,,,82,39,2.15,,
1S03B,03/03/2022,7.2,,,84,39,2.13,,
1SCH3,03/03/2022,7.27,,,85,39,2.2,,
1SCL1,03/03/2022,7.19,,,470,41,2.27,,
1S03,04/03/2022,7.2,,,91,43,2,,
1S03A,04/03/2022,7.16,,,88,43,2.05,,
1S03B,04/03/2022,7.28,,,91,43,2.09,,
1SCH3,04/03/2022,7.44,,,91,43,2.24,,
1SCL1,04/03/2022,7.36,,,468,45,2.41,,
1S03,05/03/2022,7.31,16.1,5.8,91,52,2.08,0,0.01
1S03A,05/03/2022,7.2,15.1,5.82,87,52,2.21,0,0.008
1S03B,05/03/2022,7.38,16.3,5.77,90,52,2.12,0,0.006
1S07*,05/03/2022,7.17,14.9,5.83,87,52,2.13,0,0.011
1SCH3,05/03/2022,7.32,16.1,5.87,89,52,2.13,0,0.008
1SCL1,05/03/2022,7.32,16.4,,91,52,2.09,,
1S03,06/03/2022,7.33,,,91,59,2.33,,
1S03A,06/03/2022,7.28,,,87,59,2.5,,
1S03B,06/03/2022,7.59,,,91,61,2.42,,
1SCH3,06/03/2022,7.47,,,90,59,2.51,,
1SCL1,06/03/2022,7.43,,,293,57,2.39,,
1S03,07/03/2022,7.33,,,93,64,2.4,,
1S03A,07/03/2022,7.36,,,89,64,2.35,,
1S03B,07/03/2022,7.65,,,92,64,2.89,,
1SCH3,07/03/2022,7.69,,,91,64,2.6,,
1SCL1,07/03/2022,7.57,,,92,66,2.6,,
1S03,08/03/2022,7.14,,,90,66,2.38,,
1S03A,08/03/2022,7.37,,,87,70,2.47,,
1S03B,08/03/2022,7.58,,,90,68,2.57,,
1SCH3,08/03/2022,7.44,,,91,68,2.55,,
1SCL1,08/03/2022,7.34,,,91,70,2.51,,
1S03,09/03/2022,7.3,,,91,68,2.09,,
1S03A,09/03/2022,7.29,,,87,68,2.62,,
1S03B,09/03/2022,7.58,,,93,70,2.73,,
1SCH3,09/03/2022,7.7,,,91,68,2.62,,
1SCL1,09/03/2022,7.63,,,91,70,2.57,,
1S03,10/03/2022,7.36,,,95,64,2.05,,
1S03A,10/03/2022,7.34,,,89,64,2.18,,
1S03B,10/03/2022,7.74,,,97,63,2.24,,
1SCH3,10/03/2022,7.75,,,97,64,2.23,,
1SCL1,10/03/2022,7.76,,,95,66,2.21,,
1S03,11/03/2022,7.24,,,91,59,2.04,,
1S03A,11/03/2022,7.16,,,87,59,2.03,,
1S03B,11/03/2022,7.42,,,92,59,2.17,,
1SCH3,11/03/2022,7.34,,,92,59,2.12,,
1SCL1,11/03/2022,7.37,,,91,61,2.05,,
1S03,12/03/2022,7.23,,,93,48,2,,
1S03A,12/03/2022,7.17,,,89,50,2.07,,
1S03B,12/03/2022,7.29,,,93,50,2.13,,
1SCH3,12/03/2022,7.2,,,92,50,2.13,,
1SCL1,12/03/2022,7.31,,,92,52,2.08,,
1S03,01/04/2022,7.22,,,94,43,2.14,,
1S03A,01/04/2022,7.21,17.3,5.69,94,45,2.06,0,0.006
1S03B,01/04/2022,7.41,18.3,5.69,93,45,2.09,0,0.007
1S07*,01/04/2022,7.31,17.9,5.75,96,43,2.03,0,0.016
1SCH3,01/04/2022,7.31,68.6,24.4,404,46,2.17,0,0.011
1SCL1,01/04/2022,7.29,68.5,24.1,402,46,2.3,0,0.003
1S03,02/04/2022,7.14,,,81,39,2.12,,
1S03A,02/04/2022,7.08,,,79,39,1.99,,
1S03B,02/04/2022,7.26,,,81,37,2.11,,
1SCH3,02/04/2022,7.2,,,81,37,2.16,,
1SCL1,02/04/2022,7.26,,,409,41,2.3,,
1S03,03/04/2022,7.16,,,84,37,2.08,,
1S03A,03/04/2022,7.27,,,84,39,2.11,,
1S03B,03/04/2022,7.38,,,87,37,2.17,,
1SCH3,03/04/2022,7.33,,,86,39,2.09,,
1SCL1,03/04/2022,7.14,,,468,41,2.22,,
1S03,04/04/2022,7.22,,,90,43,2.15,,
1S03A,04/04/2022,7.24,,,88,43,2.12,,
1S03B,04/04/2022,7.45,,,90,43,2.08,,
1SCH3,04/04/2022,7.47,,,90,43,2.12,,
1SCL1,04/04/2022,7.35,,,455,46,2.25,,
1S03,05/04/2022,7.25,,,92,52,2.14,,
1S03A,05/04/2022,7.11,,,89,52,2.05,,
1S03B,05/04/2022,7.48,,,94,52,2.06,,
1SCH3,05/04/2022,7.29,,,90,52,2.09,,
1SCL1,05/04/2022,7.32,,,94,52,2.25,,
1S03,06/04/2022,7.31,,,93,59,2.39,,
1S03A,06/04/2022,7.37,,,90,59,2.34,,
1S03B,06/04/2022,7.67,,,94,59,2.47,,
1SCH3,06/04/2022,7.36,,,93,59,2.46,,
1SCL1,06/04/2022,7.43,,,357,55,2.2,,
1S03,07/04/2022,7.3,,,93,64,2.5,,
1S03A,07/04/2022,7.37,,,89,64,2.55,,
1S03B,07/04/2022,7.58,,,93,64,2.66,,
1SCH3,07/04/2022,7.61,,,92,64,2.42,,
1SCL1,07/04/2022,7.54,,,93,66,2.58,,
1S03,08/04/2022,7.25,,,89,68,2.4,,
1S03A,08/04/2022,7.39,,,88,70,2.42,,
1S03B,08/04/2022,7.58,,,91,70,2.53,,
1SCH3,08/04/2022,7.62,,,91,68,2.6,,
1SCL1,08/04/2022,7.58,,,92,70,2.55,,
1S03,09/04/2022,7.35,,,91,70,2.48,,
1S03A,09/04/2022,7.36,,,88,68,2.5,,
1S03B,09/04/2022,7.61,,,92,68,2.64,,
1SCH3,09/04/2022,7.61,,,90,68,2.56,,
1SCL1,09/04/2022,7.57,,,90,70,2.5,,
1S03,10/04/2022,7.34,,,94,63,2.07,,
1S03A,10/04/2022,7.32,,,88,63,2.15,,
1S03B,10/04/2022,7.73,,,96,63,2.18,,
1SCH3,10/04/2022,7.6,,,91,64,2.33,,
1SCL1,10/04/2022,7.63,,,93,66,2.23,,
1S03,11/04/2022,7.18,,,87,59,2.02,,
1S03A,11/04/2022,7.15,,,86,59,2.08,,
1S03B,11/04/2022,7.38,,,89,59,2.15,,
1SCH3,11/04/2022,7.32,,,89,59,2.11,,
1SCL1,11/04/2022,7.33,,,89,61,2.14,,
1S03,12/04/2022,7.23,,,93,48,2.06,,
1S03A,12/04/2022,7.13,,,89,50,2.1,,
1S03B,12/04/2022,7.29,,,93,48,2.17,,
1SCH3,12/04/2022,7.29,,,92,50,2.11,,
1SCL1,12/04/2022,7.33,,,91,52,2.13,,
1S03,01/05/2022,7.21,,,93,43,2.01,,
1S03A,01/05/2022,7.18,,,89,45,2.05,,
1S03B,01/05/2022,7.39,,,91,43,2.14,,
1SCH3,01/05/2022,7.31,,,401,45,2.16,,
1SCL1,01/05/2022,7.28,,,407,46,2.25,,
1S03,02/05/2022,7.2,,,81,37,2.1,,
1S03A,02/05/2022,7.15,,,77,37,2.14,,
1S03B,02/05/2022,7.34,,,82,37,2.11,,
1SCH3,02/05/2022,7.3,,,79,37,2.08,,
1SCL1,02/05/2022,7.34,,,420,41,2.19,,
1S03,03/05/2022,7.24,,,85,39,2.11,,
1S03A,03/05/2022,7.18,,,85,39,2.24,,
1S03B,03/05/2022,7.16,,,88,39,2.04,,
1SCH3,03/05/2022,7.36,,,89,39,2.18,,
1SCL1,03/05/2022,7.22,,,477,41,2.16,,
1S03,04/05/2022,7.2,,,90,43,2.06,,
1S03A,04/05/2022,7.29,15.9,5.76,88,43,2.05,0,0.009
1S03B,04/05/2022,7.39,17,5.66,90,45,2.02,0,0.006
1S07*,04/05/2022,7.15,16.1,5.74,89,45,2.04,0,0.013
1SCH3,04/05/2022,7.4,17.2,5.75,90,43,2.14,0,0.007
1SCL1,04/05/2022,7.36,64,23.6,468,46,2.15,0,0.003
1S03,05/05/2022,7.26,,,92,52,2.07,,
1S03A,05/05/2022,7.06,,,87,52,2.11,,
1S03B,05/05/2022,7.4,,,92,52,2.08,,
1SCH3,05/05/2022,7.36,,,92,52,2.18,,
1SCL1,05/05/2022,7.36,,,94,52,2.17,,
1S03,06/05/2022,7.4,,,91,59,2.5,,
1S03A,06/05/2022,7.35,,,88,59,2.58,,
1S03B,06/05/2022,7.65,,,93,59,2.58,,
1SCH3,06/05/2022,7.62,,,90,59,2.5,,
1SCL1,06/05/2022,7.43,,,290,55,3.1,,
1S03,07/05/2022,7.32,,,87,64,,,
1S03A,07/05/2022,7.4,,,91,66,,,
1S03B,07/05/2022,7.61,,,91,64,,,
1SCH3,07/05/2022,7.61,,,89,64,,,
1SCL1,07/05/2022,7.54,,,91,66,,,
1S03,08/05/2022,7.26,,,89,70,2.48,,
1S03A,08/05/2022,7.5,,,89,70,2.54,,
1S03B,08/05/2022,7.73,,,92,70,2.48,,
1SCH3,08/05/2022,7.7,,,92,70,2.5,,
1SCL1,08/05/2022,7.6,,,92,72,2.49,,
1S03,09/05/2022,7.31,,,91,68,2.4,,
1S03A,09/05/2022,7.36,,,87,68,2.22,,
1S03B,09/05/2022,7.54,,,91,70,2.19,,
1SCH3,09/05/2022,7.51,,,90,68,2.63,,
1SCL1,09/05/2022,7.51,,,90,70,2.57,,
1S03,10/05/2022,7.41,,,93,63,1.82,,
1S03A,10/05/2022,7.24,,,87,63,2.13,,
1S03B,10/05/2022,7.61,,,93,61,2.07,,
1SCH3,10/05/2022,7.55,,,90,63,2.14,,
1SCL1,10/05/2022,7.57,,,92,64,2.15,,
1S03,11/05/2022,7.2,,,87,59,2.08,,
1S03A,11/05/2022,7.14,,,87,59,2.04,,
1S03B,11/05/2022,7.21,,,89,59,2.21,,
1SCH3,11/05/2022,7.22,,,88,59,2.22,,
1SCL1,11/05/2022,7.37,,,89,61,2.25,,
1S03,12/05/2022,7.21,,,91,48,2.06,,
1S03A,12/05/2022,7.2,,,89,48,2.04,,
1S03B,12/05/2022,7.34,,,94,50,2.14,,
1SCH3,12/05/2022,7.24,,,94,48,2.07,,
1SCL1,12/05/2022,7.33,,,94,52,2.16,,
1S03,01/06/2022,7.18,,,89,43,2.28,,
1S03A,01/06/2022,7.08,,,87,45,2.15,,
1S03B,01/06/2022,7.28,,,90,45,2.17,,
1SCH3,01/06/2022,7.32,,,407,45,2.23,,
1SCL1,01/06/2022,7.31,,,407,46,2.19,,
1S03,02/06/2022,7.19,,,82,36,2.17,,
1S03A,02/06/2022,7.26,,,81,37,2.05,,
1S03B,02/06/2022,7.36,,,83,37,2.15,,
1SCH3,02/06/2022,7.22,,,83,37,2.26,,
1SCL1,02/06/2022,7.34,,,435,41,2.07,,
1S03,03/06/2022,7.16,,,84,39,2.11,,
1S03A,03/06/2022,7.08,,,84,39,2.17,,
1S03B,03/06/2022,7.16,,,86,39,2.08,,
1SCH3,03/06/2022,7.25,,,86,39,2.06,,
1SCL1,03/06/2022,7.19,,,475,41,2.06,,
1S03,04/06/2022,7.18,,,90,43,2.03,,
1S03A,04/06/2022,7.15,,,88,43,2.05,,
1S03B,04/06/2022,7.34,,,90,43,2.1,,
1SCH3,04/06/2022,7.36,,,89,43,2.03,,
1SCL1,04/06/2022,7.37,,,136,45,2.21,,
1S03,05/06/2022,7.29,,,91,52,2.48,,
1S03A,05/06/2022,7.23,,,87,52,2.43,,
1S03B,05/06/2022,7.37,,,93,52,2.18,,
1SCH3,05/06/2022,7.37,,,89,52,2.35,,
1SCL1,05/06/2022,7.36,,,93,54,2.41,,
1S03,06/06/2022,7.43,,,92,59,2.48,,
1S03A,06/06/2022,7.32,,,87,59,2.23,,
1S03B,06/06/2022,7.65,,,92,59,2.69,,
1SCH3,06/06/2022,7.43,,,91,59,2.54,,
1SCL1,06/06/2022,7.41,,,288,55,2.53,,
1S03,07/06/2022,7.24,,,91,66,2.83,,
1S03A,07/06/2022,7.29,,,88,64,2.2,,
1S03B,07/06/2022,7.46,,,93,66,2.35,,
1SCH3,07/06/2022,7.44,,,93,66,2.48,,
1SCL1,07/06/2022,7.53,,,93,66,2.49,,
1S03,08/06/2022,7.29,,,90,70,2.5,,
1S03A,08/06/2022,7.41,,,89,70,2.52,,
1S03B,08/06/2022,7.63,,,92,72,2.58,,
1SCH3,08/06/2022,7.68,,,92,70,2.62,,
1SCL1,08/06/2022,7.72,,,92,72,2.59,,
1S03,09/06/2022,7.3,,,91,68,2.39,,
1S03A,09/06/2022,7.25,18,4.68,87,68,2.43,0,0.007
1S03B,09/06/2022,7.61,18.6,5.33,89,68,2.47,0,0.007
1S07*,09/06/2022,7.48,18.5,5.35,91,70,2.37,0,0.011
1SCH3,09/06/2022,7.47,19.1,5.33,92,70,2.35,0,0.012
1SCL1,09/06/2022,7.51,19.1,5.36,92,70,2.45,0,0.015
1S03,10/06/2022,7.23,,,90,63,2.08,,
1S03A,10/06/2022,7.17,,,86,63,2.07,,
1S03B,10/06/2022,7.52,,,92,63,2.24,,
1SCH3,10/06/2022,7.4,,,87,63,2.27,,
1SCL1,10/06/2022,7.28,,,317,61,2.02,,
1S03,11/06/2022,7.14,,,88,59,2.06,,
1S03A,11/06/2022,7.05,,,86,59,2.04,,
1S03B,11/06/2022,7.36,,,88,59,2.14,,
1SCH3,11/06/2022,7.24,,,88,59,2.36,,
1SCL1,11/06/2022,7.38,,,89,61,2.24,,
1S03,12/06/2022,7.16,,,93,50,1.98,,
1S03A,12/06/2022,7.13,17.6,6,89,48,2.09,0,0.007
1S03B,12/06/2022,7.26,18.5,6.04,93,48,2.16,0,0.008
1S07*,12/06/2022,7.12,17.5,5.91,89,48,1.99,0,0.011
1SCH3,12/06/2022,7.26,18.4,6,92,50,2.12,0,0.015
1SCL1,12/06/2022,7.33,18,5.9,91,54,2.09,0,0.02
1S03,01/07/2022,7.31,,,91,43,2.15,,
1S03A,01/07/2022,7.23,,,87,43,2.03,,
1S03B,01/07/2022,7.47,,,88,43,2.23,,
1SCH3,01/07/2022,7.18,,,406,45,2.3,,
1SCL1,01/07/2022,7.33,,,408,46,2.24,,
1S03,02/07/2022,7.16,,,82,37,2.09,,
1S03A,02/07/2022,7.14,,,80,37,2.12,,
1S03B,02/07/2022,7.34,,,83,37,2.13,,
1SCH3,02/07/2022,7.29,,,81,37,2.1,,
1SCL1,02/07/2022,7.46,,,444,41,2.2,,
1S03,03/07/2022,7.28,,,83,41,2.04,,
1S03A,03/07/2022,7.1,,,78,39,2.09,,
1S03B,03/07/2022,7.25,,,83,39,2.02,,
1SCH3,03/07/2022,7.37,,,83,45,2.11,,
1SCL1,03/07/2022,7.28,,,470,45,2.25,,
1S03,04/07/2022,7.19,,,90,45,2.03,,
1S03A,04/07/2022,7.32,,,86,45,2.15,,
1S03B,04/07/2022,7.39,,,88,46,2.15,,
1SCH3,04/07/2022,7.37,,,89,45,2.14,,
1SCL1,04/07/2022,7.38,,,92,45,2.16,,
1S03,05/07/2022,7.23,,,92,54,2.46,,
1S03A,05/07/2022,7.2,,,91,52,2.47,,
1S03B,05/07/2022,7.33,,,95,52,2.48,,
1SCH3,05/07/2022,7.23,,,94,52,,,
1SCL1,05/07/2022,7.29,,,98,54,2.47,,
1S03,06/07/2022,7.4,,,92,59,2.5,,
1S03A,06/07/2022,7.38,15.5,5.32,87,59,2.39,0,0.004
1S03B,06/07/2022,7.62,16.9,5.3,92,61,2.48,0,0.004
1S07*,06/07/2022,7.43,15.9,5.29,89,61,2.47,0,0.004
1SCH3,06/07/2022,7.55,16.7,5.3,90,59,2.94,0,0.006
1SCL1,06/07/2022,7.41,51.1,17.5,338,55,2.44,0,0.006
1S03,07/07/2022,7.28,,,91,64,2.4,,
1S03A,07/07/2022,7.34,,,88,64,2.49,,
1S03B,07/07/2022,7.64,,,92,66,2.64,,
1SCH3,07/07/2022,7.61,,,92,64,2.88,,
1SCL1,07/07/2022,7.54,,,91,66,2.8,,
1S03,08/07/2022,7.31,,,91,70,2.41,,
1S03A,08/07/2022,7.36,,,89,70,2.55,,
1S03B,08/07/2022,7.59,,,92,70,2.63,,
1SCH3,08/07/2022,7.74,,,91,70,2.72,,
1SCL1,08/07/2022,7.69,,,92,72,2.64,,
1S03,09/07/2022,7.29,,,91,70,2.22,,
1S03A,09/07/2022,7.43,,,88,68,2.62,,
1S03B,09/07/2022,7.58,,,90,68,2.18,,
1SCH3,09/07/2022,7.54,,,93,70,2.32,,
1SCL1,09/07/2022,7.59,,,91,70,2.41,,
1S03,10/07/2022,7.27,,,91,63,2.27,,
1S03A,10/07/2022,7.17,,,86,63,2.08,,
1S03B,10/07/2022,7.47,,,92,63,2.06,,
1SCH3,10/07/2022,7.2,,,426,57,1.96,,
1SCL1,10/07/2022,7.43,,,426,61,2.1,,
1S03,11/07/2022,7.1,,,88,59,2.11,,
1S03A,11/07/2022,7.18,,,86,59,2.08,,
1S03B,11/07/2022,7.39,,,89,59,2.15,,
1SCH3,11/07/2022,7.36,,,89,61,2.07,,
1SCL1,11/07/2022,7.41,,,89,63,2.06,,
1S03,12/07/2022,7.34,,,94,50,1.94,,
1S03A,12/07/2022,7.16,,,90,50,2.02,,
1S03B,12/07/2022,7.4,,,95,48,2.07,,
1SCH3,12/07/2022,7.31,,,95,50,2.14,,
1SCL1,12/07/2022,7.33,,,93,52,2.15,,
1S03,01/08/2022,7.16,,,90,43,2.09,,
1S03A,01/08/2022,7.18,,,84,43,2.08,,
1S03B,01/08/2022,7.16,,,90,43,2.09,,
1SCH3,01/08/2022,7.3,,,405,45,2.2,,
1SCL1,01/08/2022,7.3,,,408,46,2.2,,
1S03,02/08/2022,7.16,,,78,37,2.03,,
1S03A,02/08/2022,7.12,,,79,37,2.18,,
1S03B,02/08/2022,7.26,,,81,37,2.27,,
1SCH3,02/08/2022,7.22,,,82,39,2.02,,
1SCL1,02/08/2022,7.41,,,444,41,2.08,,
1S03,03/08/2022,7.15,,,84,39,2.02,,
1S03A,03/08/2022,6.98,,,85,39,2.11,,
1S03B,03/08/2022,7.24,,,83,41,2.09,,
1SCH3,03/08/2022,7.36,,,89,39,2.08,,
1SCL1,03/08/2022,7.23,,,474,41,2.23,,
1S03,04/08/2022,7.22,,,89,45,2.06,,
1S03A,04/08/2022,7.19,,,87,45,2.1,,
1S03B,04/08/2022,7.35,,,88,45,2.1,,
1SCH3,04/08/2022,7.36,,,88,45,2.21,,
1SCL1,04/08/2022,7.38,,,90,46,2.13,,
1S03,05/08/2022,7.29,,,96,52,2.35,,
1S03A,05/08/2022,7.24,,,96,52,2.33,,
1S03B,05/08/2022,7.31,,,99,52,2.44,,
1SCH3,05/08/2022,7.36,,,98,52,2.41,,
1SCL1,05/08/2022,7.36,,,98,52,2.44,,
1S03,06/08/2022,7.28,,,90,61,2.52,,
1S03A,06/08/2022,7.31,,,88,59,2.37,,
1S03B,06/08/2022,7.52,,,93,61,2.53,,
1SCH3,06/08/2022,7.6,,,88,59,2.34,,
1SCL1,06/08/2022,7.47,,,329,55,2.26,,
1S03,07/08/2022,7.29,,,91,66,2.49,,
1S03A,07/08/2022,7.44,,,88,64,2.54,,
1S03B,07/08/2022,7.58,,,93,66,2.56,,
1SCH3,07/08/2022,7.5,,,93,66,2.54,,
1SCL1,07/08/2022,7.59,,,93,68,2.59,,
1S03,08/08/2022,7.28,,,91,72,2.48,,
1S03A,08/08/2022,7.37,,,88,70,2.5,,
1S03B,08/08/2022,7.58,,,92,70,2.42,,
1SCH3,08/08/2022,7.64,,,90,70,2.5,,
1SCL1,08/08/2022,7.61,,,91,72,2.46,,
1S03,09/08/2022,7.26,,,92,68,2.36,,
1S03A,09/08/2022,7.27,,,88,68,2.33,,
1S03B,09/08/2022,7.52,,,93,68,2.58,,
1SCH3,09/08/2022,7.46,,,93,68,2.57,,
1SCL1,09/08/2022,7.5,,,93,70,2.43,,
1S03,10/08/2022,7.22,,,91,63,2.03,,
1S03A,10/08/2022,7.15,,,88,63,2.06,,
1S03B,10/08/2022,7.39,,,92,61,2.42,,
1SCH3,10/08/2022,7.34,,,431,57,1.82,,
1SCL1,10/08/2022,7.52,,,431,59,1.79,,
1S03,11/08/2022,7.46,,,90,59,2.19,,
1S03A,11/08/2022,7.38,,,87,59,2.07,,
1S03B,11/08/2022,7.23,,,89,59,2.06,,
1SCH3,11/08/2022,7.39,,,90,59,2.17,,
1SCL1,11/08/2022,7.5,,,90,61,2.14,,
1S03,12/08/2022,7.32,,,94,48,2.05,,
1S03A,12/08/2022,7.14,,,90,48,2.13,,
1S03B,12/08/2022,7.33,,,94,50,2.19,,
1SCH3,12/08/2022,7.4,,,91,50,2.21,,
1SCL1,12/08/2022,7.4,,,92,50,2.26,,
1S03,01/09/2022,7.12,,,88,43,2.21,,
1S03A,01/09/2022,7.23,,,87,43,2.13,,
1S03B,01/09/2022,7.43,,,90,43,2.26,,
1SCH3,01/09/2022,7.28,,,410,45,2.31,,
1SCL1,01/09/2022,7.3,,,408,45,2.25,,
1S03,02/09/2022,7.12,,,82,37,2.13,,
1S03A,02/09/2022,7.08,,,81,37,2.02,,
1S03B,02/09/2022,7.16,,,82,37,2.11,,
1SCH3,02/09/2022,7.21,,,83,37,2.08,,
1SCL1,02/09/2022,7.42,,,425,41,2.24,,
1S03,03/09/2022,7.29,,,83,39,2.19,,
1S03A,03/09/2022,7.15,,,83,39,2.23,,
1S03B,03/09/2022,7.33,,,86,39,2.13,,
1SCH3,03/09/2022,7.43,,,86,39,2.17,,
1SCL1,03/09/2022,7.34,,,479,43,2.27,,
1S03,04/09/2022,7.17,,,92,45,2.02,,
1S03A,04/09/2022,7.22,,,91,43,2.07,,
1S03B,04/09/2022,7.44,,,93,43,2.14,,
1SCH3,04/09/2022,7.31,,,93,43,2.03,,
1SCL1,04/09/2022,7.39,,,94,45,2.16,,
1S03,05/09/2022,7.24,,,97,52,2.35,,
1S03A,05/09/2022,7.22,,,96,52,2.47,,
1S03B,05/09/2022,7.38,,,98,52,2.61,,
1SCH3,05/09/2022,7.39,,,98,52,2.36,,
1SCL1,05/09/2022,7.4,,,100,54,2.4,,
1S03,06/09/2022,7.32,,,91,61,2.4,,
1S03A,06/09/2022,7.34,,,88,61,2.45,,
1S03B,06/09/2022,7.56,,,93,61,2.82,,
1SCH3,06/09/2022,7.62,,,93,61,2.45,,
1SCL1,06/09/2022,7.42,,,280,57,2.49,,
1S03,07/09/2022,7.38,,,92,66,2.2,,
1S03A,07/09/2022,7.39,,,88,64,2.47,,
1S03B,07/09/2022,7.63,,,92,66,2.5,,
1SCH3,07/09/2022,7.63,,,90,64,2.53,,
1SCL1,07/09/2022,7.5,,,91,66,2.51,,
1S03,08/09/2022,7.27,,,91,72,2.53,,
1S03A,08/09/2022,7.19,,,87,70,2.47,,
1S03B,08/09/2022,7.5,,,91,72,2.56,,
1SCH3,08/09/2022,7.47,,,88,70,2.56,,
1SCL1,08/09/2022,7.52,,,88,72,2.56,,
1S03,09/09/2022,7.25,,,92,68,2.39,,
1S03A,09/09/2022,7.35,,,89,68,2.42,,
1S03B,09/09/2022,7.55,,,93,68,2.52,,
1SCH3,09/09/2022,7.53,,,93,68,2.62,,
1SCL1,09/09/2022,7.5,,,91,70,2.54,,
1S03,10/09/2022,7.22,,,91,61,1.84,,
1S03A,10/09/2022,7.27,,,88,63,2.05,,
1S03B,10/09/2022,7.59,,,92,63,2.1,,
1SCH3,10/09/2022,7.26,,,429,57,1.76,,
1SCL1,10/09/2022,7.41,,,431,59,1.73,,
1S03,11/09/2022,7.09,,,87,59,2.03,,
1S03A,11/09/2022,7.18,,,87,59,2.08,,
1S03B,11/09/2022,7.42,,,89,59,2.19,,
1SCH3,11/09/2022,7.45,,,89,59,2.39,,
1SCL1,11/09/2022,7.49,,,90,61,2.16,,
1S03,12/09/2022,7.18,,,93,48,2.04,,
1S03A,12/09/2022,7.15,,,90,48,2.13,,
1S03B,12/09/2022,7.28,,,95,48,2.23,,
1SCH3,12/09/2022,7.26,,,94,48,2.19,,
1SCL1,12/09/2022,7.29,,,92,52,2.19,,
1S03,01/10/2022,7.17,,,89,43,2.11,,
1S03A,01/10/2022,7.17,,,87,43,2.12,,
1S03B,01/10/2022,7.34,,,91,43,2.09,,
1SCH3,01/10/2022,7.31,,,422,45,2.17,,
1SCL1,01/10/2022,7.32,,,422,45,2.19,,
1S03,02/10/2022,7.23,,,82,37,2.23,,
1S03A,02/10/2022,7.16,,,83,37,2.1,,
1S03B,02/10/2022,7.15,,,84,39,2.14,,
1SCH3,02/10/2022,7.23,,,84,37,2.09,,
1SCL1,02/10/2022,7.26,,,440,41,2.05,,
1S03,03/10/2022,7.1,,,83,39,2.05,,
1S03A,03/10/2022,7.15,,,84,39,2.01,,
1S03B,03/10/2022,7.27,,,86,39,2.08,,
1SCH3,03/10/2022,7.38,,,86,39,2.05,,
1SCL1,03/10/2022,7.3,,,463,41,2.29,,
1S03,04/10/2022,7.1,,,93,45,2.01,,
1S03A,04/10/2022,7.21,,,92,45,1.94,,
1S03B,04/10/2022,7.38,,,95,45,2.46,,
1SCH3,04/10/2022,7.31,,,93,45,1.92,,
1SCL1,04/10/2022,7.33,,,94,45,2.05,,
1S03,05/10/2022,7.22,,,98,52,2.48,,
1S03A,05/10/2022,7.31,,,95,52,2.5,,
1S03B,05/10/2022,7.45,,,100,52,2.44,,
1SCH3,05/10/2022,7.56,,,98,52,,,
1SCL1,05/10/2022,7.51,,,99,54,,,
1S03,06/10/2022,7.34,,,91,61,2.5,,
1S03A,06/10/2022,7.37,,,90,61,2.47,,
1S03B,06/10/2022,7.61,,,93,63,2.46,,
1SCH3,06/10/2022,7.76,,,91,59,2.6,,
1SCL1,06/10/2022,7.56,,,289,57,2.43,,
1S03,07/10/2022,7.39,,,92,66,2.43,,
1S03A,07/10/2022,7.47,,,89,64,2.56,,
1S03B,07/10/2022,7.62,,,93,66,2.59,,
1SCH3,07/10/2022,7.54,,,92,66,2.51,,
1SCL1,07/10/2022,7.6,,,92,68,2.56,,
1S03,08/10/2022,7.29,,,91,72,2.5,,
1S03A,08/10/2022,7.44,,,87,70,2.46,,
1S03B,08/10/2022,7.59,,,91,70,2.44,,
1SCH3,08/10/2022,7.54,,,91,70,2.57,,
1SCL1,08/10/2022,7.53,,,91,72,2.52,,
1S03,09/10/2022,7.33,,,91,68,2.42,,
1S03A,09/10/2022,7.36,,,88,68,2.46,,
1S03B,09/10/2022,7.58,,,93,68,2.52,,
1SCH3,09/10/2022,7.62,,,92,68,2.54,,
1SCL1,09/10/2022,7.56,,,92,70,2.51,,
1S03,10/10/2022,7.17,,,90,61,2.17,,
1S03A,10/10/2022,7.19,,,86,61,2.23,,
1S03B,10/10/2022,7.37,,,89,61,2.19,,
1SCH3,10/10/2022,7.36,,,434,57,1.68,,
1SCL1,10/10/2022,7.42,,,438,59,1.8,,
1S03,11/10/2022,7.07,,,87,57,2.05,,
1S03A,11/10/2022,7.1,,,87,57,2.18,,
1S03B,11/10/2022,7.29,,,89,57,2.2,,
1SCH3,11/10/2022,7.25,,,89,59,2.1,,
1SCL1,11/10/2022,7.32,,,89,61,2.15,,
1S03,12/10/2022,7.1,,,92,46,2.11,,
1S03A,12/10/2022,7.13,,,89,48,2.1,,
1S03B,12/10/2022,7.26,,,93,48,2.27,,
1SCH3,12/10/2022,7.2,,,92,48,2.23,,
1SCL1,12/10/2022,7.27,,,91,50,2.21,,
1S03,01/11/2022,7.19,,,89,41,2.11,,
1S03A,01/11/2022,7.04,,,86,43,2.05,,
1S03B,01/11/2022,7.24,,,90,41,2.11,,
1SCH3,01/11/2022,7.29,,,420,43,2.16,,
1SCL1,01/11/2022,7.3,,,421,45,2.19,,
1S03,02/11/2022,7.08,,,80,39,2.04,,
1S03A,02/11/2022,7.1,,,81,37,2.1,,
1S03B,02/11/2022,7.26,,,83,37,2.18,,
1SCH3,02/11/2022,7.29,,,82,39,2.06,,
1SCL1,02/11/2022,7.28,,,450,41,2.17,,
1S03,03/11/2022,7.11,,,84,39,2.08,,
1S03A,03/11/2022,7.18,,,85,39,2.13,,
1S03B,03/11/2022,7.32,,,87,39,2.16,,
1SCH3,03/11/2022,7.35,,,87,39,2.2,,
1SCL1,03/11/2022,7.27,,,462,43,2.32,,
1S03,04/11/2022,7.19,,,91,45,2.03,,
1S03A,04/11/2022,7.22,,,89,45,2.07,,
1S03B,04/11/2022,7.4,,,88,45,2.12,,
1SCH3,04/11/2022,7.37,,,91,45,2.12,,
1SCL1,04/11/2022,7.41,,,91,46,2.14,,
1S03,05/11/2022,7.09,,,95,52,2.6,,
1S03A,05/11/2022,7.17,,,94,52,2.57,,
1S03B,05/11/2022,7.39,,,99,55,2.56,,
1SCH3,05/11/2022,7.37,,,99,52,,,
1SCL1,05/11/2022,7.38,,,101,54,2.5,,
1S03,06/11/2022,7.35,,,91,61,2.45,,
1S03A,06/11/2022,7.25,,,89,61,2.43,,
1S03B,06/11/2022,7.67,,,92,61,2.41,,
1SCH3,06/11/2022,7.59,,,91,61,2.44,,
1SCL1,06/11/2022,7.54,,,345,59,2.44,,
1S03,07/11/2022,7.35,,,91,66,2.53,,
1S03A,07/11/2022,7.47,,,88,66,2.63,,
1S03B,07/11/2022,7.65,,,93,66,2.61,,
1SCH3,07/11/2022,7.66,,,93,66,2.54,,
1SCL1,07/11/2022,7.67,,,93,68,2.55,,
1S03,08/11/2022,7.2,,,91,72,2.51,,
1S03A,08/11/2022,7.32,,,87,70,2.45,,
1S03B,08/11/2022,7.49,,,91,72,2.51,,
1SCH3,08/11/2022,7.45,,,92,72,2.58,,
1SCL1,08/11/2022,7.52,,,93,72,2.54,,
1S03,09/11/2022,7.33,,,91,68,2.4,,
1S03A,09/11/2022,7.37,,,88,68,2.41,,
1S03B,09/11/2022,7.54,,,93,68,2.55,,
1SCH3,09/11/2022,7.58,,,91,68,2.53,,
1SCL1,09/11/2022,7.58,,,91,70,2.53,,
1S03,10/11/2022,7.18,,,90,61,2.07,,
1S03A,10/11/2022,7.21,16.1,5.58,87,61,2.15,0,0.008
1S03B,10/11/2022,7.33,17.8,5.72,92,63,2.15,0,0.009
1S07*,10/11/2022,7.13,16.6,5.62,89,63,2.11,0,0.01
1SCH3,10/11/2022,7.25,69.1,22.4,437,57,1.81,0,0.021
1SCL1,10/11/2022,7.46,70.3,22.3,440,59,1.79,0,0.02
1S03,11/11/2022,7.08,,,88,59,2.05,,
1S03A,11/11/2022,7.15,,,87,59,2.09,,
1S03B,11/11/2022,7.34,,,90,59,2.21,,
1SCH3,11/11/2022,7.27,,,89,59,2.2,,
1SCL1,11/11/2022,7.32,,,89,61,2.19,,
1S03,12/11/2022,7.29,,,93,46,2.08,,
1S03A,12/11/2022,7.18,,,91,48,1.82,,
1S03B,12/11/2022,7.23,,,93,46,2.28,,
1SCH3,12/11/2022,7.34,,,92,48,2.21,,
1SCL1,12/11/2022,7.28,,,93,50,2.2,,
1S03,01/12/2022,7.22,,,89,41,2.07,,
1S03A,01/12/2022,7.12,,,87,43,2.04,,
1S03B,01/12/2022,7.24,,,91,41,2.15,,
1SCH3,01/12/2022,7.26,,,422,43,2.2,,
1SCL1,01/12/2022,7.27,,,424,45,2.08,,
1S03,02/12/2022,7.18,,,81,37,2.14,,
1S03A,02/12/2022,7.15,,,80,37,2.06,,
1S03B,02/12/2022,7.37,,,130,41,2.15,,
1SCH3,02/12/2022,7.37,,,84,37,2.18,,
1SCL1,02/12/2022,7.32,,,454,41,2.22,,
1S03,03/12/2022,7.18,,,85,39,2.03,,
1S03A,03/12/2022,7.17,,,86,41,2.11,,
1S03B,03/12/2022,7.31,,,88,41,2.1,,
1SCH3,03/12/2022,7.38,,,90,41,2.12,,
1SCL1,03/12/2022,7.3,,,466,43,2.2,,
1S03,04/12/2022,7.2,,,91,45,2.02,,
1S03A,04/12/2022,7.12,,,88,45,1.97,,
1S03B,04/12/2022,7.33,,,92,46,2.14,,
1SCH3,04/12/2022,7.39,,,91,45,2.12,,
1SCL1,04/12/2022,7.43,,,92,46,2.15,,
1S03,05/12/2022,7.36,,,98,54,2.34,,
1S03A,05/12/2022,7.38,,,90,54,2.41,,
1S03B,05/12/2022,7.67,,,99,54,2.48,,
1SCH3,05/12/2022,7.57,,,91,54,,,
1SCL1,05/12/2022,7.58,,,97,54,,,
1S03,06/12/2022,7.38,,,93,63,2.43,,
1S03A,06/12/2022,7.45,,,90,61,2.48,,
1S03B,06/12/2022,7.64,,,93,61,2.67,,
1SCH3,06/12/2022,7.54,,,92,61,2.82,,
1SCL1,06/12/2022,7.5,,,96,63,2.55,,
1S03,07/12/2022,7.35,,,91,66,2.49,,
1S03A,07/12/2022,7.38,16.4,5.36,88,66,2.21,0,0.005
1S03B,07/12/2022,7.49,17.4,5.34,91,66,2.77,0,0.005
1S07*,07/12/2022,7.22,16.3,5.27,90,66,2.39,0,0.008
1SCH3,07/12/2022,7.7,17.4,5.3,89,66,2.62,0,0.008
1SCL1,07/12/2022,7.61,17,5.34,90,68,2.4,0,0.01
1S03,08/12/2022,7.21,,,91,72,2.5,,
1S03A,08/12/2022,7.33,,,87,70,2.74,,
1S03B,08/12/2022,7.47,,,92,70,2.51,,
1SCH3,08/12/2022,7.56,,,91,70,2.43,,
1SCL1,08/12/2022,7.6,,,91,72,2.56,,
1S03,09/12/2022,7.29,,,91,68,2.52,,
1S03A,09/12/2022,7.3,,,88,68,2.52,,
1S03B,09/12/2022,7.53,,,93,68,2.57,,
1SCH3,09/12/2022,7.51,,,92,68,2.57,,
1SCL1,09/12/2022,7.5,,,91,70,2.58,,
1S03,10/12/2022,7.27,,,91,61,2.1,,
1S03A,10/12/2022,7.18,,,88,63,2.1,,
1S03B,10/12/2022,7.36,,,91,61,2.17,,
1SCH3,10/12/2022,7.55,,,448,59,1.91,,
1SCL1,10/12/2022,7.5,,,444,59,1.82,,
1S03,11/12/2022,7.03,,,86,59,2.06,,
1S03A,11/12/2022,7.03,,,86,59,2.09,,
1S03B,11/12/2022,7.22,,,88,59,2.29,,
1SCH3,11/12/2022,7.17,,,88,61,2.2,,
1SCL1,11/12/2022,7.34,,,89,61,2.19,,
1S03,12/12/2022,7.22,,,94,46,2.07,,
1S03A,12/12/2022,7.2,,,90,46,2.05,,
1S03B,12/12/2022,7.31,,,93,46,2.07,,
1SCH3,12/12/2022,7.27,,,92,46,2.15,,
1SCL1,12/12/2022,7.28,,,92,48,2.18,,
1S03,01/01/2023,7.12,,,89,43,2.09,,
1S03A,01/01/2023,7.05,,,87,43,2.07,,
1S03B,01/01/2023,7.18,,,89,43,2.1,,
1S03,02/01/2023,7.15,,,92,41,2.11,,
1S03A,02/01/2023,7.19,,,87,39,1.97,,
1S03B,02/01/2023,7.26,,,89,39,2.21,,
1S03,03/01/2023,7.28,,,89,39,1.8,,
1S03A,03/01/2023,7.28,,,88,39,2.07,,
1S03B,03/01/2023,7.27,,,91,39,2.06,,
1SCH3,03/01/2023,7.23,,,427,41,1.79,,
1SCL1,03/01/2023,7.28,,,428,43,2.05,,
1S03,04/01/2023,7.11,,,93,43,1.98,,
1S03A,04/01/2023,7.09,,,87,43,2.02,,
1S03B,04/01/2023,7.21,,,88,43,2.15,,
1S03,05/01/2023,7.12,,,93,52,2.08,,
1S03A,05/01/2023,7.22,,,93,52,2.15,,
1S03B,05/01/2023,7.32,,,95,52,2.18,,
1SCL1,05/01/2023,7.41,,,340,52,2.03,,
1S03,06/01/2023,7.24,,,94,59,2.41,,
1S03A,06/01/2023,7.37,,,90,57,2.54,,
1S03B,06/01/2023,7.7,,,92,57,2.43,,
1S03,07/01/2023,7.2,,,87,63,2.41,,
1S03A,07/01/2023,7.42,,,86,63,2.45,,
1S03B,07/01/2023,7.42,,,88,63,2.47,,
1S03,08/01/2023,7.29,17.6,5.12,89,63,2.5,0,0.01
1S03A,08/01/2023,7.36,17.6,5.03,87,61,2.41,0,0.007
1S03B,08/01/2023,7.32,18.4,5.09,90,63,2.48,0,0.008
1S07,08/01/2023,7.13,17.6,5.48,89,63,2.36,0,0.011
1S03,09/01/2023,7.14,,,95,68,2.39,,
1S03A,09/01/2023,7.45,,,95,68,2.62,,
1S03B,09/01/2023,7.48,,,98,68,2.59,,
1S03,10/01/2023,7.31,,,91,64,2.43,,
1S03A,10/01/2023,7.34,,,89,64,2.6,,
1S03B,10/01/2023,7.57,,,92,64,2.45,,
1S03,11/01/2023,7.29,,,95,59,2.04,,
1S03A,11/01/2023,7.37,,,92,59,2.07,,
1S03B,11/01/2023,7.61,,,96,59,1.85,,
1SCH3,11/01/2023,7.29,,,455,54,2.03,,
1SCL1,11/01/2023,7.29,,,455,55,2.2,,
1S03,12/01/2023,7.3,,,106,48,2.05,,
1S03A,12/01/2023,7.36,,,108,48,2.07,,
1S03B,12/01/2023,7.49,,,112,48,2.23,,
1S03,01/02/2023,7.1,,,89,43,2.09,,
1S03A,01/02/2023,7.17,,,87,41,1.95,,
1S03B,01/02/2023,7.3,,,91,43,2.06,,
1S03,02/02/2023,7.23,,,91,39,2.05,,
1S03A,02/02/2023,7.16,,,87,41,2.1,,
1S03B,02/02/2023,7.39,,,90,39,2.08,,
1SCL1,02/02/2023,7.21,,,349,45,2.22,,
1S03,03/02/2023,7.15,,,90,39,2.1,,
1S03A,03/02/2023,7.08,,,87,39,2.17,,
1S03B,03/02/2023,7.26,,,88,41,2.06,,
1SCH3,03/02/2023,7.21,,,447,41,2.02,,
1SCL1,03/02/2023,7.45,,,441,43,2.02,,
1S03,04/02/2023,7.18,,,90,43,2,,
1S03A,04/02/2023,7.21,,,89,43,2.1,,
1S03B,04/02/2023,7.33,,,91,43,2.19,,
1S03*,05/02/2023,7.16,14.6,5.75,95,52,2.05,0,0.012
1S03A,05/02/2023,7.2,14.5,5.79,91,52,2.11,0,0.008
1S03B,05/02/2023,7.32,15.4,5.82,95,52,2.16,0,0.006
1S07*,05/02/2023,7.09,14.7,5.77,93,52,2.02,0,0.013
1SCL1,05/02/2023,7.35,48,20.3,345,54,2,0,0.022
1S03,06/02/2023,7.3,,,93,59,2.42,,
1S03A,06/02/2023,7.46,,,90,59,2.6,,
1S03B,06/02/2023,7.72,,,94,59,2.47,,
1S03,07/02/2023,7.21,,,87,63,2.37,,
1S03A,07/02/2023,7.42,,,86,63,2.44,,
1S03B,07/02/2023,7.47,,,88,63,2.5,,
1S03,08/02/2023,7.26,,,89,61,2.58,,
1S03A,08/02/2023,7.33,,,87,61,2.38,,
1S03B,08/02/2023,7.49,,,90,61,2.5,,
1S03,09/02/2023,7.25,,,96,68,2.45,,
1S03A,09/02/2023,7.45,,,94,68,2.54,,
1S03B,09/02/2023,7.59,,,97,68,2.53,,
1S03,10/02/2023,7.31,,,91,64,2.45,,
1S03A,10/02/2023,7.4,,,90,64,2.49,,
1S03B,10/02/2023,7.57,,,94,64,2.59,,
1S03,11/02/2023,7.32,,,95,57,2.07,,
1S03A,11/02/2023,7.26,,,91,57,2.09,,
1S03B,11/02/2023,7.49,,,95,57,2.12,,
1SCH3,11/02/2023,7.27,,,449,54,2.01,,
1SCL1,11/02/2023,7.33,,,444,54,2.27,,
1S03,12/02/2023,7.36,,,110,48,2.08,,
1S03A,12/02/2023,7.41,,,111,48,2.26,,
1S03B,12/02/2023,7.59,,,113,48,2.2,,
1S03,01/03/2023,7.13,,,90,45,2.01,,
1S03A,01/03/2023,7.14,16.6,5.91,89,43,2.13,0,0.007
1S03B,01/03/2023,7.24,17.1,5.94,91,41,2,0,0.008
1S07*,01/03/2023,7.15,16.3,5.84,89,43,2.07,0,0.009
1S03,02/03/2023,7.09,,,92,39,2.05,,
1S03A,02/03/2023,7.09,,,87,39,2.05,,
1S03B,02/03/2023,7.31,,,90,39,2.11,,
1SCH3,02/03/2023,7.05,,,453,43,2.19,,
1SCL1,02/03/2023,7.2,,,460,45,2.2,,
1S03,03/03/2023,7.14,,,90,39,2.08,,
1S03A,03/03/2023,7.08,,,88,39,2.05,,
1S03B,03/03/2023,7.22,,,89,39,2.22,,
1SCH3,03/03/2023,7.38,,,445,41,2.2,,
1SCL1,03/03/2023,7.41,,,442,43,2.03,,
1S03,04/03/2023,7.14,,,91,45,2.03,,
1S03A,04/03/2023,7.25,,,89,43,2.04,,
1S03B,04/03/2023,7.38,,,90,43,2.1,,
1S03,05/03/2023,7.07,,,94,52,2.07,,
1S03A,05/03/2023,7.18,,,92,52,2.05,,
1S03B,05/03/2023,7.35,,,95,52,2.05,,
1SCL1,05/03/2023,7.39,,,397,52,1.99,,
1S03,06/03/2023,7.3,,,93,59,2.48,,
1S03A,06/03/2023,7.42,,,91,59,2.79,,
1S03B,06/03/2023,7.67,,,95,59,2.5,,
1S03,07/03/2023,7.18,,,87,64,2.42,,
1S03A,07/03/2023,7.43,,,86,63,2.46,,
1S03B,07/03/2023,7.57,,,88,63,2.51,,
1S03,08/03/2023,7.36,,,89,63,2.47,,
1S03A,08/03/2023,7.49,,,87,66,2.39,,
1S03B,08/03/2023,7.58,,,90,64,2.54,,
1S03,09/03/2023,7.33,,,96,68,2.45,,
1S03A,09/03/2023,7.42,,,94,68,2.48,,
1S03B,09/03/2023,7.6,,,98,68,2.5,,
1S03,10/03/2023,7.35,,,92,64,2.47,,
1S03A,10/03/2023,7.47,18.3,5.45,91,64,2.42,0,0.007
1S03B,10/03/2023,7.58,19.4,5.35,93,64,2.65,0,0.006
1S07,10/03/2023,7.3,18.2,5.44,92,64,2.31,0,0.01
1S03,11/03/2023,7.37,,,102,57,1.59,,
1S03A,11/03/2023,7.35,,,92,57,2.1,,
1S03B,11/03/2023,7.47,,,96,57,1.93,,
1SCH3,11/03/2023,7.29,,,449,54,1.92,,
1SCL1,11/03/2023,7.29,,,447,55,2.3,,
1S03,12/03/2023,7.26,,,112,48,2.13,,
1S03A,12/03/2023,7.38,,,110,48,2.03,,
1S03B,12/03/2023,7.57,,,112,48,2.16,,
1S03,01/04/2023,7.1,,,90,43,2.1,,
1S03A,01/04/2023,7.11,,,89,41,2.08,,
1S03B,01/04/2023,7.23,,,91,45,2.17,,
1S03,02/04/2023,7.18,,,90,39,2.11,,
1S03A,02/04/2023,7.15,,,89,39,2.14,,
1S03B,02/04/2023,7.41,,,92,39,2.18,,
1SCH3,02/04/2023,7.13,,,465,41,2.28,,
1SCL1,02/04/2023,7.29,,,457,43,2.26,,
1S03,03/04/2023,7.11,,,90,41,2.04,,
1S03A,03/04/2023,7.15,,,89,39,2.1,,
1S03B,03/04/2023,7.4,,,90,41,2.15,,
1SCH3,03/04/2023,7.32,,,436,41,1.94,,
1SCL1,03/04/2023,7.43,,,440,43,2.29,,
1S03,04/04/2023,7.07,,,92,45,2,,
1S03A,04/04/2023,7.17,14.7,5.62,89,43,2.08,0,0.007
1S03B,04/04/2023,7.28,15.2,5.59,89,43,2.13,0,0.005
1S07*,04/04/2023,7.2,14.8,5.68,89,43,1.85,0,0.011
1S03,05/04/2023,7,,,93,52,2.07,,
1S03A,05/04/2023,7.1,,,90,52,2.02,,
1S03B,05/04/2023,7.18,,,95,52,2.35,,
1SCL1,05/04/2023,7.28,,,355,52,1.94,,
1S03,06/04/2023,7.31,,,93,59,2.46,,
1S03A,06/04/2023,7.35,,,92,59,2.88,,
1S03B,06/04/2023,7.67,,,94,59,2.53,,
1S03,07/04/2023,7.32,,,87,63,2.42,,
1S03A,07/04/2023,7.48,,,86,63,2.43,,
1S03B,07/04/2023,7.46,,,88,64,2.49,,
1S03,08/04/2023,7.34,,,88,64,2.41,,
1S03A,08/04/2023,7.4,,,86,66,2.43,,
1S03B,08/04/2023,7.56,,,89,64,2.48,,
1S03,09/04/2023,7.3,,,96,68,2.43,,
1S03A,09/04/2023,7.44,,,93,70,2.43,,
1S03B,09/04/2023,7.69,,,96,68,2.35,,
1S03,10/04/2023,7.38,,,92,64,2.49,,
1S03A,10/04/2023,7.42,,,91,64,2.47,,
1S03B,10/04/2023,7.66,,,95,64,2.54,,
1S03,11/04/2023,7.31,,,96,57,2.03,,
1S03A,11/04/2023,7.34,,,92,57,2.07,,
1S03B,11/04/2023,7.67,,,96,57,1.81,,
1SCH3,11/04/2023,7.3,,,446,54,1.93,,
1SCL1,11/04/2023,7.33,,,444,55,2.25,,
1S03,12/04/2023,7.29,,,109,48,2.11,,
1S03A,12/04/2023,7.41,,,110,48,2.2,,
1S03B,12/04/2023,7.58,,,113,48,2.2,,
1S03,01/05/2023,7.07,,,87,43,2.02,,
1S03A,01/05/2023,7.28,,,91,43,2.06,,
1S03B,01/05/2023,7.3,,,93,43,2.19,,
1S03,02/05/2023,7.24,,,90,37,2,,
1S03A,02/05/2023,7.1,,,87,39,2.1,,
1S03B,02/05/2023,7.31,,,89,39,2.11,,
1SCH3,02/05/2023,7.11,,,459,41,2.26,,
1SCL1,02/05/2023,7.25,,,459,43,2.26,,
1S03,03/05/2023,7.24,,,88,41,2.09,,
1S03A,03/05/2023,7.23,,,87,41,2.07,,
1S03B,03/05/2023,7.41,,,89,41,2.15,,
1SCH3,03/05/2023,7.35,,,436,41,2.02,,
1SCL1,03/05/2023,7.47,,,439,43,2.09,,
1S03,04/05/2023,7.17,,,91,45,2.01,,
1S03A,04/05/2023,7.26,,,90,45,2.08,,
1S03B,04/05/2023,7.37,,,93,46,2.08,,
1S03,05/05/2023,7.24,,,94,52,1.97,,
1S03A,05/05/2023,7.24,,,92,52,2.1,,
1S03B,05/05/2023,7.44,,,95,52,2.12,,
1SCL1,05/05/2023,7.37,,,303,52,2.03,,
1S03,06/05/2023,7.31,,,93,59,2.47,,
1S03A,06/05/2023,7.36,,,90,59,2.64,,
1S03B,06/05/2023,7.55,,,95,59,2.51,,
1S03,07/05/2023,7.2,,,87,64,2.45,,
1S03A,07/05/2023,7.23,15.8,5.11,86,63,2.44,0,0.007
1S03B,07/05/2023,7.51,16.4,5.1,89,64,2.5,0,0.006
1S07,07/05/2023,7.19,15.5,5.14,87,66,2.4,0,0.014
1S03,08/05/2023,7.34,,,89,66,2.44,,
1S03A,08/05/2023,7.37,,,87,66,2.42,,
1S03B,08/05/2023,7.56,,,90,66,2.45,,
1S03,09/05/2023,7.34,,,96,70,2.39,,
1S03A,09/05/2023,7.35,19.1,5.54,93,68,2.5,0,0.008
1S03B,09/05/2023,7.63,21.4,5.57,95,70,2.5,0,0.006
1S07,09/05/2023,7.39,19.3,5.51,96,70,2.23,0,0.011
1S03,10/05/2023,7.36,,,92,64,2.47,,
1S03A,10/05/2023,7.5,,,91,64,2.49,,
1S03B,10/05/2023,7.54,,,95,66,2.62,,
1S03,11/05/2023,7.21,,,96,57,2.06,,
1S03A,11/05/2023,7.28,,,93,57,2.14,,
1S03B,11/05/2023,7.53,,,94,57,1.96,,
1SCH3,11/05/2023,7.22,,,441,54,1.89,,
1SCL1,11/05/2023,7.2,,,437,55,2.25,,
1S03,12/05/2023,7.23,,,112,48,2.16,,
1S03A,12/05/2023,7.39,22.5,6.78,106,48,2.07,0,0.007
1S03B,12/05/2023,7.57,23.8,6.83,112,48,2.19,0,0.01
1S07,12/05/2023,7.28,22.3,6.84,107,48,2.22,3,0.008
1S03,01/06/2023,7.24,,,90,43,2.09,,
1S03A,01/06/2023,7.1,,,88,43,2.12,,
1S03B,01/06/2023,7.25,,,91,43,2.1,,
1S03,02/06/2023,7.17,,,92,39,2.06,,
1S03A,02/06/2023,7.18,,,91,39,2.18,,
1S03B,02/06/2023,7.31,,,92,43,2.22,,
1SCH3,02/06/2023,7.11,,,474,41,2.23,,
1SCL1,02/06/2023,7.23,,,468,43,2.27,,
1S03,03/06/2023,7.15,,,88,41,2.03,,
1S03A,03/06/2023,7.18,,,87,41,2.12,,
1S03B,03/06/2023,7.37,,,90,41,2.15,,
1SCH3,03/06/2023,7.31,,,436,43,2.06,,
1SCL1,03/06/2023,7.42,,,439,45,2.06,,
1S03,04/06/2023,7.18,,,92,46,2,,
1S03A,04/06/2023,7.25,,,95,46,2.06,,
1S03B,04/06/2023,7.41,,,97,46,2.09,,
1S03,05/06/2023,7.14,,,95,54,2,,
1S03A,05/06/2023,7.07,,,92,52,2.09,,
1S03B,05/06/2023,7.33,,,94,52,2.16,,
1SCL1,05/06/2023,7.3,,,341,54,2.09,,
1S03,06/06/2023,7.22,,,92,59,2.41,,
1S03A,06/06/2023,7.45,16.1,5.19,89,59,2.39,0,0.006
1S03B,06/06/2023,7.69,17,5.24,92,59,2.46,0,0.004
1S07*,06/06/2023,7.36,14.7,5.24,91,61,2.48,0,0.011
1S03,07/06/2023,7.3,,,87,64,2.35,,
1S03A,07/06/2023,7.36,,,86,63,2.48,,
1S03B,07/06/2023,7.5,,,89,64,2.47,,
1S03,08/06/2023,7.32,,,90,66,2.44,,
1S03A,08/06/2023,7.41,,,88,66,2.42,,
1S03B,08/06/2023,7.62,,,90,66,2.51,,
1S03,09/06/2023,7.4,,,96,70,2.4,,
1S03A,09/06/2023,7.47,,,92,70,2.46,,
1S03B,09/06/2023,7.69,,,97,72,2.57,,
1S03,10/06/2023,7.34,,,92,66,2.44,,
1S03A,10/06/2023,7.48,,,91,64,2.45,,
1S03B,10/06/2023,7.6,,,95,66,2.61,,
1S03,11/06/2023,7.27,,,96,57,2.05,,
1S03A,11/06/2023,7.35,,,94,57,2.17,,
1S03B,11/06/2023,7.51,,,96,57,1.98,,
1SCH3,11/06/2023,7.31,,,436,54,1.9,,
1SCL1,11/06/2023,7.3,,,438,55,2.23,,
1S03,12/06/2023,7.31,,,112,48,2.1,,
1S03A,12/06/2023,7.31,,,110,48,2.05,,
1S03B,12/06/2023,7.56,,,115,48,2.23,,
1S03,01/07/2023,7.16,,,90,43,2.09,,
1S03A,01/07/2023,7.08,,,88,43,1.92,,
1S03B,01/07/2023,7.24,,,91,41,2.13,,
1S03*,02/07/2023,7.21,15.8,5.45,90,39,2.04,0,0.008
1S03A,02/07/2023,7.28,15,5.5,89,39,2.15,0,0.006
1S03B,02/07/2023,7.38,16.4,5.68,94,39,2.24,0,0.006
1S07*,02/07/2023,7.23,15.3,5.65,89,39,2.07,0,0.01
1SCH3,02/07/2023,7.07,62.1,26.1,467,41,2.27,0,0.023
1SCL1,02/07/2023,7.19,,25.6,470,43,2.23,0,0.026
1S03,03/07/2023,7.19,,,89,41,2.04,,
1S03A,03/07/2023,7.17,15.1,5.54,87,41,2.11,0,0.007
1S03B,03/07/2023,7.33,15.7,5.83,89,41,2.12,0,0.005
1S07*,03/07/2023,7.17,14.8,5.53,87,41,2.04,0,0.012
1SCH3,03/07/2023,7.43,51.6,17.3,361,41,2.05,0,0.012
1SCL1,03/07/2023,7.42,64.4,24.6,438,46,2.06,0,0.013
1S03,04/07/2023,7.24,,,97,46,2,,
1S03A,04/07/2023,7.15,,,93,45,2.04,,
1S03B,04/07/2023,7.32,,,94,45,2.06,,
1S03,05/07/2023,7.25,,,94,54,2.05,,
1S03A,05/07/2023,7.12,,,91,52,2.06,,
1S03B,05/07/2023,7.28,,,95,54,2.08,,
1SCL1,05/07/2023,7.28,,,323,52,1.99,,
1S03,06/07/2023,7.25,,,90,59,2.43,,
1S03A,06/07/2023,7.4,,,90,59,2.5,,
1S03B,06/07/2023,7.51,,,93,59,2.5,,
1S03,07/07/2023,7.29,,,88,64,2.36,,
1S03A,07/07/2023,7.44,,,86,64,2.43,,
1S03B,07/07/2023,7.61,,,89,64,2.53,,
1S03,08/07/2023,7.35,,,88,68,2.44,,
1S03A,08/07/2023,7.34,,,86,66,2.41,,
1S03B,08/07/2023,7.61,,,90,66,2.48,,
1S03,09/07/2023,7.42,,,96,70,2.45,,
1S03A,09/07/2023,7.55,,,92,70,2.48,,
1S03B,09/07/2023,7.74,,,96,70,2.46,,
1S03,10/07/2023,7.34,,,93,64,2.4,,
1S03A,10/07/2023,7.35,,,91,64,2.38,,
1S03B,10/07/2023,7.63,,,93,64,2.5,,
1S03,11/07/2023,7.25,,,96,57,2.04,,
1S03A,11/07/2023,7.35,,,94,57,2.14,,
1S03B,11/07/2023,7.51,,,98,57,1.92,,
1SCH3,11/07/2023,7.23,,,441,54,2.04,,
1SCL1,11/07/2023,7.21,,,434,55,2.25,,
1S03,12/07/2023,7.34,,,111,46,2.24,,
1S03A,12/07/2023,7.34,,,106,48,2.23,,
1S03B,12/07/2023,7.52,,,112,48,2.17,,
1S03,01/08/2023,7.18,,,87,41,2.07,,
1S03A,01/08/2023,7.21,,,90,41,1.99,,
1S03B,01/08/2023,7.33,,,93,41,2.19,,
1S03,02/08/2023,7.21,,,92,39,2.04,,
1S03A,02/08/2023,7.05,,,88,39,2.04,,
1S03B,02/08/2023,7.43,,,93,41,2.02,,
1SCH3,02/08/2023,7.09,,,463,41,2.11,,
1SCL1,02/08/2023,7.19,63.2,,467,43,2.23,,
1S03,03/08/2023,7.2,,,90,39,2.07,,
1S03A,03/08/2023,7.27,,,89,39,2.04,,
1S03B,03/08/2023,7.43,,,90,41,2.02,,
1SCH3,03/08/2023,7.22,,,445,41,2.1,,
1SCL1,03/08/2023,7.45,,,444,43,2.03,,
1S03,04/08/2023,7.19,,,96,45,1.99,,
1S03A,04/08/2023,7.23,,,93,45,2.07,,
1S03B,04/08/2023,7.38,,,94,45,2.09,,
1S03,05/08/2023,7.26,,,94,54,2.02,,
1S03A,05/08/2023,7.17,,,90,54,2.11,,
1S03B,05/08/2023,7.44,,,96,54,2.12,,
1SCL1,05/08/2023,7.39,,,315,54,2.04,,
1S03,06/08/2023,7.32,,,90,59,2.41,,
1S03A,06/08/2023,7.48,,,88,59,2.5,,
1S03B,06/08/2023,7.66,,,91,59,2.27,,
1S03,07/08/2023,7.34,,,88,64,2.35,,
1S03A,07/08/2023,7.34,,,85,64,2.45,,
1S03B,07/08/2023,7.57,,,89,64,2.5,,
1S03,08/08/2023,7.3,,,88,66,2.4,,
1S03A,08/08/2023,7.37,,,86,66,2.51,,
1S03B,08/08/2023,7.52,,,89,66,2.55,,
1S03,09/08/2023,7.33,,,95,70,2.46,,
1S03A,09/08/2023,7.39,,,92,70,2.5,,
1S03B,09/08/2023,7.59,,,97,70,2.51,,
1S03,10/08/2023,7.19,,,93,64,2.23,,
1S03A,10/08/2023,7.37,,,92,64,2.58,,
1S03B,10/08/2023,7.55,,,95,63,2.56,,
1S03,11/08/2023,7.31,18.9,5.96,96,55,2,0,0.009
1S03A,11/08/2023,7.36,18.9,5.81,95,55,2.19,0,0.007
1S03B,11/08/2023,7.55,19.9,5.83,98,55,2.12,0,0.007
1S07,11/08/2023,7.36,25.1,7.2,130,57,1.96,0,0.008
1SCH3,11/08/2023,7.25,73.2,24.2,443,54,2.12,0,0.013
1SCL1,11/08/2023,7.24,73.6,23.4,440,55,2.38,0,0.014
1S03,12/08/2023,7.33,,,110,46,2.16,,
1S03A,12/08/2023,7.3,,,107,48,2.14,,
1S03B,12/08/2023,7.51,,,113,46,2.21,,
1S03,01/09/2023,7.02,,,89,41,2.05,,
1S03A,01/09/2023,7.05,,,87,43,2.12,,
1S03B,01/09/2023,7.18,,,91,43,2.25,,
1S03,02/09/2023,7.22,,,87,39,2.02,,
1S03A,02/09/2023,7.2,,,89,39,2.11,,
1S03B,02/09/2023,7.42,,,90,39,2.09,,
1SCH3,02/09/2023,6.96,,,466,41,2.17,,
1SCL1,02/09/2023,7.17,,,468,43,2.2,,
1S03,03/09/2023,7.17,,,90,41,2.06,,
1S03A,03/09/2023,7.18,,,89,41,2.06,,
1S03B,03/09/2023,7.36,,,91,41,2.09,,
1SCH3,03/09/2023,7.23,,,435,43,2.01,,
1SCL1,03/09/2023,7.35,,,436,45,2.11,,
1S03,04/09/2023,7.26,,,96,45,2.04,,
1S03A,04/09/2023,7.08,,,93,46,2.11,,
1S03B,04/09/2023,7.36,,,94,46,2.09,,
1S03,05/09/2023,7.24,,,95,54,2.48,,
1S03A,05/09/2023,7.27,,,92,54,2.48,,
1S03B,05/09/2023,7.41,,,96,54,2.49,,
1SCL1,05/09/2023,7.34,,,352,54,2.35,,
1S03,06/09/2023,7.33,,,90,59,2.42,,
1S03A,06/09/2023,7.5,,,88,59,2.47,,
1S03B,06/09/2023,7.68,,,91,59,2.5,,
1S03,07/09/2023,7.31,,,88,64,2.39,,
1S03A,07/09/2023,7.27,,,85,64,2.49,,
1S03B,07/09/2023,7.57,,,89,64,2.47,,
1S03,08/09/2023,7.35,,,88,66,2.45,,
1S03A,08/09/2023,7.41,,,87,64,2.49,,
1S03B,08/09/2023,7.51,,,89,66,2.39,,
1S03,09/09/2023,7.32,,,94,70,2.43,,
1S03A,09/09/2023,7.39,,,93,70,2.38,,
1S03B,09/09/2023,7.56,,,96,70,2.6,,
1S03,10/09/2023,7.14,,,94,63,2.35,,
1S03A,10/09/2023,7.38,,,94,63,2.36,,
1S03B,10/09/2023,7.5,,,97,63,2.52,,
1S03,11/09/2023,7.28,,,95,55,2.2,,
1S03A,11/09/2023,7.28,,,93,55,2.13,,
1S03B,11/09/2023,7.59,,,96,57,2.14,,
1S03,12/09/2023,7.38,,,112,46,2.17,,
1S03A,12/09/2023,7.41,,,110,48,2.26,,
1S03B,12/09/2023,7.61,,,114,46,2.17,,
1S03,01/10/2023,7.08,,,89,43,2.12,,
1S03A,01/10/2023,7.2,,,90,43,2.11,,
1S03B,01/10/2023,7.28,,,92,41,2.25,,
1S03,02/10/2023,7.21,,,92,39,2.05,,
1S03A,02/10/2023,7.13,,,88,39,2.1,,
1S03B,02/10/2023,7.26,,,92,39,2.14,,
1SCH3,02/10/2023,7.29,,,464,41,2.31,,
1SCL1,02/10/2023,7.42,,,465,43,2.25,,
1S03,03/10/2023,7.21,,,90,41,1.92,,
1S03A,03/10/2023,7.2,,,89,41,2.06,,
1S03B,03/10/2023,7.39,,,91,41,2.12,,
1SCH3,03/10/2023,7.22,,,430,43,1.94,,
1SCL1,03/10/2023,7.33,,,433,45,2.24,,
1S03,04/10/2023,7.24,,,96,46,2.03,,
1S03A,04/10/2023,7.23,,,93,46,2.08,,
1S03B,04/10/2023,7.33,,,95,46,2.08,,
1S03,05/10/2023,7.28,,,94,54,2.51,,
1S03A,05/10/2023,7.25,,,93,52,2.4,,
1S03B,05/10/2023,7.46,,,95,54,2.43,,
1SCL1,05/10/2023,7.37,,,365,52,2.36,,
1S03,06/10/2023,7.26,,,89,61,2.43,,
1S03A,06/10/2023,7.35,,,86,59,2.49,,
1S03B,06/10/2023,7.53,,,90,59,2.54,,
1S03,07/10/2023,7.28,,,88,64,2.41,,
1S03A,07/10/2023,7.3,,,86,64,2.44,,
1S03B,07/10/2023,7.51,,,89,64,2.57,,
1S03,08/10/2023,7.31,,,88,66,2.44,,
1S03A,08/10/2023,7.36,,,87,66,2.43,,
1S03B,08/10/2023,7.52,,,90,66,2.44,,
1S03,09/10/2023,7.25,,,94,70,2.39,,
1S03A,09/10/2023,7.37,,,92,68,2.5,,
1S03B,09/10/2023,7.55,,,95,70,2.48,,
1S03,10/10/2023,7.25,,,94,63,2.45,,
1S03A,10/10/2023,7.49,,,92,63,2.53,,
1S03B,10/10/2023,7.55,,,96,63,2.78,,
1S03,11/10/2023,7.33,,,95,55,2.13,,
1S03A,11/10/2023,7.19,,,93,55,2.1,,
1S03B,11/10/2023,7.54,,,98,55,2.1,,
1S03,12/10/2023,7.36,,,110,48,2.14,,
1S03A,12/10/2023,7.38,,,110,48,2.18,,
1S03B,12/10/2023,7.6,,,112,48,2.2,,
1S03,01/11/2023,7.09,,,91,41,2.1,,
1S03A,01/11/2023,7.29,,,91,41,2.08,,
1S03B,01/11/2023,7.4,,,94,43,2.12,,
1S03,02/11/2023,7.22,,,92,39,1.97,,
1S03A,02/11/2023,7.18,,,91,39,2.1,,
1S03B,02/11/2023,7.35,,,94,39,1.97,,
1SCH3,02/11/2023,7.05,,,461,41,2.09,,
1SCL1,02/11/2023,7.25,,,466,43,2.26,,
1S03,03/11/2023,7.22,,,91,39,2.21,,
1S03A,03/11/2023,7.08,,,87,41,2.19,,
1S03B,03/11/2023,7.39,,,94,43,2.22,,
1SCH3,03/11/2023,7.25,,,437,43,2.11,,
1SCL1,03/11/2023,7.22,,,437,39,2.21,,
1S03,04/11/2023,7.48,,,97,48,2,,
1S03A,04/11/2023,7.15,,,93,46,2.04,,
1S03B,04/11/2023,7.34,,,95,46,2.12,,
1S03,05/11/2023,7.14,,,93,54,2.35,,
1S03A,05/11/2023,7.21,,,92,54,2.46,,
1S03B,05/11/2023,7.36,,,96,54,2.52,,
1SCL1,05/11/2023,7.36,,,368,52,2.28,,
1S03,06/11/2023,7.29,,,88,61,2.44,,
1S03A,06/11/2023,7.34,,,85,61,2.45,,
1S03B,06/11/2023,7.53,,,89,61,2.46,,
1S03,07/11/2023,7.23,,,87,64,2.44,,
1S03A,07/11/2023,7.4,,,86,64,2.44,,
1S03B,07/11/2023,7.59,,,88,64,2.52,,
1S03,08/11/2023,7.28,,,88,66,2.4,,
1S03A,08/11/2023,7.45,,,87,66,2.5,,
1S03B,08/11/2023,7.59,,,91,66,2.54,,
1S03,09/11/2023,7.27,,,94,70,2.33,,
1S03A,09/11/2023,7.37,,,93,70,2.5,,
1S03B,09/11/2023,7.53,,,96,70,2.74,,
1S03,10/11/2023,7.33,,,94,63,2.57,,
1S03A,10/11/2023,7.45,,,93,63,2.5,,
1S03B,10/11/2023,7.61,,,96,63,2.53,,
1S03,11/11/2023,7.3,,,96,55,2.15,,
1S03A,11/11/2023,7.33,,,95,55,2.13,,
1S03B,11/11/2023,7.57,,,99,55,2.17,,
1S03,12/11/2023,7.33,,,110,48,2.29,,
1S03A,12/11/2023,7.37,,,108,48,2.12,,
1S03B,12/11/2023,7.54,,,114,48,2.18,,
1S03,01/12/2023,7.05,,,87,41,2.05,,
1S03A,01/12/2023,7.14,,,91,41,1.98,,
1S03B,01/12/2023,7.28,,,94,41,2.11,,
1S03,02/12/2023,7.17,,,90,39,2.05,,
1S03A,02/12/2023,7.17,,,91,39,2.09,,
1S03B,02/12/2023,7.3,,,91,39,2.07,,
1SCH3,02/12/2023,7.18,,,470,41,2.29,,
1SCL1,02/12/2023,7.32,,,470,43,2.25,,
1S03,03/12/2023,7.21,,,88,41,1.86,,
1S03A,03/12/2023,7.19,,,88,41,2.05,,
1S03B,03/12/2023,7.42,,,94,41,2.13,,
1SCH3,03/12/2023,7.31,,,441,43,1.92,,
1SCL1,03/12/2023,7.36,,,445,45,2.26,,
1S03,04/12/2023,7.51,,,98,48,2,,
1S03A,04/12/2023,7.18,,,94,46,2.24,,
1S03B,04/12/2023,7.21,,,95,48,2.12,,
1S03,05/12/2023,7.29,,,94,55,2.5,,
1S03A,05/12/2023,7.29,,,93,54,2.47,,
1S03B,05/12/2023,7.5,,,96,54,2.67,,
1SCL1,05/12/2023,7.32,,,353,54,2.32,,
1S03,06/12/2023,7.3,,,89,61,2.4,,
1S03A,06/12/2023,7.39,,,86,61,2.5,,
1S03B,06/12/2023,7.56,,,89,61,2.48,,
1S03,07/12/2023,7.27,,,87,64,2.41,,
1S03A,07/12/2023,7.43,,,85,64,2.45,,
1S03B,07/12/2023,7.6,,,88,64,2.47,,
1S03,08/12/2023,7.25,,,89,66,2.45,,
1S03A,08/12/2023,7.42,,,88,66,2.46,,
1S03B,08/12/2023,7.56,,,91,66,2.52,,
1S03,09/12/2023,7.25,,,93,70,2.41,,
1S03A,09/12/2023,7.41,,,93,70,2.46,,
1S03B,09/12/2023,7.55,,,96,70,2.59,,
1S03,10/12/2023,7.37,,,97,63,2.49,,
1S03A,10/12/2023,7.47,,,93,63,2.42,,
1S03B,10/12/2023,7.69,,,97,63,2.5,,
1S03,11/12/2023,7.31,,,97,54,2.07,,
1S03A,11/12/2023,7.29,,,96,55,2.12,,
1S03B,11/12/2023,7.64,,,99,54,2.13,,
1S03,12/12/2023,7.26,,,111,46,2.11,,
1S03A,12/12/2023,7.35,,,110,48,2.12,,
1S03B,12/12/2023,7.55,,,114,46,2.16,,
1S03,01/01/2024,7.31,,,106,45,2.01,,
1S03A,01/01/2024,7.36,,,102,45,2.09,,
1S03B,01/01/2024,7.45,,,104,45,2.07,,
1S03,02/01/2024,7.31,,,93,39,2.11,,
1S03A,02/01/2024,7.27,,,90,39,2.1,,
1S03B,02/01/2024,7.49,,,92,41,2.04,,
1S03,03/01/2024,7.31,,,90,39,2.07,,
1S03A,03/01/2024,7.34,,,90,41,2.08,,
1S03B,03/01/2024,7.45,,,93,41,2.17,,
1S03,04/01/2024,7.21,,,93,43,2.11,,
1S03A,04/01/2024,7.34,,,91,45,2.06,,
1S03B,04/01/2024,7.42,,,94,45,2.08,,
1S03,05/01/2024,7.07,,,88,54,2.05,,
1S03A,05/01/2024,7.35,,,89,52,2.06,,
1S03B,05/01/2024,7.47,,,88,54,2.03,,
1S03,06/01/2024,7.24,,,86,59,2.48,,
1S03A,06/01/2024,7.31,,,84,57,2.43,,
1S03B,06/01/2024,7.5,,,88,59,2.47,,
1S03,07/01/2024,7.31,,,83,66,2.46,,
1S03A,07/01/2024,7.31,,,80,64,2.4,,
1S03B,07/01/2024,7.56,,,85,66,2.45,,
1S03,08/01/2024,7.37,,,82,70,2.43,,
1S03A,08/01/2024,7.38,,,80,68,2.49,,
1S03B,08/01/2024,7.75,,,84,70,2.42,,
1S03,09/01/2024,7.35,,,86,68,2.44,,
1S03A,09/01/2024,7.35,,,84,68,2.47,,
1S03B,09/01/2024,7.53,,,86,68,2.54,,
1S02B,10/01/2024,7.49,17.58,5.2,85,66,2.15,0,0.016
1S03,10/01/2024,7.39,,,86,66,2.13,,
1S03A,10/01/2024,7.31,16.52,5.18,83,66,1.99,0,0.009
1S07*,10/01/2024,7.24,16.48,5.2,82,66,2.08,0,0.01
1SCH3,10/01/2024,7.41,67.22,20.65,380,59,2.16,0,0.016
1SCL1,10/01/2024,7.29,65.04,20.66,374,61,2.18,0,0.026
1S02B,11/01/2024,7.43,,,95,61,2.08,,
1S03,11/01/2024,7.37,,,95,59,2.03,,
1S03A,11/01/2024,7.23,,,91,59,2.07,,
1SCH3,11/01/2024,7.27,,,390,63,2.02,,
1SCL1,11/01/2024,7.27,,,387,63,2.18,,
1S02B,12/01/2024,7.39,,,101,52,2.15,,
1S03,12/01/2024,7.23,,,99,50,2.08,,
1S03A,12/01/2024,7.24,,,96,50,2.06,,
1SCH3,12/01/2024,7.21,,,400,54,1.9,,
1SCL1,12/01/2024,7.13,,,394,54,2.21,,
1S03,01/02/2024,7.31,,,105,45,2.11,,
1S03A,01/02/2024,7.33,19.2,6,101,45,2.03,0,0.006
1S03B,01/02/2024,7.54,21.5,6.37,103,45,2.08,0,0.009
1S07*,01/02/2024,7.19,19.6,6.13,105,45,1.97,0,0.008
1S03,02/02/2024,7.38,,,93,41,2.1,,
1S03A,02/02/2024,7.3,,,91,41,2.04,,
1S03B,02/02/2024,7.51,,,93,41,2.1,,
1S03,03/02/2024,7.29,,,93,39,2.08,,
1S03A,03/02/2024,7.33,,,91,41,2.17,,
1S03B,03/02/2024,7.5,,,94,41,2.15,,
1S03,04/02/2024,7.4,,,92,45,2.01,,
1S03A,04/02/2024,7.34,16.8,5.34,90,45,2.1,0,0.006
1S03B,04/02/2024,7.51,17.7,5.27,91,45,2.1,0,0.008
1S07*,04/02/2024,7.2,17.1,5.37,93,45,2.11,0,0.007
1S03,05/02/2024,7.18,,,87,52,1.94,,
1S03A,05/02/2024,7.32,,,86,52,1.93,,
1S03B,05/02/2024,7.38,,,89,52,1.82,,
1S03,06/02/2024,7.28,,,86,59,2.37,,
1S03A,06/02/2024,7.3,,,83,59,2.46,,
1S03B,06/02/2024,7.64,,,86,59,2.48,,
1S03,07/02/2024,7.28,,,83,66,2.49,,
1S03A,07/02/2024,7.4,15.7,4.7,80,64,2.37,0,0.008
1S03B,07/02/2024,7.5,17.1,4.71,85,64,2.47,0,0.009
1S07*,07/02/2024,7.28,15.7,4.7,84,66,2.4,0,0.009
1S03,08/02/2024,7.41,,,83,70,2.43,,
1S03A,08/02/2024,7.4,,,82,70,2.44,,
1S03B,08/02/2024,7.73,,,84,70,,,
1S03,09/02/2024,7.31,,,86,68,2.46,,
1S03A,09/02/2024,7.36,,,84,68,2.46,,
1S03B,09/02/2024,7.53,,,86,68,2.51,,
1S02B,10/02/2024,7.6,,,89,66,2.04,,
1S03,10/02/2024,7.34,,,86,66,1.96,,
1S03A,10/02/2024,7.32,,,83,66,1.94,,
1SCH3,10/02/2024,7.35,,,375,59,2.12,,
1SCL1,10/02/2024,7.28,,,372,61,2.05,,
1S02B,11/02/2024,7.33,,,95,59,2.04,,
1S03,11/02/2024,7.23,,,97,59,2.02,,
1S03A,11/02/2024,7.22,,,95,59,2.02,,
1SCH3,11/02/2024,7.26,,,390,63,2.01,,
1SCL1,11/02/2024,7.26,,,391,63,2.05,,
1S02B,12/02/2024,7.42,,,101,52,2.14,,
1S03,12/02/2024,7.23,,,97,48,2.06,,
1S03A,12/02/2024,7.07,,,97,50,2,,
1SCH3,12/02/2024,7.21,,,402,52,1.95,,
1SCL1,12/02/2024,7.14,,,392,54,2.5,,
1S03,01/03/2024,7.22,,,103,45,2.02,,
1S03A,01/03/2024,7.35,,,103,45,2.04,,
1S03B,01/03/2024,7.51,,,106,45,2.2,,
1S03,02/03/2024,7.35,,,88,41,2.14,,
1S03A,02/03/2024,7.32,,,89,39,2.11,,
1S03B,02/03/2024,7.54,,,92,41,2.11,,
1S03,03/03/2024,7.31,,,92,41,2.14,,
1S03A,03/03/2024,7.35,,,90,41,2.08,,
1S03B,03/03/2024,7.55,,,92,41,2.11,,
1S03,04/03/2024,7.32,,,91,45,2,,
1S03A,04/03/2024,7.35,,,90,45,1.96,,
1S03B,04/03/2024,7.46,,,94,45,2.08,,
1S03,05/03/2024,7.08,,,85,54,2.02,,
1S03A,05/03/2024,7.3,,,86,52,2.02,,
1S03B,05/03/2024,7.44,,,85,52,2.07,,
1S03,06/03/2024,7.27,,,85,59,2.46,,
1S03A,06/03/2024,7.29,,,83,59,2.49,,
1S03B,06/03/2024,7.51,,,87,59,2.57,,
1S03,07/03/2024,7.41,,,83,66,2.45,,
1S03A,07/03/2024,7.29,,,80,64,2.46,,
1S03B,07/03/2024,7.57,,,85,66,2.56,,
1S03,08/03/2024,7.32,,,84,70,2.37,,
1S03A,08/03/2024,7.37,,,81,68,2.3,,
1S03B,08/03/2024,7.59,,,84,70,2.56,,
1S02B,09/03/2024,7.54,,,88,70,2.55,,
1S03,09/03/2024,7.25,,,86,68,2.43,,
1S03A,09/03/2024,7.3,,,85,68,2.49,,
1S03B,09/03/2024,7.5,,,88,68,2.55,,
1S02B,10/03/2024,7.39,,,87,66,2.11,,
1S03,10/03/2024,7.37,,,85,66,1.98,,
1S03A,10/03/2024,7.22,,,80,66,2.02,,
1SCH3,10/03/2024,7.16,,,369,61,2.12,,
1SCL1,10/03/2024,7.23,,,375,61,2.09,,
1S02B,11/03/2024,7.41,,,101,59,2.06,,
1S03,11/03/2024,7.21,,,99,59,2.07,,
1S03A,11/03/2024,7.28,,,97,59,2.03,,
1SCH3,11/03/2024,7.25,,,390,61,1.97,,
1SCL1,11/03/2024,7.22,,,387,63,2.3,,
1S02B,12/03/2024,7.48,21.2,,101,50,2.18,0,0.015
1S03,12/03/2024,7.25,,,100,48,1.93,,
1S03A,12/03/2024,7.22,19.1,,96,50,2.11,0,0.007
1S07*,12/03/2024,7.18,27.1,,145,50,1.98,0,0.011
1SCH3,12/03/2024,7.2,65.4,,399,52,1.94,0,0.022
1SCL1,12/03/2024,7.15,64.5,,396,54,2.23,0,0.031
1S03,01/04/2024,7.22,,,105,45,2.02,,
1S03A,01/04/2024,7.28,,,102,45,2.04,,
1S03B,01/04/2024,7.46,,,107,45,2.09,,
1S03,02/04/2024,7.38,,,93,39,2.08,,
1S03A,02/04/2024,7.34,,,89,41,2.19,,
1S03B,02/04/2024,7.57,,,91,41,2.21,,
1S03,03/04/2024,7.32,,,89,41,1.94,,
1S03A,03/04/2024,7.32,,,90,41,2.06,,
1S03B,03/04/2024,7.46,,,91,41,2.06,,
1S03,04/04/2024,7.29,,,89,45,2.02,,
1S03A,04/04/2024,7.35,,,84,43,2.05,,
1S03B,04/04/2024,7.47,,,92,45,2.15,,
1S03,05/04/2024,7.09,,,86,54,2.05,,
1S03A,05/04/2024,7.31,,,84,52,2.09,,
1S03B,05/04/2024,7.34,,,87,54,2.08,,
1S03,06/04/2024,7.27,,,84,59,2.78,,
1S03A,06/04/2024,7.31,15.1,4.63,81,59,2.47,0,0.007
1S03B,06/04/2024,7.51,16.3,4.64,85,61,2.56,0,0.009
1S07*,06/04/2024,7.23,15.2,4.81,85,61,2.36,0,0.009
1S03,07/04/2024,7.37,,,83,66,2.46,,
1S03A,07/04/2024,7.41,,,80,64,2.45,,
1S03B,07/04/2024,7.67,,,85,66,2.45,,
1S03,08/04/2024,7.31,,,83,70,2.49,,
1S03A,08/04/2024,7.25,,,81,68,2.4,,
1S03B,08/04/2024,7.69,,,84,68,2.43,,
1S02B,09/04/2024,7.49,,,89,70,2.5,,
1S03,09/04/2024,7.33,,,88,68,2.45,,
1S03A,09/04/2024,7.32,,,85,68,2.45,,
1S03B,09/04/2024,7.45,,,89,68,2.57,,
1S02B,10/04/2024,7.36,,,85,66,2.68,,
1S03,10/04/2024,7.31,,,86,66,2.04,,
1S03A,10/04/2024,7.24,,,82,64,2.01,,
1SCH3,10/04/2024,7.28,,,369,61,2.1,,
1SCL1,10/04/2024,7.31,,,375,61,2.2,,
1S02B,11/04/2024,7.46,,,99,59,2.12,,
1S03,11/04/2024,7.26,,,99,59,2.05,,
1S03A,11/04/2024,7.23,,,95,59,1.99,,
1SCH3,11/04/2024,7.26,,,384,61,1.99,,
1SCL1,11/04/2024,7.26,,,387,63,2.26,,
1S02B,12/04/2024,7.35,,,101,50,1.89,,
1S03,12/04/2024,7.19,,,100,48,2.12,,
1S03A,12/04/2024,7.24,,,98,48,2.1,,
1SCH3,12/04/2024,7.14,,,400,52,2.02,,
1SCL1,12/04/2024,7.02,,,391,52,2.22,,
1S03,01/05/2024,7.29,,,105,45,2.01,,
1S03A,01/05/2024,7.34,,,102,45,2.03,,
1S03B,01/05/2024,7.48,,,107,43,2,,
1S03,02/05/2024,7.43,,,93,39,2.02,,
1S03A,02/05/2024,7.33,,,89,41,2.07,,
1S03B,02/05/2024,7.55,,,93,41,2.12,,
1S03,03/05/2024,7.27,,,91,41,2.08,,
1S03A,03/05/2024,7.27,16.9,5.42,89,43,2.03,0,0.006
1S03B,03/05/2024,7.45,17.7,5.43,92,43,2.09,0,0.009
1S07*,03/05/2024,7.24,17,5.33,89,41,2.13,0,0.006
1S03,04/05/2024,7.18,,,92,45,2.04,,
1S03A,04/05/2024,7.35,,,85,43,2.05,,
1S03B,04/05/2024,7.44,,,90,45,2.08,,
1S03,05/05/2024,7.12,,,84,54,2.13,,
1S03A,05/05/2024,7.32,,,86,52,2.23,,
1S03B,05/05/2024,7.54,,,88,52,2.05,,
1S03,06/05/2024,7.33,,,84,61,2.39,,
1S03A,06/05/2024,7.38,,,83,61,2.45,,
1S03B,06/05/2024,7.52,,,86,61,2.49,,
1S03,07/05/2024,7.35,,,83,66,2.45,,
1S03A,07/05/2024,7.38,,,80,66,2.44,,
1S03B,07/05/2024,7.67,,,83,66,2.55,,
1S03,08/05/2024,7.34,,,83,70,2.42,,
1S03A,08/05/2024,7.38,,,82,68,2.49,,
1S03B,08/05/2024,7.57,,,85,70,2.61,,
1S02B,09/05/2024,7.49,,,89,68,2.58,,
1S03,09/05/2024,7.35,,,86,68,2.44,,
1S03A,09/05/2024,7.3,,,85,68,2.45,,
1S03B,09/05/2024,7.52,,,88,68,2.52,,
1SCL1**,09/05/2024,7.32,,,265,61,2.18,,
1S02B,10/05/2024,7.4,,,85,66,2.12,,
1S03,10/05/2024,7.27,,,85,66,2.09,,
1S03A,10/05/2024,7.24,,,82,66,2.11,,
1SCH3,10/05/2024,7.3,,,368,61,2.08,,
1SCL1,10/05/2024,7.33,,,373,61,2.2,,
1S02B,11/05/2024,7.42,,,99,59,2.08,,
1S03,11/05/2024,7.27,,,99,59,1.97,,
1S03A,11/05/2024,7.28,,,96,59,2.04,,
1SCH3,11/05/2024,7.28,,,388,61,1.99,,
1SCL1,11/05/2024,7.22,,,386,63,2.2,,
1S02B,12/05/2024,7.32,,,102,50,2.09,,
1S03,12/05/2024,7.19,,,100,48,2.22,,
1S03A,12/05/2024,7.31,,,97,48,2.01,,
1SCH3,12/05/2024,7.1,,,394,52,1.88,,
1SCL1,12/05/2024,7.12,,,392,52,2.14,,
1S03,01/06/2024,7.37,,,104,45,2.12,,
1S03A,01/06/2024,7.36,,,102,45,2.19,,
1S03B,01/06/2024,7.55,,,105,45,2.2,,
1S03*,02/06/2024,7.29,17.3,5.48,91,39,2.1,0,0.007
1S03A,02/06/2024,7.35,16.5,5.33,89,39,2.15,0,0.006
1S03B,02/06/2024,7.59,17.9,5.31,92,39,2.04,0,0.008
1S07*,02/06/2024,7.33,17.3,5.48,92,39,2.07,0,0.007
1S03,03/06/2024,7.28,,,90,41,2.04,,
1S03A,03/06/2024,7.33,,,89,43,2,,
1S03B,03/06/2024,7.47,,,93,43,2.11,,
1S03,04/06/2024,7.21,,,88,43,2.06,,
1S03A,04/06/2024,7.34,,,90,45,2.06,,
1S03B,04/06/2024,7.41,,,92,45,2.02,,
1S03,05/06/2024,7.07,,,84,54,2.07,,
1S03A,05/06/2024,7.29,,,85,54,2.05,,
1S03B,05/06/2024,7.35,,,87,54,2.15,,
1S03,06/06/2024,7.31,,,84,61,2.48,,
1S03A,06/06/2024,7.27,,,81,61,2.48,,
1S03B,06/06/2024,7.37,,,85,61,2.4,,
1S03,07/06/2024,7.32,,,82,66,2.45,,
1S03A,07/06/2024,7.36,,,80,66,2.46,,
1S03B,07/06/2024,7.64,,,83,66,2.52,,
1S03*,08/06/2024,7.35,16.3,4.84,83,70,2.43,0,0.009
1S03A,08/06/2024,7.4,16.3,4.79,81,70,2.5,0,0.007
1S03B,08/06/2024,7.61,17.4,4.81,84,70,2.48,0,0.007
1S07*,08/06/2024,7.35,16.2,4.82,83,70,2.38,0,0.009
1S02B,09/06/2024,7.46,,,88,68,2.46,,
1S03,09/06/2024,7.5,,,84,68,2.46,,
1S03A,09/06/2024,7.31,,,85,68,2.49,,
1S03B,09/06/2024,7.47,,,88,68,2.54,,
1SCL1,09/06/2024,7.25,,,236,61,2.4,,
1S02B,10/06/2024,7.43,,,86,66,2.12,,
1S03,10/06/2024,7.31,,,83,66,1.87,,
1S03A,10/06/2024,7.25,,,82,66,2.04,,
1SCH3,10/06/2024,7.31,,,370,61,2.09,,
1SCL1,10/06/2024,7.28,,,376,63,2.18,,
1S02B,11/06/2024,7.4,,,97,61,2.1,,
1S03,11/06/2024,7.23,,,96,57,1.99,,
1S03A,11/06/2024,7.19,,,94,57,2.02,,
1SCH3,11/06/2024,7.19,,,391,61,1.94,,
1SCL1,11/06/2024,7.12,,,388,61,2.18,,
1S02B,12/06/2024,7.35,,,99,48,2.14,,
1S03,12/06/2024,7.22,,,98,46,2.08,,
1S03A,12/06/2024,7.14,,,98,46,2.01,,
1SCH3,12/06/2024,7.18,,,396,50,1.84,,
1SCL1,12/06/2024,7.12,,,392,52,2.25,,
1S03,01/07/2024,7.39,,,105,43,2.03,,
1S03A,01/07/2024,7.28,,,101,43,2.02,,
1S03B,01/07/2024,7.57,,,103,43,2.02,,
1S03,02/07/2024,7.4,,,89,39,2.06,,
1S03A,02/07/2024,7.31,,,88,39,2.12,,
1S03B,02/07/2024,7.42,,,94,39,2.05,,
1S03,03/07/2024,7.31,,,91,41,2.15,,
1S03A,03/07/2024,7.38,,,89,41,2.1,,
1S03B,03/07/2024,7.46,,,93,41,2.09,,
1S03,04/07/2024,7.18,,,91,45,2.09,,
1S03A,04/07/2024,7.35,,,90,45,2.06,,
1S03B,04/07/2024,7.6,,,93,45,2.03,,
1S03*,05/07/2024,7.05,15.3,5.27,83,54,1.92,0,0.01
1S03A,05/07/2024,7.3,16.1,5.25,84,54,2.09,0,0.007
1S03B,05/07/2024,7.32,16.7,4.93,87,54,2.1,0,0.008
1S07*,05/07/2024,7.06,15.4,5.34,86,54,2.08,0,0.009
1S03,06/07/2024,7.25,,,84,61,2.44,,
1S03A,06/07/2024,7.28,,,82,61,2.42,,
1S03B,06/07/2024,7.5,,,85,61,2.55,,
1S03,07/07/2024,7.33,,,82,68,2.39,,
1S03A,07/07/2024,7.37,,,80,66,2.5,,
1S03B,07/07/2024,7.69,,,83,66,2.49,,
1S03,08/07/2024,7.38,,,82,70,2.39,,
1S03A,08/07/2024,7.34,,,81,68,2.43,,
1S03B,08/07/2024,7.62,,,84,70,2.24,,
1S02B,09/07/2024,7.49,,,90,66,2.57,,
1S03,09/07/2024,7.29,,,85,68,2.43,,
1S03A,09/07/2024,7.3,,,85,68,2.49,,
1S03B,09/07/2024,7.47,,,88,68,2.54,,
1SCH3**,09/07/2024,7.34,,,344,55,2.07,,
1SCL1,09/07/2024,7.32,,,319,57,2.48,,
1S02B,10/07/2024,7.43,,,85,66,2.08,,
1S03,10/07/2024,7.23,,,86,66,2.05,,
1S03A,10/07/2024,7.27,,,82,66,2.05,,
1SCH3,10/07/2024,7.27,,,374,61,2.4,,
1SCL1,10/07/2024,7.28,,,376,63,2.16,,
1S02B,11/07/2024,7.37,,,95,61,2.08,,
1S03,11/07/2024,7.21,,,98,59,1.94,,
1S03A,11/07/2024,7.26,,,95,59,2.05,,
1SCH3,11/07/2024,7.24,,,391,61,1.97,,
1SCL1,11/07/2024,7.14,,,388,63,2.11,,
1S02B,12/07/2024,7.32,,,100,50,2.23,,
1S03,12/07/2024,7.2,,,99,46,2.15,,
1S03A,12/07/2024,7.17,,,96,48,2.16,,
1SCH3,12/07/2024,7.17,,,397,50,1.9,,
1SCL1,12/07/2024,7.07,,,393,52,2.22,,
1S03,01/08/2024,7.19,,,102,43,2.13,,
1S03A,01/08/2024,7.31,,,99,43,2.1,,
1S03B,01/08/2024,7.51,,,104,43,1.97,,
1S03,02/08/2024,7.35,,,92,45,2.13,,
1S03A,02/08/2024,7.24,,,88,39,2,,
1S03B,02/08/2024,7.53,,,92,39,2.17,,
1S03,03/08/2024,7.19,,,90,43,2.11,,
1S03A,03/08/2024,7.33,,,90,41,2.08,,
1S03B,03/08/2024,7.47,,,92,41,2.22,,
1S03,04/08/2024,7.19,,,90,45,2.04,,
1S03A,04/08/2024,7.36,,,90,45,2.07,,
1S03B,04/08/2024,7.43,,,93,45,2.12,,
1S03,05/08/2024,7.2,,,85,54,2.12,,
1S03A,05/08/2024,7.38,,,84,54,2.16,,
1S03B,05/08/2024,7.49,,,89,54,2.06,,
1S03,06/08/2024,7.26,,,84,61,2.45,,
1S03A,06/08/2024,7.31,,,82,61,2.5,,
1S03B,06/08/2024,7.48,,,85,61,2.47,,
1S03,07/08/2024,7.34,,,81,68,2.4,,
1S03A,07/08/2024,7.44,,,80,66,2.47,,
1S03B,07/08/2024,7.7,,,83,66,2.48,,
1S03,08/08/2024,7.34,,,82,70,2.42,,
1S03A,08/08/2024,7.31,,,82,68,2.44,,
1S03B,08/08/2024,7.55,,,85,70,2.23,,
1S02B,09/08/2024,7.5,,,88,68,2.53,,
1S03,09/08/2024,7.28,,,86,68,2.43,,
1S03A,09/08/2024,7.36,,,85,68,2.49,,
1S03B,09/08/2024,7.47,,,88,68,2.28,,
1SCH3,09/08/2024,7.36,,,354,54,2.48,,
1SCL1,09/08/2024,7.32,,,352,55,2.48,,
1S02B,10/08/2024,7.39,,,87,64,2.05,,
1S03,10/08/2024,7.24,,,86,64,2.09,,
1S03A,10/08/2024,7.28,,,82,66,1.97,,
1SCH3,10/08/2024,7.34,,,372,61,2.07,,
1SCL1,10/08/2024,7.33,,,374,63,2.18,,
1S02B,11/08/2024,7.37,,,96,59,2.07,,
1S03,11/08/2024,7.21,,,98,57,2.05,,
1S03A,11/08/2024,7.25,,,95,59,2.03,,
1SCH3,11/08/2024,7.22,,,386,61,1.99,,
1SCL1,11/08/2024,7.13,,,384,63,2.06,,
1S02B,12/08/2024,7.31,,,101,48,2.23,,
1S03,12/08/2024,7.2,,,99,46,2.1,,
1S03A,12/08/2024,7.2,,,97,48,2.17,,
1SCH3,12/08/2024,7.21,,,400,50,1.94,,
1SCL1,12/08/2024,7.2,,,395,50,2.21,,
1S03,01/09/2024,7.34,,,103,43,2.13,,
1S03A,01/09/2024,7.33,,,99,45,2.1,,
1S03B,01/09/2024,7.57,,,103,43,2.06,,
1S03,02/09/2024,7.36,,,92,39,2.06,,
1S03A,02/09/2024,7.26,,,88,41,2,,
1S03B,02/09/2024,7.4,,,87,41,2.14,,
1S03,03/09/2024,7.23,,,93,43,2.13,,
1S03A,03/09/2024,7.31,,,92,41,2.21,,
1S03B,03/09/2024,7.41,,,93,41,2.21,,
1S03,04/09/2024,7.26,,,90,45,2.08,,
1S03A,04/09/2024,7.31,,,90,45,1.95,,
1S03B,04/09/2024,7.42,,,93,45,2.04,,
1S03,05/09/2024,7.14,,,85,55,1.97,,
1S03A,05/09/2024,7.45,,,86,54,2.15,,
1S03B,05/09/2024,7.45,,,90,55,2.09,,
1S03,06/09/2024,7.27,,,83,61,2.45,,
1S03A,06/09/2024,7.32,,,81,61,2.45,,
1S03B,06/09/2024,7.53,,,84,61,2.46,,
1S03,07/09/2024,7.4,,,82,68,2.15,,
1S03A,07/09/2024,7.42,,,80,66,2.48,,
1S03B,07/09/2024,7.66,,,83,68,2.5,,
1S03,08/09/2024,7.36,,,84,68,2.36,,
1S03A,08/09/2024,7.41,,,82,68,2.47,,
1S03B,08/09/2024,7.69,,,85,68,2.64,,
1S02B,09/09/2024,7.69,,,88,68,2.53,,
1S03,09/09/2024,7.28,,,86,68,2.42,,
1S03A,09/09/2024,7.34,,,85,66,2.46,,
1S03B,09/09/2024,7.43,,,88,66,2.56,,
1SCH3,09/09/2024,7.34,,,357,59,2.49,,
1SCL1,09/09/2024,7.31,,,359,59,2.44,,
1S02B,10/09/2024,7.49,,,87,66,1.93,,
1S03,10/09/2024,7.24,,,86,64,2.19,,
1S03A,10/09/2024,7.37,,,83,64,2.06,,
1SCH3,10/09/2024,7.24,,,365,63,2.16,,
1SCL1,10/09/2024,7.3,,,364,63,2.09,,
1S02B,11/09/2024,7.31,,,95,59,2.08,,
1S03,11/09/2024,7.22,,,98,57,1.98,,
1S03A,11/09/2024,7.2,,,94,57,2.05,,
1SCH3,11/09/2024,7.26,,,392,61,1.95,,
1SCL1,11/09/2024,7.16,,,387,63,2.21,,
1S02B,12/09/2024,7.27,,,101,48,2.05,,
1S03,12/09/2024,7.2,,,100,46,2.01,,
1S03A,12/09/2024,7.2,,,98,46,2.06,,
1SCH3,12/09/2024,7.19,,,400,50,1.84,,
1SCL1,12/09/2024,7.13,,,395,50,2.27,,
1S03,01/10/2024,7.32,,,101,43,2.06,,
1S03A,01/10/2024,7.32,,,99,45,1.98,,
1S03B,01/10/2024,7.57,,,104,45,2.11,,
1S03,02/10/2024,7.28,,,92,41,2.02,,
1S03A,02/10/2024,7.3,,,88,41,2.12,,
1S03B,02/10/2024,7.45,,,90,41,2.1,,
1S03,03/10/2024,7.37,,,91,41,2.21,,
1S03A,03/10/2024,7.3,,,90,41,2.07,,
1S03B,03/10/2024,7.52,,,92,41,2.07,,
1S03,04/10/2024,7.25,,,89,46,2.12,,
1S03A,04/10/2024,7.38,,,89,46,2.05,,
1S03B,04/10/2024,7.47,,,91,46,2.05,,
1S03,05/10/2024,7.16,,,87,54,2.46,,
1S03A,05/10/2024,7.44,,,87,54,2.09,,
1S03B,05/10/2024,7.48,,,90,54,2.1,,
1S03,06/10/2024,7.22,,,83,61,2.46,,
1S03A,06/10/2024,7.34,,,82,61,2.49,,
1S03B,06/10/2024,7.46,,,85,61,2.52,,
1S03,07/10/2024,7.4,,,82,68,2.38,,
1S03A,07/10/2024,7.43,,,79,66,2.48,,
1S03B,07/10/2024,7.67,,,83,68,2.14,,
1S03,08/10/2024,7.34,,,84,70,2.47,,
1S03A,08/10/2024,7.4,,,83,68,2.49,,
1S03B,08/10/2024,7.54,,,85,68,2.51,,
1S02B,09/10/2024,7.35,,,88,66,2.3,,
1S03,09/10/2024,7.2,,,84,66,2.42,,
1S03A,09/10/2024,7.35,17.2,5.16,84,66,2.3,0,0.009
1S03B,09/10/2024,7.4,18.4,5.15,89,66,2.53,0,0.009
1S07*,09/10/2024,7.32,18.5,5.81,101,66,2.43,0,0.009
1SCH3,09/10/2024,7.36,63.6,20.89,357,57,2.44,0,0.018
1SCL1,09/10/2024,7.18,62.1,20.76,359,59,2.45,0,0.028
1S02B,10/10/2024,7.29,,,86,64,2.11,,
1S03,10/10/2024,7.21,,,86,64,1.96,,
1S03A,10/10/2024,7.18,,,82,64,2.07,,
1SCH3,10/10/2024,7.21,,,366,61,2.04,,
1SCL1,10/10/2024,7.24,,,365,63,2.22,,
1S02B,11/10/2024,7.35,,,99,59,2.1,,
1S03,11/10/2024,7.22,,,98,57,2.03,,
1S03A,11/10/2024,7.25,,,95,57,2.06,,
1SCH3,11/10/2024,7.23,,,382,61,2.01,,
1SCL1,11/10/2024,7.2,,,385,61,2.49,,
1S02B,12/10/2024,7.27,,,101,48,2.12,,
1S03,12/10/2024,7.19,,,99,46,1.99,,
1S03A,12/10/2024,7.12,,,98,46,2.01,,
1SCH3,12/10/2024,7.28,,,394,50,1.85,,
1SCL1,12/10/2024,7.27,,,397,50,2.21,,
1S03,01/11/2024,7.39,,,103,43,2.12,,
1S03A,01/11/2024,7.25,,,98,43,2.03,,
1S03B,01/11/2024,7.5,,,104,43,2.25,,
1S03,02/11/2024,7.33,,,93,41,2.06,,
1S03A,02/11/2024,7.31,,,87,41,2.11,,
1S03B,02/11/2024,7.44,,,89,41,2.1,,
1S03,03/11/2024,7.25,,,89,41,2.11,,
1S03A,03/11/2024,7.32,,,91,41,2.02,,
1S03B,03/11/2024,7.49,,,92,41,2.1,,
1S03,04/11/2024,7.25,,,91,46,2.03,,
1S03A,04/11/2024,7.32,,,91,46,1.91,,
1S03B,04/11/2024,7.48,,,93,46,2.06,,
1S03,05/11/2024,7.23,,,90,54,2.5,,
1S03A,05/11/2024,7.42,,,90,54,2.5,,
1S03B,05/11/2024,7.45,,,92,54,2.6,,
1S03,06/11/2024,7.24,,,83,61,2.49,,
1S03A,06/11/2024,7.36,,,82,61,2.43,,
1S03B,06/11/2024,7.48,,,85,61,2.53,,
1S03,07/11/2024,7.25,,,81,68,2.47,,
1S03A,07/11/2024,7.41,,,80,68,2.45,,
1S03B,07/11/2024,7.55,,,83,68,2.52,,
1S03,08/11/2024,7.42,,,83,70,2.45,,
1S03A,08/11/2024,7.41,,,83,68,2.61,,
1S03B,08/11/2024,7.55,,,85,68,2.45,,
1S02B,09/11/2024,7.67,,,89,68,2.73,,
1S03,09/11/2024,7.24,,,85,66,2.42,,
1S03A,09/11/2024,7.37,,,85,66,2.5,,
1S03B,09/11/2024,7.31,,,363,61,2.41,,
1SCH3,09/11/2024,7.33,,,361,59,2.41,,
1SCL1,09/11/2024,7.3,,,365,61,2.47,,
1S02B,10/11/2024,7.46,,,90,64,2.07,,
1S03,10/11/2024,7.21,,,86,63,2.08,,
1S03A,10/11/2024,7.31,,,83,64,2.09,,
1SCH3,10/11/2024,7.17,,,369,61,2.19,,
1SCL1,10/11/2024,7.25,,,372,61,2.29,,
1S02B,11/11/2024,7.46,,,99,59,2.12,,
1S03,11/11/2024,7.23,,,96,57,2.03,,
1S03A,11/11/2024,7.18,,,94,57,2.1,,
1SCH3,11/11/2024,7.21,,,392,59,2.06,,
1SCL1,11/11/2024,7.14,,,389,61,2.41,,
1S02B,12/11/2024,7.37,,,101,50,2.01,,
1S03,12/11/2024,7.31,,,98,48,2.03,,
1S03A,12/11/2024,7.23,,,97,46,2.07,,
1SCH3,12/11/2024,7.34,,,404,50,1.82,,
1SCL1,12/11/2024,7.3,,,397,50,2.08,,
1S03,01/12/2024,7.35,,,102,43,2.08,,
1S03A,01/12/2024,7.33,,,101,43,2.11,,
1S03B,01/12/2024,7.59,,,105,43,2.12,,
1S03,02/12/2024,7.44,,,90,41,2.04,,
1S03A,02/12/2024,7.32,,,87,41,2.06,,
1S03B,02/12/2024,7.45,,,88,41,2.09,,
1S03,03/12/2024,7.22,,,90,41,2.06,,
1S03A,03/12/2024,7.29,,,91,41,2.06,,
1S03B,03/12/2024,7.46,,,94,41,2.15,,
1S03,04/12/2024,7.28,,,91,46,1.99,,
1S03A,04/12/2024,7.41,,,82,46,1.97,,
1S03B,04/12/2024,7.35,,,93,46,2.07,,
1S03,05/12/2024,7.22,,,91,54,2.43,,
1S03A,05/12/2024,7.47,,,89,54,2.37,,
1S03B,05/12/2024,7.79,,,92,54,2.5,,
1S03,06/12/2024,7.23,,,81,61,2.43,,
1S03A,06/12/2024,7.31,,,81,61,2.46,,
1S03B,06/12/2024,7.46,,,85,61,2.49,,
1S03,07/12/2024,7.37,,,82,68,2.27,,
1S03A,07/12/2024,7.4,,,80,68,2.47,,
1S03B,07/12/2024,7.64,,,84,68,2.5,,
1S03,08/12/2024,7.44,,,84,68,2.47,,
1S03A,08/12/2024,7.41,,,83,68,2.48,,
1S03B,08/12/2024,7.56,,,85,68,2.53,,
1S02B,09/12/2024,7.55,,,90,70,2.49,,
1S03,09/12/2024,7.23,,,86,66,2.4,,
1S03A,09/12/2024,7.35,,,86,66,2.43,,
1S03B,09/12/2024,7.3,,,365,59,2.3,,
1SCH3,09/12/2024,7.41,,,374,61,2.5,,
1SCL1,09/12/2024,7.29,,,366,61,2.58,,
1S02B,10/12/2024,7.5,,,90,64,1.93,,
1S03,10/12/2024,7.19,,,86,64,1.95,,
1S03A,10/12/2024,7.19,,,82,64,2.11,,
1SCH3,10/12/2024,7.24,,,369,61,2.08,,
1SCL1,10/12/2024,7.21,,,372,61,2.09,,
1S02B,11/12/2024,7.39,19.3,6.4,95,59,2.05,0,0.017
1S03*,11/12/2024,7.2,18.1,6.5,97,57,1.99,0,0.006
1S03A,11/12/2024,7.24,18.3,6.4,91,57,2.02,0,0.007
1S07*,11/12/2024,7.18,22.2,7.7,117,57,1.91,0,0.01
1SCH3,11/12/2024,7.25,65.6,23,387,59,1.97,0,0.022
1SCL1,11/12/2024,7.19,64.7,22,385,61,2.35,0,0.034
1S02B,12/12/2024,7.3,,,100,50,2.01,,
1S03,12/12/2024,7.09,,,98,46,2.11,,
1S03A,12/12/2024,7.23,,,98,46,2.07,,
1SCH3,12/12/2024,7.27,,,401,48,1.99,,
1SCL1,12/12/2024,7.25,,,395,50,1.95,,
1S03A,01/13/2015,7.34,,,86,38,2.23,,
1S03B,01/13/2015,7.4,,,89,39,2.17,,
1S04,01/13/2015,7.41,,,90,39,1.97,,
1S03A,01/13/2016,7.27,,,91,44,2.46,,
1S03B,01/13/2016,7.4,,,93,43,1.95,,
1S07,01/13/2016,7.39,,,89,41,2.03,,
1SCL1,01/13/2016,7.37,,,277,44,2.11,,
1S03,01/13/2017,7.31,,,97,41,2.19,,
1S03A,01/13/2017,7.32,,,94,42,2.24,,
1S03B,01/13/2017,7.42,,,98,41,2.3,,
1SCH3,01/13/2017,7.31,,,513,40,2.33,,
1SCL1,01/13/2017,7.28,,,515,42,2.15,,
1S03,01/13/2018,7.19,,,91,40,1.97,,
1S03A,01/13/2018,7.2,,,90,39,2.2,,
1S03B,01/13/2018,7.27,,,91,37,2.05,,
1S03,01/13/2019,7.03,,,104,39,2.02,,
1S03A,01/13/2019,7.3,,,105,40,2.28,,
1S03B,01/13/2019,7.66,,,108,40,1.55,,
1SCH3,01/13/2019,7.26,,,429,41,1.95,,
1SCL1,01/13/2019,7.32,,,432,42,2.04,,
1S03,01/13/2020,7.21,,,130,41,2.15,,
1S03A,01/13/2020,7.32,,,130,41,2.12,,
1S03B,01/13/2020,7.41,,,133,41,2.08,,
1S03,01/13/2021,7.24,,,92,41,2.09,,
1S03A,01/13/2021,7.23,,,91,41,2.18,,
1S03B,01/13/2021,7.32,,,94,41,2.11,,
1SCH3,01/13/2021,7.35,,,442,41,2.03,,
1SCL1,01/13/2021,7.35,,,445,43,1.99,,
1S03,01/13/2022,7.08,,,85,43,2.15,,
1S03A,01/13/2022,7.11,,,83,41,2.05,,
1S03B,01/13/2022,7.28,,,88,41,2.19,,
1SCH3,01/13/2022,7.32,,,417,43,2.18,,
1SCL1,01/13/2022,7.32,,,417,45,2.19,,
1S03,01/13/2023,7.06,,,91,41,2.07,,
1S03A,01/13/2023,7.15,,,90,41,2.07,,
1S03B,01/13/2023,7.35,,,94,43,2.13,,
1S03,01/13/2024,7.33,,,103,43,2.11,,
1S03A,01/13/2024,7.29,,,97,43,1.96,,
1S03B,01/13/2024,7.51,,,100,43,2.01,,
1S03A,01/14/2015,7.31,,,83,38,2.21,,
1S03B,01/14/2015,7.44,,,87,37,2.09,,
1S04,01/14/2015,7.42,,,85,36,1.89,,
1S03A,01/14/2016,7.23,,,90,44,2.11,,
1S03B,01/14/2016,7.31,,,94,44,2.06,,
1S07,01/14/2016,7.37,,,89,41,2,,
1SCL1,01/14/2016,7.32,,,327,43,2.2,,
1S03,01/14/2017,7.24,,,92,41,2.01,,
1S03A,01/14/2017,7.18,,,93,41,2.33,,
1S03B,01/14/2017,7.37,,,95,41,2.05,,
1SCH3,01/14/2017,7.29,,,519,41,2.45,,
1SCL1,01/14/2017,7.21,,,521,42,2.48,,
1S03,01/14/2018,7.27,,,92,38,2.15,,
1S03A,01/14/2018,7.28,,,91,37,2.13,,
1S03B,01/14/2018,7.33,,,93,38,1.94,,
1S03,01/14/2019,7.27,,,98,39,2,,
1S03A,01/14/2019,7.25,,,98,40,2.16,,
1S03B,01/14/2019,7.56,,,104,39,1.88,,
1SCH3,01/14/2019,7.2,,,422,41,1.91,,
1SCL1,01/14/2019,7.22,,,424,41,2.4,,
1S03,01/14/2020,7.27,,,131,41,2.28,,
1S03A,01/14/2020,7.35,,,129,41,2.28,,
1S03B,01/14/2020,7.47,,,130,45,2.15,,
1S03,01/14/2021,7.31,,,94,41,2.16,,
1S03A,01/14/2021,7.28,,,91,41,2.25,,
1S03B,01/14/2021,7.38,,,94,41,2.16,,
1SCH3,01/14/2021,7.3,,,442,41,1.9,,
1SCL1,01/14/2021,7.29,,,431,43,1.93,,
1S03,01/14/2022,7.11,,,87,41,2.11,,
1S03A,01/14/2022,7.18,,,84,41,2.04,,
1S03B,01/14/2022,7.26,,,87,43,2.09,,
1SCH3,01/14/2022,7.28,,,104,41,2.16,,
1SCL1,01/14/2022,7.2,,,438,43,2.07,,
1S03,01/14/2023,7.17,,,91,41,1.93,,
1S03A,01/14/2023,7.17,,,89,41,1.99,,
1S03B,01/14/2023,7.39,,,92,41,2.05,,
1S03,01/14/2024,7.34,,,95,43,2.17,,
1S03A,01/14/2024,7.33,,,98,43,2.06,,
1S03B,01/14/2024,7.56,,,100,43,2.1,,
1S03A,01/15/2015,7.32,,,84,38,2.13,,
1S03B,01/15/2015,7.45,,,88,38,2.09,,
1S04,01/15/2015,7.31,,,90,38,2.08,,
1S03A,01/15/2016,7.36,,,91,43,2.09,,
1S03B,01/15/2016,7.49,,,92,43,2.11,,
1S07,01/15/2016,7.37,,,90,41,2.22,,
1SCL1,01/15/2016,7.35,,,268,43,2.22,,
1S03,01/15/2017,7.41,,,98,42,1.85,,
1S03A,01/15/2017,7.36,,,98,42,2.13,,
1S03B,01/15/2017,7.49,,,96,41,2.2,,
1SCH3,01/15/2017,7.24,,,521,41,2.16,,
1SCL1,01/15/2017,7.25,,,521,42,2.05,,
1S03,01/15/2018,7.2,,,91,36,2.16,,
1S03A,01/15/2018,7.28,,,90,37,2.21,,
1S03B,01/15/2018,7.42,,,92,37,2.12,,
1S03,01/15/2019,7.25,,,102,39,2.05,,
1S03A,01/15/2019,7.3,,,98,40,2.16,,
1S03B,01/15/2019,7.49,,,103,40,2.08,,
1SCH3,01/15/2019,7.24,,,421,40,2.12,,
1SCL1,01/15/2019,7.27,,,409,41,2.02,,
1S03,01/15/2020,7.31,,,131,43,1.81,,
1S03A,01/15/2020,7.27,,,129,41,2.19,,
1S03B,01/15/2020,7.39,,,132,41,2.1,,
1S03,01/15/2021,7.3,,,95,41,2.12,,
1S03A,01/15/2021,7.26,,,91,43,2.29,,
1S03B,01/15/2021,7.39,,,94,41,2.08,,
1SCH3,01/15/2021,7.31,,,439,41,2.01,,
1SCL1,01/15/2021,7.3,,,440,43,1.95,,
1S03,01/15/2022,7.13,,,86,41,2.06,,
1S03A,01/15/2022,7.2,,,85,41,2.04,,
1S03B,01/15/2022,7.39,,,87,41,2.15,,
1SCH3,01/15/2022,7.28,,,436,43,2.09,,
1SCL1,01/15/2022,7.27,,,440,45,2.16,,
1S03,01/15/2023,7.18,,,92,41,2.07,,
1S03A,01/15/2023,7.15,,,90,41,1.99,,
1S03B,01/15/2023,7.49,,,92,41,2.03,,
1S03,01/15/2024,7.24,,,102,41,2.09,,
1S03A,01/15/2024,7.22,,,97,43,1.94,,
1S03B,01/15/2024,7.53,,,100,43,2.03,,
1S03A,01/16/2015,7.27,,,88,38,2.21,,
1S03B,01/16/2015,7.41,,,90,38,2.04,,
1S04,01/16/2015,7.24,,,89,38,1.93,,
1S03A,01/16/2016,7.33,,,91,41,2.18,,
1S03B,01/16/2016,7.5,,,94,41,2.11,,
1S07,01/16/2016,7.43,,,94,43,2.08,,
1SCL1,01/16/2016,7.38,,,249,43,2.17,,
1S03,01/16/2017,7.38,,,98,40,1.88,,
1S03A,01/16/2017,7.27,,,95,40,2.09,,
1S03B,01/16/2017,7.51,,,97,40,1.95,,
1SCH3,01/16/2017,7.23,,,523,41,2.24,,
1SCL1,01/16/2017,7.2,,,520,41,2.08,,
1S03,01/16/2018,7.29,,,91,36,1.47,,
1S03A,01/16/2018,7.25,,,90,36,2.31,,
1S03B,01/16/2018,7.37,,,94,36,2.15,,
1S03,01/16/2019,7.34,,,100,39,2.03,,
1S03A,01/16/2019,7.24,,,97,40,2.22,,
1S03B,01/16/2019,7.48,,,99,41,1.76,,
1SCH3,01/16/2019,7.23,,,417,40,2.09,,
1SCL1,01/16/2019,7.26,,,423,41,2.1,,
1S03,01/16/2020,7.27,,,131,41,2.06,,
1S03A,01/16/2020,7.22,,,130,41,2.19,,
1S03B,01/16/2020,7.39,,,133,41,2.08,,
1S03,01/16/2021,7.15,,,96,43,2.08,,
1S03A,01/16/2021,7.31,,,91,43,2.19,,
1S03B,01/16/2021,7.34,,,96,41,2.11,,
1SCH3,01/16/2021,7.32,,,442,41,1.97,,
1SCL1,01/16/2021,7.32,,,442,43,2.26,,
1S03,01/16/2022,7.12,,,86,41,2.03,,
1S03A,01/16/2022,7.23,,,84,41,2.07,,
1S03B,01/16/2022,7.36,,,87,41,2.16,,
1SCH3,01/16/2022,7.15,,,440,41,2.2,,
1SCL1,01/16/2022,7.2,,,440,43,2.33,,
1S03,01/16/2023,7.21,,,91,41,2.1,,
1S03A,01/16/2023,7.19,,,90,43,2.11,,
1S03B,01/16/2023,7.46,,,92,41,2.07,,
1S03,01/16/2024,7.41,,,103,43,2.09,,
1S03A,01/16/2024,7.48,,,97,43,2.01,,
1S03B,01/16/2024,7.59,,,101,43,2.08,,
1S03A,01/17/2015,7.25,,,89,38,2.12,,
1S03B,01/17/2015,7.28,,,91,38,2.22,,
1S04,01/17/2015,7.25,,,89,37,1.92,,
1S03A,01/17/2016,7.37,,,92,43,2.15,,
1S03B,01/17/2016,7.58,,,96,42,2.04,,
1S07,01/17/2016,7.49,,,94,43,1.86,,
1SCL1,01/17/2016,7.28,,,227,46,2.14,,
1S03,01/17/2017,7.29,,,95,41,2.12,,
1S03A,01/17/2017,7.25,,,92,41,2.13,,
1S03B,01/17/2017,7.45,,,97,41,1.9,,
1SCH3,01/17/2017,7.34,,,518,41,2.3,,
1SCL1,01/17/2017,7.2,,,523,41,2.12,,
1S03,01/17/2018,7.23,,,92,35,2.13,,
1S03A,01/17/2018,7.37,,,90,38,2.01,,
1S03B,01/17/2018,7.37,,,92,38,2.01,,
1S03,01/17/2019,7.26,,,103,38,2.07,,
1S03A,01/17/2019,7.3,,,99,39,2.18,,
1S03B,01/17/2019,7.43,,,100,39,2.3,,
1SCH3,01/17/2019,7.24,,,422,39,2.01,,
1SCL1,01/17/2019,7.27,,,425,41,2.05,,
1S03,01/17/2020,7.23,,,132,41,2.15,,
1S03A,01/17/2020,7.31,,,133,41,2.17,,
1S03B,01/17/2020,7.42,,,135,41,2.11,,
1S03,01/17/2021,7.27,,,94,43,2.04,,
1S03A,01/17/2021,7.23,,,93,41,2.13,,
1S03B,01/17/2021,7.41,,,95,43,2.14,,
1SCH3,01/17/2021,7.25,,,436,41,1.95,,
1SCL1,01/17/2021,7.21,,,440,43,1.96,,
1S03,01/17/2022,7.15,,,85,39,2.08,,
1S03A,01/17/2022,7.12,,,83,41,1.98,,
1S03B,01/17/2022,7.31,,,86,39,2.08,,
1SCH3,01/17/2022,7.18,,,437,41,2.04,,
1SCL1,01/17/2022,7.2,,,436,43,2.23,,
1S03,01/17/2023,7.22,,,92,41,2.06,,
1S03A,01/17/2023,7.2,,,89,41,2.11,,
1S03B,01/17/2023,7.47,,,94,41,2.21,,
1S03,01/17/2024,7.21,,,101,41,2.07,,
1S03A,01/17/2024,7.2,,,96,43,2.1,,
1S03B,01/17/2024,7.7,,,100,43,2.01,,
1S03A,01/18/2015,7.19,,,89,38,2.13,,
1S03B,01/18/2015,7.18,,,91,38,2.18,,
1S04,01/18/2015,7.38,,,89,37,2.08,,
1S03A,01/18/2016,7.3,,,90,43,2.27,,
1S03B,01/18/2016,7.46,,,95,42,2.25,,
1S07,01/18/2016,7.29,,,94,43,2.1,,
1SCL1,01/18/2016,7.23,,,381,46,2.39,,
1S03,01/18/2017,7.23,,,96,40,2.09,,
1S03A,01/18/2017,7.24,,,94,41,2.36,,
1S03B,01/18/2017,7.42,,,95,40,1.75,,
1SCH3,01/18/2017,7.24,,,525,40,2.13,,
1SCL1,01/18/2017,7.28,,,507,41,2,,
1S03,01/18/2018,7.11,,,91,36,2,,
1S03A,01/18/2018,7.26,,,90,37,2.27,,
1S03B,01/18/2018,7.41,,,92,36,2.11,,
1S03,01/18/2019,7.32,,,99,40,1.98,,
1S03A,01/18/2019,7.3,,,97,40,2.19,,
1S03B,01/18/2019,7.51,,,100,41,1.94,,
1SCH3,01/18/2019,7.16,,,413,41,1.95,,
1SCL1,01/18/2019,7.24,,,416,42,1.94,,
1S03,01/18/2020,7.3,,,134,39,2.16,,
1S03A,01/18/2020,7.3,,,131,41,2.2,,
1S03B,01/18/2020,7.5,,,135,41,2.17,,
1S03,01/18/2021,7.32,,,94,41,2.12,,
1S03A,01/18/2021,7.3,,,93,41,2.12,,
1S03B,01/18/2021,7.49,,,96,41,2.07,,
1SCH3,01/18/2021,7.31,,,436,41,1.99,,
1SCL1,01/18/2021,7.32,,,440,43,1.95,,
1S03,01/18/2022,7.11,,,81,39,2.03,,
1S03A,01/18/2022,7.22,,,82,41,2,,
1S03B,01/18/2022,7.26,,,88,39,2.2,,
1SCH3,01/18/2022,7.23,,,276,41,2.11,,
1SCL1,01/18/2022,7.28,,,443,43,2.11,,
1S03,01/18/2023,7.23,,,93,41,2.04,,
1S03A,01/18/2023,7.19,,,89,41,2.02,,
1S03B,01/18/2023,7.53,,,95,41,2.23,,
1S03,01/18/2024,7.27,,,95,41,2.04,,
1S03A,01/18/2024,7.25,,,92,41,2.15,,
1S03B,01/18/2024,7.46,,,95,41,2.06,,
1S03A,01/19/2015,7.29,,,87,38,2.1,,
1S03B,01/19/2015,7.4,,,90,38,2.11,,
1S04,01/19/2015,7.22,,,89,38,1.99,,
1S03A,01/19/2016,7.25,,,90,41,2.23,,
1S03B,01/19/2016,7.39,,,95,41,2.27,,
1S07,01/19/2016,7.33,,,91,41,2.09,,
1SCL1,01/19/2016,7.17,,,307,45,2.11,,
1S03,01/19/2017,7.37,,,96,40,2.3,,
1S03A,01/19/2017,7.27,,,95,41,2.14,,
1S03B,01/19/2017,7.49,,,97,40,2.09,,
1SCH3,01/19/2017,7.34,,,523,41,2.13,,
1SCL1,01/19/2017,7.35,,,524,41,1.96,,
1S03,01/19/2018,7.26,,,89,36,1.93,,
1S03A,01/19/2018,7.23,,,90,36,2.1,,
1S03B,01/19/2018,7.32,,,91,36,2.05,,
1S03,01/19/2019,7.28,,,101,39,2.06,,
1S03A,01/19/2019,7.16,,,97,39,2.42,,
1S03B,01/19/2019,7.45,,,99,39,1.39,,
1SCH3,01/19/2019,7.25,,,414,40,1.98,,
1SCL1,01/19/2019,7.23,,,422,41,2.09,,
1S03,01/19/2020,7.37,,,133,41,2.07,,
1S03A,01/19/2020,7.27,,,132,41,2.11,,
1S03B,01/19/2020,7.37,,,133,41,2.13,,
1S03,01/19/2021,7.32,,,97,41,2.1,,
1S03A,01/19/2021,7.31,,,94,41,2.09,,
1S03B,01/19/2021,7.52,,,97,41,2.06,,
1SCH3,01/19/2021,7.24,,,437,41,1.93,,
1SCL1,01/19/2021,7.25,,,439,43,1.92,,
1S03,01/19/2022,7.17,,,84,39,2.01,,
1S03A,01/19/2022,7.22,,,84,39,2.05,,
1S03B,01/19/2022,7.33,,,85,41,2.02,,
1SCH3,01/19/2022,7.19,,,446,41,2.07,,
1SCL1,01/19/2022,7.25,,,442,43,2.21,,
1S03,01/19/2023,7.25,,,89,41,2.1,,
1S03A,01/19/2023,7.28,,,88,41,2.13,,
1S03B,01/19/2023,7.45,,,93,41,2.23,,
1S03,01/19/2024,7.34,,,95,41,1.97,,
1S03A,01/19/2024,7.23,,,91,41,2.08,,
1S03B,01/19/2024,7.54,,,96,41,2.16,,
1S03A,01/20/2015,7.09,,,90,38,2.21,,
1S03B,01/20/2015,7.29,,,90,39,2.17,,
1S04,01/20/2015,7.11,,,89,39,2.36,,
1S03A,01/20/2016,7.21,,,91,41,2.41,,
1S03B,01/20/2016,7.45,,,95,41,2.11,,
1S07,01/20/2016,7.35,,,95,42,2.14,,
1SCL1,01/20/2016,7.38,,,406,44,2.49,,
1S03,01/20/2017,7.19,,,95,39,2.12,,
1S03A,01/20/2017,7.28,,,93,41,2.08,,
1S03B,01/20/2017,7.45,,,95,42,1.55,,
1SCH3,01/20/2017,7.25,,,518,42,2.26,,
1SCL1,01/20/2017,7.18,,,521,42,2.09,,
1S03,01/20/2018,7.26,,,92,37,1.96,,
1S03A,01/20/2018,7.31,,,91,37,2.14,,
1S03B,01/20/2018,7.37,,,93,37,2.11,,
1S03,01/20/2019,7.25,,,101,39,1.97,,
1S03A,01/20/2019,7.25,,,81,39,2.19,,
1S03B,01/20/2019,7.52,,,93,39,2.11,,
1SCH3,01/20/2019,7.27,,,423,40,1.86,,
1SCL1,01/20/2019,7.3,,,422,41,2.09,,
1S03,01/20/2020,7.26,,,134,39,2.12,,
1S03A,01/20/2020,7.29,,,136,41,2.08,,
1S03B,01/20/2020,7.37,,,137,39,1.96,,
1S03,01/20/2021,7.26,,,99,39,2.14,,
1S03A,01/20/2021,7.18,,,94,41,2.14,,
1S03B,01/20/2021,7.48,,,100,39,2.06,,
1SCH3,01/20/2021,7.22,,,447,41,1.91,,
1SCL1,01/20/2021,7.22,,,447,41,1.96,,
1S03,01/20/2022,7.15,,,84,39,2.14,,
1S03A,01/20/2022,7.19,,,84,39,2.1,,
1S03B,01/20/2022,7.32,,,86,39,2.07,,
1SCH3,01/20/2022,7.36,,,88,41,2.15,,
1SCL1,01/20/2022,7.27,,,454,43,2.07,,
1S03,01/20/2023,7.26,,,90,41,2.1,,
1S03A,01/20/2023,7.25,,,91,41,2.11,,
1S03B,01/20/2023,7.42,,,93,41,2.26,,
1S03,01/20/2024,7.33,,,95,41,2.01,,
1S03A,01/20/2024,7.37,,,91,41,2.12,,
1S03B,01/20/2024,7.61,,,94,41,2.06,,
1S03A,01/21/2015,7.17,,,88,39,2.23,,
1S03B,01/21/2015,7.29,,,91,39,2.17,,
1S04,01/21/2015,7.31,,,90,37,2.2,,
1S03A,01/21/2016,7.28,,,91,41,2.26,,
1S03B,01/21/2016,7.5,,,95,40,2.15,,
1S07,01/21/2016,7.42,,,95,42,2.1,,
1SCL1,01/21/2016,7.39,,,346,44,2.31,,
1S03,01/21/2017,7.42,,,97,40,1.79,,
1S03A,01/21/2017,7.35,,,95,40,2.03,,
1S03B,01/21/2017,7.51,,,98,40,1.73,,
1SCH3,01/21/2017,7.23,,,520,40,2.08,,
1SCL1,01/21/2017,7.28,,,520,41,2.04,,
1S03,01/21/2018,7.23,,,92,36,2.02,,
1S03A,01/21/2018,7.15,,,91,37,2.22,,
1S03B,01/21/2018,7.39,,,92,37,2.12,,
1S03,01/21/2019,7.35,,,98,37,1.92,,
1S03A,01/21/2019,7.31,,,90,35,2.26,,
1S03B,01/21/2019,7.84,,,87,37,2.16,,
1SCH3,01/21/2019,7.18,,,426,39,1.87,,
1SCL1,01/21/2019,7.23,,,423,41,2.16,,
1S03,01/21/2020,7.3,,,132,39,2.16,,
1S03A,01/21/2020,7.42,,,133,41,2.13,,
1S03B,01/21/2020,7.26,,,137,39,2.02,,
1S03,01/21/2021,7.28,,,98,41,1.98,,
1S03A,01/21/2021,7.36,,,94,41,2.21,,
1S03B,01/21/2021,7.43,,,95,41,2.08,,
1SCH3,01/21/2021,7.28,,,439,41,2.27,,
1SCL1,01/21/2021,7.27,,,448,41,1.97,,
1S03,01/21/2022,7.14,,,83,39,2.13,,
1S03A,01/21/2022,7.21,,,79,39,2.02,,
1S03B,01/21/2022,7.35,,,85,37,2.13,,
1SCH3,01/21/2022,7.35,,,87,39,2.32,,
1SCL1,01/21/2022,7.3,,,447,43,2.27,,
1S03,01/21/2023,7.23,,,91,41,2.04,,
1S03A,01/21/2023,7.16,,,89,41,2.05,,
1S03B,01/21/2023,7.44,,,92,43,2.09,,
1S03,01/21/2024,7.35,,,90,41,2.11,,
1S03A,01/21/2024,7.34,,,92,41,2.09,,
1S03B,01/21/2024,7.64,,,94,41,2.08,,
1S03A,01/22/2015,7.09,,,89,37,2.3,,
1S03B,01/22/2015,7.27,,,91,39,2.18,,
1S04,01/22/2015,7.42,,,89,37,2.16,,
1S03A,01/22/2016,7.25,,,89,40,2.15,,
1S03B,01/22/2016,7.42,,,95,40,2.35,,
1S07,01/22/2016,7.42,,,96,42,2.12,,
1SCL1,01/22/2016,7.41,,,401,44,2.2,,
1S03,01/22/2017,7.33,,,96,41,2.21,,
1S03A,01/22/2017,7.19,,,94,41,2.36,,
1S03B,01/22/2017,7.49,,,97,40,1.92,,
1SCH3,01/22/2017,7.23,,,520,43,2,,
1SCL1,01/22/2017,7.26,,,523,42,1.95,,
1S03,01/22/2018,7.26,,,91,39,2.04,,
1S03A,01/22/2018,7.26,,,89,38,2.15,,
1S03B,01/22/2018,7.39,,,92,38,2.09,,
1S03,01/22/2019,7.26,,,94,36,2.08,,
1S03A,01/22/2019,7.35,,,97,37,2.28,,
1S03B,01/22/2019,7.44,,,97,37,2,,
1SCH3,01/22/2019,7.24,,,416,39,1.81,,
1SCL1,01/22/2019,7.22,,,421,40,1.88,,
1S03,01/22/2020,7.29,,,132,39,2.21,,
1S03A,01/22/2020,7.22,,,132,41,2.28,,
1S03B,01/22/2020,7.31,,,135,39,2.02,,
1S03,01/22/2021,7.36,,,96,41,2.07,,
1S03A,01/22/2021,7.35,,,92,41,2.21,,
1S03B,01/22/2021,7.42,,,95,43,2.18,,
1SCH3,01/22/2021,7.3,,,441,41,2.09,,
1SCL1,01/22/2021,7.44,,,442,43,1.73,,
1S03,01/22/2022,7.19,,,81,39,2.16,,
1S03A,01/22/2022,7.22,,,81,39,2.11,,
1S03B,01/22/2022,7.29,,,84,37,2.05,,
1SCH3,01/22/2022,7.35,,,124,39,2.11,,
1SCL1,01/22/2022,7.29,,,454,41,2.18,,
1S03,01/22/2023,7.2,,,90,41,2.06,,
1S03A,01/22/2023,7.32,,,90,41,2.15,,
1S03B,01/22/2023,7.49,,,91,41,2.19,,
1S03,01/22/2024,7.3,,,94,39,2.09,,
1S03A,01/22/2024,7.35,,,92,41,2.12,,
1S03B,01/22/2024,7.59,,,96,39,2,,
1S03A,01/23/2015,7.12,,,88,38,2.24,,
1S03B,01/23/2015,7.28,,,91,39,2.27,,
1S04,01/23/2015,7.34,,,89,37,1.99,,
1S03A,01/23/2016,7.31,,,91,40,2.24,,
1S03B,01/23/2016,7.5,,,94,40,2.16,,
1S07,01/23/2016,7.49,,,93,38,2,,
1SCL1,01/23/2016,7.46,,,296,40,2.18,,
1S03,01/23/2017,7.27,,,98,40,2.21,,
1S03A,01/23/2017,7.14,,,102,40,2.15,,
1S03B,01/23/2017,7.39,,,101,40,1.96,,
1SCH3,01/23/2017,7.26,,,524,41,2.01,,
1SCL1,01/23/2017,7.33,,,525,41,1.96,,
1S03,01/23/2018,7.21,,,90,37,1.96,,
1S03A,01/23/2018,7.22,,,89,39,2.15,,
1S03B,01/23/2018,7.35,,,90,39,2.07,,
1S03,01/23/2019,7.31,,,97,37,2.17,,
1S03A,01/23/2019,7.26,,,98,37,2.23,,
1S03B,01/23/2019,7.49,,,100,37,1.96,,
1SCH3,01/23/2019,7.32,,,420,39,1.93,,
1SCL1,01/23/2019,7.34,,,422,40,1.87,,
1S03,01/23/2020,7.26,,,131,41,2.21,,
1S03A,01/23/2020,7.23,,,134,39,2.16,,
1S03B,01/23/2020,7.4,,,137,39,2.19,,
1S03,01/23/2021,7.22,,,96,39,2.04,,
1S03A,01/23/2021,7.19,,,93,39,2.02,,
1S03B,01/23/2021,7.38,,,97,39,2.14,,
1SCH3,01/23/2021,7.16,,,432,41,2.09,,
1SCL1,01/23/2021,7.3,,,434,41,1.71,,
1S03,01/23/2022,7.15,,,83,37,2.23,,
1S03A,01/23/2022,7.09,,,81,39,2.06,,
1S03B,01/23/2022,7.19,,,84,39,2.1,,
1SCH3,01/23/2022,7.27,,,84,39,2.11,,
1SCL1,01/23/2022,7.38,,,450,41,2.18,,
1S03,01/23/2023,7.25,,,92,41,2.12,,
1S03A,01/23/2023,7.28,,,89,41,2.1,,
1S03B,01/23/2023,7.41,,,92,41,2.21,,
1S03,01/23/2024,7.27,,,93,39,2.12,,
1S03A,01/23/2024,7.32,,,83,41,2.11,,
1S03B,01/23/2024,7.56,,,92,41,2.08,,
1S03A,01/24/2015,7.36,,,88,38,2.14,,
1S03B,01/24/2015,7.52,,,89,38,2.23,,
1S04,01/24/2015,7.34,,,89,39,2.03,,
1S03A,01/24/2016,7.25,,,88,42,2.21,,
1S03B,01/24/2016,7.33,,,93,41,2.09,,
1S07,01/24/2016,7.25,,,88,40,2.35,,
1SCL1,01/24/2016,7.21,,,394,42,2.18,,
1S03,01/24/2017,7.36,,,99,40,2.09,,
1S03A,01/24/2017,7.26,,,96,40,2,,
1S03B,01/24/2017,7.48,,,100,40,1.83,,
1SCH3,01/24/2017,7.26,,,527,41,2.27,,
1SCL1,01/24/2017,7.26,,,527,41,2.04,,
1S03,01/24/2018,7.28,,,90,38,1.94,,
1S03A,01/24/2018,7.26,,,90,39,2.33,,
1S03B,01/24/2018,7.31,,,92,38,2.12,,
1S03,01/24/2019,7.39,,,98,38,2.08,,
1S03A,01/24/2019,7.3,,,99,39,2.18,,
1S03B,01/24/2019,7.51,,,99,38,1.91,,
1SCH3,01/24/2019,7.32,,,423,39,1.81,,
1SCL1,01/24/2019,7.32,,,418,41,1.87,,
1S03,01/24/2020,7.24,,,134,39,2.04,,
1S03A,01/24/2020,7.24,,,134,39,2.11,,
1S03B,01/24/2020,7.36,,,137,39,2.15,,
1S03,01/24/2021,7.31,,,96,41,2.15,,
1S03A,01/24/2021,7.2,,,95,41,2.17,,
1S03B,01/24/2021,7.48,,,97,41,2.06,,
1SCH3,01/24/2021,7.13,,,437,41,2.23,,
1SCL1,01/24/2021,7.3,,,442,43,1.77,,
1S03,01/24/2022,7.12,,,84,39,2.03,,
1S03A,01/24/2022,7.16,,,82,39,2.09,,
1S03B,01/24/2022,7.35,,,85,37,2.11,,
1SCH3,01/24/2022,7.3,,,85,39,2.12,,
1SCL1,01/24/2022,7.39,,,459,41,2.08,,
1S03,01/24/2023,7.13,,,87,41,2.09,,
1S03A,01/24/2023,7.28,,,88,41,2.13,,
1S03B,01/24/2023,7.39,,,91,41,2.17,,
1S03,01/24/2024,7.29,,,89,41,2.05,,
1S03A,01/24/2024,7.32,,,84,39,2.11,,
1S03B,01/24/2024,7.54,,,89,41,2.21,,
1S03A,01/25/2015,7.29,,,89,38,2.17,,
1S03B,01/25/2015,7.43,,,92,37,2.24,,
1S04,01/25/2015,7.16,,,90,39,2.08,,
1S03A,01/25/2016,7.27,,,80,40,2.16,,
1S03B,01/25/2016,7.49,,,91,40,2.33,,
1S07,01/25/2016,7.44,,,89,39,1.95,,
1SCL1,01/25/2016,7.35,,,417,42,2.31,,
1S03,01/25/2017,7.31,,,96,40,2.05,,
1S03A,01/25/2017,7.28,,,91,40,2.23,,
1S03B,01/25/2017,7.43,,,98,40,2,,
1SCH3,01/25/2017,7.22,,,527,40,2.3,,
1SCL1,01/25/2017,7.28,,,527,41,1.91,,
1S03,01/25/2018,7.25,,,92,38,2.06,,
1S03A,01/25/2018,7.22,,,90,39,2.22,,
1S03B,01/25/2018,7.37,,,94,38,2.14,,
1S03,01/25/2019,7.3,,,98,38,2.12,,
1S03A,01/25/2019,7.3,,,96,38,2.25,,
1S03B,01/25/2019,7.57,,,97,38,1.71,,
1SCH3,01/25/2019,7.29,,,428,39,1.98,,
1SCL1,01/25/2019,7.31,,,424,41,1.87,,
1S03,01/25/2020,7.14,,,136,39,2.31,,
1S03A,01/25/2020,7.13,,,103,39,2.27,,
1S03B,01/25/2020,7.4,,,116,39,2.23,,
1S03,01/25/2021,7.31,,,95,39,2.14,,
1S03A,01/25/2021,7.31,,,94,39,2.22,,
1S03B,01/25/2021,7.38,,,95,39,2.19,,
1SCH3,01/25/2021,7.14,,,442,41,2.22,,
1SCL1,01/25/2021,7.29,,,446,41,2.04,,
1S03,01/25/2022,7.18,,,81,39,2.03,,
1S03A,01/25/2022,7.05,,,81,39,1.87,,
1S03B,01/25/2022,7.28,,,85,39,2.07,,
1SCH3,01/25/2022,7.37,,,84,39,2.03,,
1SCL1,01/25/2022,7.28,,,461,41,1.94,,
1S03,01/25/2023,7.28,,,87,41,2.02,,
1S03A,01/25/2023,7.35,,,90,41,2.06,,
1S03B,01/25/2023,7.39,,,94,39,2.09,,
1S03,01/25/2024,7.25,,,91,39,2.11,,
1S03A,01/25/2024,7.28,,,88,39,1.83,,
1S03B,01/25/2024,7.51,,,91,41,2.07,,
1S03A,01/26/2015,7.38,,,89,37,2.16,,
1S03B,01/26/2015,7.52,,,92,37,2.19,,
1S04,01/26/2015,7.44,,,90,37,2.12,,
1S03A,01/26/2016,7.31,,,90,40,2.24,,
1S03B,01/26/2016,7.49,,,93,40,2.2,,
1S07,01/26/2016,7.25,,,90,42,2.21,,
1SCL1,01/26/2016,7.31,,,290,42,2.18,,
1S03,01/26/2017,7.37,,,98,41,2.05,,
1S03A,01/26/2017,7.2,,,91,40,2.18,,
1S03B,01/26/2017,7.47,,,97,40,1.77,,
1SCH3,01/26/2017,7.19,,,526,41,2.28,,
1SCL1,01/26/2017,7.27,,,526,41,2.09,,
1S03,01/26/2018,7.25,,,93,38,2.02,,
1S03A,01/26/2018,7.22,,,91,38,2.06,,
1S03B,01/26/2018,7.35,,,94,38,2.11,,
1S03,01/26/2019,7.32,,,97,39,1.91,,
1S03A,01/26/2019,7.26,,,102,39,2.24,,
1S03B,01/26/2019,7.42,,,103,39,2.1,,
1SCH3,01/26/2019,7.24,,,438,39,1.96,,
1SCL1,01/26/2019,7.22,,,435,40,1.93,,
1S03,01/26/2020,7.25,,,100,39,2.16,,
1S03A,01/26/2020,7.25,,,102,39,2.13,,
1S03B,01/26/2020,7.32,,,105,39,2.11,,
1S03,01/26/2021,7.31,,,95,39,2.09,,
1S03A,01/26/2021,7.26,,,94,39,2.1,,
1S03B,01/26/2021,7.42,,,97,39,2.12,,
1SCH3,01/26/2021,7.14,,,440,41,2.05,,
1SCL1,01/26/2021,7.23,,,445,41,2.18,,
1S03,01/26/2022,7.11,,,82,37,2.08,,
1S03A,01/26/2022,7.21,,,83,37,2.18,,
1S03B,01/26/2022,7.3,,,85,37,2.07,,
1SCH3,01/26/2022,7.37,,,84,39,2.22,,
1SCL1,01/26/2022,7.42,,,472,41,2.04,,
1S03,01/26/2023,7.18,,,89,41,2.1,,
1S03A,01/26/2023,7.17,,,86,41,2.11,,
1S03B,01/26/2023,7.38,,,92,41,2.14,,
1S03,01/26/2024,7.44,,,88,41,2.12,,
1S03A,01/26/2024,7.27,,,87,41,2,,
1S03B,01/26/2024,7.52,,,90,41,1.99,,
1S03A,01/27/2015,7.29,,,87,38,2.22,,
1S03B,01/27/2015,7.61,,,89,38,2.02,,
1S04,01/27/2015,7.24,,,89,37,2.22,,
1S03A,01/27/2016,7.34,,,89,40,2.22,,
1S03B,01/27/2016,7.46,,,94,40,2.26,,
1S07,01/27/2016,7.46,,,92,41,1.94,,
1SCL1,01/27/2016,7.35,,,512,43,2.42,,
1S03,01/27/2017,7.25,,,96,41,2.08,,
1S03A,01/27/2017,7.27,,,90,41,2.27,,
1S03B,01/27/2017,7.49,,,94,41,1.73,,
1SCH3,01/27/2017,7.31,,,538,41,2.34,,
1SCL1,01/27/2017,7.29,,,537,42,2.11,,
1S03,01/27/2018,7.27,,,94,38,2.01,,
1S03A,01/27/2018,7.33,,,91,37,2.13,,
1S03B,01/27/2018,7.41,,,95,37,2.21,,
1S03,01/27/2019,7.32,,,96,38,2.33,,
1S03A,01/27/2019,7.28,,,97,38,2.41,,
1S03B,01/27/2019,7.48,,,102,38,2.23,,
1SCH3,01/27/2019,7.25,,,434,39,1.83,,
1SCL1,01/27/2019,7.25,,,437,40,1.9,,
1S03,01/27/2020,7.23,,,117,39,2.16,,
1S03A,01/27/2020,7.28,,,103,39,2.18,,
1S03B,01/27/2020,7.32,,,118,39,2.13,,
1S03,01/27/2021,7.25,,,94,39,2.08,,
1S03A,01/27/2021,7.25,,,94,39,2.14,,
1S03B,01/27/2021,7.42,,,96,39,2.15,,
1SCH3,01/27/2021,7.18,,,440,39,2.14,,
1SCL1,01/27/2021,7.28,,,445,41,2.01,,
1S03,01/27/2022,7.3,,,82,37,2.02,,
1S03A,01/27/2022,7.1,,,80,37,2.15,,
1S03B,01/27/2022,7.28,,,83,37,2.14,,
1SCH3,01/27/2022,7.26,,,84,37,2.15,,
1SCL1,01/27/2022,7.34,,,462,41,2.03,,
1S03,01/27/2023,7.27,,,89,41,2.08,,
1S03A,01/27/2023,7.22,,,89,41,2.1,,
1S03B,01/27/2023,7.45,,,92,43,2.13,,
1S03,01/27/2024,7.39,,,89,41,2.06,,
1S03A,01/27/2024,7.35,,,87,41,2.09,,
1S03B,01/27/2024,7.57,,,89,41,2.12,,
1S03A,01/28/2015,7.3,,,87,37,2.21,,
1S03B,01/28/2015,7.47,,,89,36,2.13,,
1S04,01/28/2015,7.28,,,87,36,2.04,,
1S03A,01/28/2016,7.42,,,92,40,2.39,,
1S03B,01/28/2016,7.55,,,95,41,2.28,,
1S07,01/28/2016,7.43,,,90,41,1.84,,
1SCL1,01/28/2016,7.36,,,516,43,2.34,,
1S03,01/28/2017,7.3,,,95,40,2.01,,
1S03A,01/28/2017,7.29,,,94,40,2.16,,
1S03B,01/28/2017,7.45,,,94,40,1.29,,
1SCH3,01/28/2017,7.37,,,537,40,2.43,,
1SCL1,01/28/2017,7.27,,,535,41,2.05,,
1S03,01/28/2018,7.21,,,93,39,2.15,,
1S03A,01/28/2018,7.4,,,91,38,2.44,,
1S03B,01/28/2018,7.36,,,94,38,2.43,,
1S03,01/28/2019,7.23,,,101,37,2.27,,
1S03A,01/28/2019,7.27,,,99,38,2.1,,
1S03B,01/28/2019,7.35,,,102,38,2.07,,
1SCH3,01/28/2019,7.22,,,436,39,1.97,,
1SCL1,01/28/2019,7.19,,,436,40,1.88,,
1S03,01/28/2020,7.25,,,114,39,2.19,,
1S03A,01/28/2020,7.26,,,137,39,2.25,,
1S03B,01/28/2020,7.37,,,121,39,2.16,,
1S03,01/28/2021,7.28,,,97,36,2.27,,
1S03A,01/28/2021,7.29,,,95,43,2.07,,
1S03B,01/28/2021,7.52,,,95,36,2.28,,
1SCH3,01/28/2021,7.27,,,429,36,2.05,,
1SCL1,01/28/2021,7.42,,,431,34,1.96,,
1S03,01/28/2022,7.05,,,80,37,2.03,,
1S03A,01/28/2022,7.14,,,79,39,2.11,,
1S03B,01/28/2022,7.28,,,81,37,2.11,,
1SCH3,01/28/2022,7.25,,,82,39,2.09,,
1SCL1,01/28/2022,7.36,,,462,41,2.12,,
1S03,01/28/2023,7.21,,,91,41,2.07,,
1S03A,01/28/2023,7.09,,,88,39,2.06,,
1S03B,01/28/2023,7.26,,,90,41,2.06,,
1S03,01/28/2024,7.39,,,87,41,2.09,,
1S03A,01/28/2024,7.36,,,86,41,2.03,,
1S03B,01/28/2024,7.58,,,90,41,2.15,,
1S03A,01/29/2015,7.38,,,89,36,2.15,,
1S03B,01/29/2015,7.51,,,91,36,2.03,,
1S04,01/29/2015,7.34,,,89,37,2.2,,
1S03A,01/29/2016,7.35,,,90,40,2.15,,
1S03B,01/29/2016,7.59,,,95,40,2.08,,
1S07,01/29/2016,7.29,,,91,40,2.2,,
1SCL1,01/29/2016,7.37,,,495,43,2.26,,
1S03,01/29/2017,7.17,,,95,39,2.12,,
1S03A,01/29/2017,7.28,,,95,40,2.18,,
1S03B,01/29/2017,7.45,,,95,40,1.67,,
1SCH3,01/29/2017,7.31,,,532,41,2.34,,
1SCL1,01/29/2017,7.23,,,533,41,2,,
1S03,01/29/2018,7.35,,,93,39,2.01,,
1S03A,01/29/2018,7.28,,,90,37,2.17,,
1S03B,01/29/2018,7.39,,,92,37,2.21,,
1S03,01/29/2019,7.2,,,95,37,2.25,,
1S03A,01/29/2019,7.31,,,94,37,2.29,,
1S03B,01/29/2019,7.42,,,100,37,2.02,,
1SCH3,01/29/2019,7.19,,,434,39,1.99,,
1SCL1,01/29/2019,7.19,,,434,39,2.02,,
1S03,01/29/2020,7.24,,,127,39,2.26,,
1S03A,01/29/2020,7.18,,,138,39,2.08,,
1S03B,01/29/2020,7.32,,,130,39,2.27,,
1S03,01/29/2021,7.12,,,98,37,1.93,,
1S03A,01/29/2021,7.26,,,95,39,2,,
1S03B,01/29/2021,7.35,,,96,37,2.1,,
1SCH3,01/29/2021,7.05,,,428,39,2.02,,
1SCL1,01/29/2021,7.2,,,433,39,1.91,,
1S03,01/29/2022,7.06,,,78,37,2.11,,
1S03A,01/29/2022,7.25,,,79,37,2.16,,
1S03B,01/29/2022,7.24,,,82,39,2.15,,
1SCH3,01/29/2022,7.24,,,451,39,2.09,,
1SCL1,01/29/2022,7.39,,,460,41,2.07,,
1S03,01/29/2023,7.27,,,91,41,2.04,,
1S03A,01/29/2023,7.21,,,88,41,2.11,,
1S03B,01/29/2023,7.39,,,90,41,2.08,,
1S03,01/29/2024,7.41,,,90,41,2.11,,
1S03A,01/29/2024,7.37,,,86,41,2.21,,
1S03B,01/29/2024,7.55,,,90,41,2.15,,
1S03A,01/30/2015,7.4,,,89,36,2.31,,
1S03B,01/30/2015,7.5,,,91,37,2.2,,
1S04,01/30/2015,7.25,,,89,37,2.15,,
1S03A,01/30/2016,7.35,,,90,40,2.26,,
1S03B,01/30/2016,7.37,,,92,40,2.1,,
1S07,01/30/2016,7.32,,,92,39,1.93,,
1SCL1,01/30/2016,7.34,,,394,43,2.36,,
1S03,01/30/2017,7.27,,,96,39,2.1,,
1S03A,01/30/2017,7.27,,,95,40,2.18,,
1S03B,01/30/2017,7.42,,,99,39,1.78,,
1SCH3,01/30/2017,7.2,,,532,40,2.3,,
1SCL1,01/30/2017,7.3,,,533,41,1.96,,
1S03,01/30/2018,7.22,,,95,38,2.04,,
1S03A,01/30/2018,7.18,,,92,38,2.19,,
1S03B,01/30/2018,7.39,,,95,37,2.07,,
1S03,01/30/2019,7.13,,,98,36,2.34,,
1S03A,01/30/2019,7.18,,,94,37,2.27,,
1S03B,01/30/2019,7.44,,,100,36,2.13,,
1SCH3,01/30/2019,7.26,,,429,38,1.9,,
1SCL1,01/30/2019,7.24,,,430,39,1.96,,
1S03,01/30/2020,7.27,,,132,39,2.28,,
1S03A,01/30/2020,7.27,,,135,39,2.22,,
1S03B,01/30/2020,7.4,,,135,39,2.1,,
1S03,01/30/2021,7.25,,,97,37,2.15,,
1S03A,01/30/2021,7.24,,,94,43,2.14,,
1S03B,01/30/2021,7.45,,,96,39,2.18,,
1SCH3,01/30/2021,7.22,,,427,39,2.07,,
1SCL1,01/30/2021,7.29,,,431,39,1.99,,
1S03,01/30/2022,7.07,,,84,36,1.97,,
1S03A,01/30/2022,7.12,,,82,37,2.08,,
1S03B,01/30/2022,7.26,,,78,41,2.13,,
1SCH3,01/30/2022,7.21,,,82,37,2.29,,
1SCL1,01/30/2022,7.26,,,449,39,2.03,,
1S03,01/30/2023,7.25,,,92,41,2.08,,
1S03A,01/30/2023,7.17,,,89,41,2.08,,
1S03B,01/30/2023,7.34,,,90,43,2.02,,
1S03,01/30/2024,7.39,,,89,39,2.06,,
1S03A,01/30/2024,7.36,,,88,41,2.24,,
1S03B,01/30/2024,7.56,,,91,41,2.15,,
1S03A,01/31/2015,7.29,,,89,35,1.88,,
1S03B,01/31/2015,7.47,,,92,35,1.91,,
1S04,01/31/2015,7.24,,,90,37,1.95,,
1S03A,01/31/2016,7.19,,,91,45,2.2,,
1S03B,01/31/2016,7.43,,,96,42,2.13,,
1S07,01/31/2016,7.46,,,94,40,2.21,,
1SCL1,01/31/2016,7.42,,,389,46,2.05,,
1S03,01/31/2017,7.16,,,96,38,2.07,,
1S03A,01/31/2017,7.21,,,95,38,2.11,,
1S03B,01/31/2017,7.39,,,98,38,1.65,,
1SCH3,01/31/2017,7.31,,,530,40,2.37,,
1SCL1,01/31/2017,7.28,,,523,41,2.08,,
1S03,01/31/2018,7.13,,,93,36,1.81,,
1S03A,01/31/2018,7.18,,,92,36,2.24,,
1S03B,01/31/2018,7.35,,,95,35,2.04,,
1S03,01/31/2019,7.18,,,98,35,2.45,,
1S03A,01/31/2019,7.22,,,100,37,2.29,,
1S03B,01/31/2019,7.3,,,101,35,2.09,,
1SCH3,01/31/2019,7.33,,,438,38,2.04,,
1SCL1,01/31/2019,7.24,,,439,39,1.84,,
1S03,01/31/2020,7.27,,,132,39,2.15,,
1S03A,01/31/2020,7.2,,,138,39,2.36,,
1S03B,01/31/2020,7.39,,,139,39,2.07,,
1S03,01/31/2021,7.3,,,98,36,2.07,,
1S03A,01/31/2021,7.3,,,95,37,2.07,,
1S03B,01/31/2021,7.47,,,97,37,2.11,,
1SCH3,01/31/2021,7.32,,,425,39,1.97,,
1SCL1,01/31/2021,7.4,,,430,39,1.9,,
1S03,01/31/2022,7.16,,,81,37,2.1,,
1S03A,01/31/2022,7.2,,,82,37,2.13,,
1S03B,01/31/2022,7.31,,,84,37,2.18,,
1SCH3,01/31/2022,7.33,,,86,37,2.21,,
1SCL1,01/31/2022,7.4,,,457,41,2.11,,
1S03,01/31/2023,7.23,,,92,41,2.11,,
1S03A,01/31/2023,7.22,,,89,41,2.17,,
1S03B,01/31/2023,7.4,,,91,41,2.1,,
1S03,01/31/2024,7.43,,,88,41,2.06,,
1S03A,01/31/2024,7.3,,,88,41,2.11,,
1S03B,01/31/2024,7.47,,,92,41,2.07,,
1S03A,02/13/2015,7.37,,,89,35,2.03,,
1S03B,02/13/2015,7.55,,,92,35,1.9,,
1S04,02/13/2015,7.32,,,91,33,1.97,,
1S03A,02/13/2016,7.26,,,90,41,2.25,,
1S03B,02/13/2016,7.48,,,94,39,2.11,,
1S07,02/13/2016,7.46,,,92,41,1.97,,
1SCL1,02/13/2016,7.24,,,517,41,2.37,,
1S03,02/13/2017,7.4,,,100,38,2.06,,
1S03A,02/13/2017,7.36,,,95,36,2.14,,
1S03B,02/13/2017,7.68,,,99,36,1.48,,
1SCH3,02/13/2017,7.33,,,537,39,2.18,,
1SCL1,02/13/2017,7.29,,,539,40,2.38,,
1S03,02/13/2018,7.31,,,93,37,1.69,,
1S03A,02/13/2018,7.29,,,92,37,2.17,,
1S03B,02/13/2018,7.44,,,95,36,2.14,,
1S03,02/13/2019,7.41,,,92,38,2.13,,
1S03A,02/13/2019,7.32,,,79,37,2.11,,
1S03B,02/13/2019,7.58,,,91,38,1.89,,
1SCH3,02/13/2019,7.26,,,441,39,1.81,,
1SCL1,02/13/2019,7.27,,,444,40,1.87,,
1S03,02/13/2020,7.16,,,112,39,2.17,,
1S03A,02/13/2020,7,,,101,39,2.15,,
1S03B,02/13/2020,7.29,,,114,39,2.02,,
1S03,02/13/2021,7.27,,,97,36,2.19,,
1S03A,02/13/2021,7.16,,,92,37,2.14,,
1S03B,02/13/2021,7.4,,,96,36,2.13,,
1SCH3,02/13/2021,7.23,,,425,39,2.03,,
1SCL1,02/13/2021,7.26,,,470,39,1.78,,
1S03,02/13/2022,7.11,,,82,39,2.04,,
1S03A,02/13/2022,7.05,,,82,39,2.18,,
1S03B,02/13/2022,7.29,,,83,37,2.2,,
1SCH3,02/13/2022,7.26,,,84,39,2.09,,
1SCL1,02/13/2022,7.3,,,453,43,2.2,,
1S03,02/13/2023,7.23,,,92,39,2.09,,
1S03A,02/13/2023,7.18,,,88,39,2.11,,
1S03B,02/13/2023,7.21,,,91,39,2.04,,
1SCH3,02/13/2023,7.19,,,454,41,2.29,,
1SCL1,02/13/2023,7.33,,,450,43,2.27,,
1S03,02/13/2024,7.37,,,86,41,2.11,,
1S03A,02/13/2024,7.35,,,85,39,2.03,,
1S03B,02/13/2024,7.52,,,87,41,2.08,,
1S03A,02/14/2015,7.31,,,89,37,2.14,,
1S03B,02/14/2015,7.53,,,90,37,2,,
1S04,02/14/2015,7.39,,,89,37,1.85,,
1S03A,02/14/2016,7.38,,,90,37,2.15,,
1S03B,02/14/2016,7.39,,,94,36,2.21,,
1S07,02/14/2016,7.22,,,89,39,1.95,,
1SCL1,02/14/2016,7.25,,,479,40,2.16,,
1S03,02/14/2017,7.28,,,99,37,2.17,,
1S03A,02/14/2017,7.31,,,96,37,2.21,,
1S03B,02/14/2017,7.55,,,102,37,1.98,,
1SCH3,02/14/2017,7.19,,,539,38,2.75,,
1SCL1,02/14/2017,7.26,,,544,39,2.26,,
1S03,02/14/2018,7.32,,,94,38,2.08,,
1S03A,02/14/2018,7.28,,,93,37,2.01,,
1S03B,02/14/2018,7.42,,,96,36,1.9,,
1S03,02/14/2019,7.37,,,86,37,2.05,,
1S03A,02/14/2019,7.27,,,80,37,2.22,,
1S03B,02/14/2019,7.57,,,89,37,1.98,,
1SCH3,02/14/2019,7.28,,,437,38,1.78,,
1SCL1,02/14/2019,7.28,,,440,39,2.02,,
1S03,02/14/2020,7.25,,,113,39,2.09,,
1S03A,02/14/2020,7.22,,,105,41,2.03,,
1S03B,02/14/2020,7.31,,,111,39,2.13,,
1S03,02/14/2021,7.38,,,96,36,2.16,,
1S03A,02/14/2021,7.25,,,91,37,2.07,,
1S03B,02/14/2021,7.48,,,98,37,2.14,,
1SCH3,02/14/2021,7.29,,,421,39,2.13,,
1SCL1,02/14/2021,7.26,,,448,39,1.91,,
1S03,02/14/2022,7.16,,,80,39,2.03,,
1S03A,02/14/2022,7.18,,,81,37,2.12,,
1S03B,02/14/2022,7.3,,,84,37,2.06,,
1SCH3,02/14/2022,7.18,,,78,37,2.12,,
1SCL1,02/14/2022,7.3,,,476,41,2.15,,
1S03,02/14/2023,7.24,,,92,39,2.06,,
1S03A,02/14/2023,7.2,,,90,39,2.12,,
1S03B,02/14/2023,7.32,,,91,41,2.04,,
1SCH3,02/14/2023,7.16,,,462,41,2.25,,
1SCL1,02/14/2023,7.31,,,464,43,2.23,,
1S03,02/14/2024,7.37,,,89,39,2.11,,
1S03A,02/14/2024,7.34,,,85,39,2.05,,
1S03B,02/14/2024,7.47,,,89,45,2.07,,
1S03A,02/15/2015,7.36,,,88,35,2.18,,
1S03B,02/15/2015,7.5,,,92,36,2.09,,
1S04,02/15/2015,7.3,,,88,36,1.83,,
1S03A,02/15/2016,7.33,,,89,42,2.16,,
1S03B,02/15/2016,7.6,,,94,39,1.91,,
1S07,02/15/2016,7.47,,,92,39,2.24,,
1SCL1,02/15/2016,7.23,,,457,40,2.21,,
1S03,02/15/2017,7.46,,,99,38,2.05,,
1S03A,02/15/2017,7.28,,,97,38,2.17,,
1S03B,02/15/2017,7.61,,,100,37,2.06,,
1SCH3,02/15/2017,7.19,,,539,39,2.39,,
1SCL1,02/15/2017,7.2,,,540,39,2.3,,
1S03,02/15/2018,7.17,,,94,37,2.23,,
1S03A,02/15/2018,7.23,,,92,38,2.13,,
1S03B,02/15/2018,7.38,,,96,37,2.03,,
1S03,02/15/2019,7.43,,,87,38,1.06,,
1S03A,02/15/2019,7.31,,,93,37,2.12,,
1S03B,02/15/2019,7.5,,,90,37,1.95,,
1SCH3,02/15/2019,7.24,,,441,39,1.83,,
1SCL1,02/15/2019,7.35,,,444,39,1.97,,
1S03,02/15/2020,7.17,,,111,37,2.04,,
1S03A,02/15/2020,7.23,,,113,39,2.11,,
1S03B,02/15/2020,7.49,,,114,39,2.13,,
1S03,02/15/2021,7.29,,,95,37,2.11,,
1S03A,02/15/2021,7.12,,,91,37,2.14,,
1S03B,02/15/2021,7.48,,,98,37,2.32,,
1SCH3,02/15/2021,7.23,,,433,39,2.16,,
1SCL1,02/15/2021,7.16,,,459,39,1.89,,
1S03,02/15/2022,7.09,,,81,36,2.01,,
1S03A,02/15/2022,7.27,,,83,37,2.06,,
1S03B,02/15/2022,7.33,,,86,37,2.09,,
1SCH3,02/15/2022,7.31,,,86,37,2.13,,
1SCL1,02/15/2022,7.26,,,472,39,2.09,,
1S03,02/15/2023,7.24,,,92,39,2.03,,
1S03A,02/15/2023,7.16,,,91,39,2.08,,
1S03B,02/15/2023,7.28,,,93,41,2.16,,
1SCL1,02/15/2023,7.34,,,467,43,2.16,,
1S03,02/15/2024,7.29,,,88,39,2.05,,
1S03A,02/15/2024,7.38,,,86,39,2.1,,
1S03B,02/15/2024,7.43,,,90,39,2,,
1S03A,02/16/2015,7.23,,,90,36,2.04,,
1S03B,02/16/2015,7.4,,,92,36,2.43,,
1S04,02/16/2015,7.31,,,90,37,2.27,,
1S03A,02/16/2016,7.38,,,87,38,2.01,,
1S03B,02/16/2016,7.58,,,92,38,1.94,,
1S07,02/16/2016,7.4,,,91,39,2.08,,
1SCL1,02/16/2016,7.3,,,463,40,2.26,,
1S03,02/16/2017,7.39,,,97,38,2.03,,
1S03A,02/16/2017,7.3,,,96,37,2.3,,
1S03B,02/16/2017,7.76,,,100,38,1.99,,
1SCH3,02/16/2017,7.25,,,544,39,2.47,,
1SCL1,02/16/2017,7.22,,,541,39,2.2,,
1S03,02/16/2018,7.15,,,95,38,2,,
1S03A,02/16/2018,7.27,,,94,38,2.16,,
1S03B,02/16/2018,7.41,,,96,38,1.92,,
1S03,02/16/2019,7.38,,,91,38,2.41,,
1S03A,02/16/2019,7.08,,,92,39,2.33,,
1S03B,02/16/2019,7.62,,,94,40,1.85,,
1SCH3,02/16/2019,7.27,,,438,39,1.91,,
1SCL1,02/16/2019,7.3,,,438,40,2.11,,
1S03,02/16/2020,7.24,,,120,39,2.07,,
1S03A,02/16/2020,7.25,,,124,45,1.99,,
1S03B,02/16/2020,7.41,,,121,39,2.15,,
1S03,02/16/2021,7.26,,,95,37,2.09,,
1S03A,02/16/2021,7.13,,,91,37,2.17,,
1S03B,02/16/2021,7.32,,,92,36,2.23,,
1SCH3,02/16/2021,7.26,,,438,39,2.17,,
1SCL1,02/16/2021,7.35,,,459,39,1.85,,
1S03,02/16/2022,7.32,,,81,37,2.1,,
1S03A,02/16/2022,7.23,,,83,37,1.88,,
1S03B,02/16/2022,7.23,,,85,37,2,,
1SCH3,02/16/2022,7.53,,,85,37,2.23,,
1SCL1,02/16/2022,7.25,,,481,41,2.1,,
1S03,02/16/2023,7.24,,,93,41,2.1,,
1S03A,02/16/2023,7.07,,,89,41,2.13,,
1S03B,02/16/2023,7.07,,,91,41,2.22,,
1SCL1,02/16/2023,7.48,,,346,43,2.19,,
1S03,02/16/2024,7.31,,,89,39,2.1,,
1S03A,02/16/2024,7.33,,,87,39,2.11,,
1S03B,02/16/2024,7.53,,,90,39,1.86,,
1S03A,02/17/2015,7.31,,,86,37,2.14,,
1S03B,02/17/2015,7.43,,,92,37,2.12,,
1S04,02/17/2015,7.27,,,88,37,1.87,,
1S03A,02/17/2016,7.34,,,90,38,2.27,,
1S03B,02/17/2016,7.51,,,91,38,1.99,,
1S07,02/17/2016,7.13,,,87,39,1.92,,
1SCL1,02/17/2016,7.3,,,403,42,2.32,,
1S03,02/17/2017,7.37,,,99,39,2.24,,
1S03A,02/17/2017,7.33,,,98,37,2.13,,
1S03B,02/17/2017,7.54,,,102,37,1.94,,
1SCH3,02/17/2017,7.23,,,543,39,2.47,,
1SCL1,02/17/2017,7.19,,,527,40,2.01,,
1S03,02/17/2018,7.25,,,95,39,1.87,,
1S03A,02/17/2018,7.32,,,94,41,2.08,,
1S03B,02/17/2018,7.38,,,96,38,2.07,,
1S03,02/17/2019,7.33,,,92,37,2.47,,
1S03A,02/17/2019,7.54,,,94,38,2.05,,
1S03B,02/17/2019,7.66,,,95,38,1.77,,
1SCH3,02/17/2019,7.29,,,438,39,1.98,,
1SCL1,02/17/2019,7.3,,,438,39,2.15,,
1S03,02/17/2020,7.18,,,119,37,2.15,,
1S03A,02/17/2020,7.14,,,124,39,2.15,,
1S03B,02/17/2020,7.34,,,123,39,2.14,,
1S03,02/17/2021,7.19,,,94,37,2.11,,
1S03A,02/17/2021,7.22,,,92,37,2.14,,
1S03B,02/17/2021,7.38,,,93,36,2.12,,
1SCH3,02/17/2021,7.21,,,430,39,2.07,,
1SCL1,02/17/2021,7.2,,,449,39,1.87,,
1S03,02/17/2022,7.21,,,80,37,2.05,,
1S03A,02/17/2022,7.26,,,79,37,2.11,,
1S03B,02/17/2022,7.25,,,81,37,2.07,,
1SCH3,02/17/2022,7.4,,,82,37,2.48,,
1SCL1,02/17/2022,7.36,,,460,41,2.32,,
1S03,02/17/2023,7.21,,,93,41,2.06,,
1S03A,02/17/2023,7.13,,,91,41,2.08,,
1S03B,02/17/2023,7.17,,,94,41,2.08,,
1SCH3,02/17/2023,7.19,,,445,43,1.96,,
1SCL1,02/17/2023,7.36,,,453,45,1.98,,
1S03,02/17/2024,7.32,,,88,41,2.14,,
1S03A,02/17/2024,7.23,,,87,41,2.09,,
1S03B,02/17/2024,7.52,,,87,39,2.13,,
1S03A,02/18/2015,7.27,,,90,36,2.08,,
1S03B,02/18/2015,7.5,,,92,36,1.98,,
1S04,02/18/2015,7.28,,,90,36,2.1,,
1S03A,02/18/2016,7.29,,,90,37,2.2,,
1S03B,02/18/2016,7.37,,,93,38,2.21,,
1S07,02/18/2016,7.37,,,87,37,2.39,,
1SCL1,02/18/2016,7.32,,,477,41,2.27,,
1S03,02/18/2017,7.43,,,99,38,1.94,,
1S03A,02/18/2017,7.33,,,98,39,2.07,,
1S03B,02/18/2017,7.54,,,98,38,2.06,,
1SCH3,02/18/2017,7.19,,,546,39,2.24,,
1SCL1,02/18/2017,7.21,,,547,39,2.27,,
1S03,02/18/2018,7.13,,,97,37,2.06,,
1S03A,02/18/2018,7.2,,,96,38,2.31,,
1S03B,02/18/2018,7.37,,,98,37,2.2,,
1S03,02/18/2019,7.18,,,93,39,2.39,,
1S03A,02/18/2019,7.29,,,94,37,2.18,,
1S03B,02/18/2019,7.49,,,96,38,2,,
1SCH3,02/18/2019,7.24,,,442,39,1.97,,
1SCL1,02/18/2019,7.31,,,448,40,2.03,,
1S03,02/18/2020,7.21,,,117,39,1.98,,
1S03A,02/18/2020,7.3,,,113,43,2.06,,
1S03B,02/18/2020,7.4,,,117,39,2.27,,
1S03,02/18/2021,7.24,,,94,37,2.09,,
1S03A,02/18/2021,7.22,,,92,37,2.16,,
1S03B,02/18/2021,7.31,,,95,37,2.24,,
1SCH3,02/18/2021,7.23,,,437,39,2.06,,
1SCL1,02/18/2021,7.3,,,439,39,1.89,,
1S03,02/18/2022,6.98,,,83,39,2.02,,
1S03A,02/18/2022,6.97,,,81,37,2.12,,
1S03B,02/18/2022,7.35,,,84,39,2.04,,
1SCH3,02/18/2022,7.28,,,83,39,2.11,,
1SCL1,02/18/2022,7.31,,,474,41,2.21,,
1S03,02/18/2023,7.13,,,88,39,2.16,,
1S03A,02/18/2023,7.14,,,88,41,2.03,,
1S03B,02/18/2023,7.4,,,89,41,2.09,,
1SCH3,02/18/2023,7.1,,,425,41,2.16,,
1SCL1,02/18/2023,7.27,,,434,43,2.01,,
1S03,02/18/2024,7.35,,,88,39,2.02,,
1S03A,02/18/2024,7.32,,,87,39,2.12,,
1S03B,02/18/2024,7.54,,,89,39,2.04,,
1S03A,02/19/2015,7.38,,,90,36,2.1,,
1S03B,02/19/2015,7.45,,,93,35,2.14,,
1S04,02/19/2015,7.36,,,91,37,1.93,,
1S03A,02/19/2016,7.19,,,91,37,2.1,,
1S03B,02/19/2016,7.23,,,94,37,2.08,,
1S07,02/19/2016,7.35,,,92,37,2.08,,
1SCL1,02/19/2016,7.07,,,493,41,2.23,,
1S03,02/19/2017,7.41,,,101,39,1.89,,
1S03A,02/19/2017,7.36,,,99,39,2.06,,
1S03B,02/19/2017,7.55,,,101,39,2.06,,
1SCH3,02/19/2017,7.28,,,550,39,2.11,,
1SCL1,02/19/2017,7.26,,,542,40,2.13,,
1S03,02/19/2018,7.23,,,96,38,1.87,,
1S03A,02/19/2018,7.3,,,95,39,1.9,,
1S03B,02/19/2018,7.34,,,99,39,2.04,,
1S03,02/19/2019,7.2,,,91,36,2.32,,
1S03A,02/19/2019,7.34,,,93,37,2.28,,
1S03B,02/19/2019,7.4,,,96,37,2.15,,
1SCH3,02/19/2019,7.23,,,443,39,1.87,,
1SCL1,02/19/2019,7.31,,,448,39,1.95,,
1S03,02/19/2020,7.23,,,111,39,1.97,,
1S03A,02/19/2020,7.28,,,94,39,2.14,,
1S03B,02/19/2020,7.31,,,109,39,2.1,,
1S03,02/19/2021,7.15,,,94,37,2.06,,
1S03A,02/19/2021,7.26,,,90,37,2.19,,
1S03B,02/19/2021,7.23,,,90,36,2.21,,
1SCL1,02/19/2021,7.28,,,377,39,2.18,,
1S03,02/19/2022,7.17,,,83,39,2.07,,
1S03A,02/19/2022,7.26,,,83,39,2.11,,
1S03B,02/19/2022,7.41,,,85,37,2.21,,
1SCH3,02/19/2022,7.65,,,86,39,2.17,,
1SCL1,02/19/2022,7.44,,,488,41,2.23,,
1S03,02/19/2023,7.27,,,88,39,2.05,,
1S03A,02/19/2023,7.22,,,88,41,2.12,,
1S03B,02/19/2023,7.42,,,90,39,2.22,,
1SCH3,02/19/2023,7.17,,,434,41,1.89,,
1SCL1,02/19/2023,7.41,,,442,43,2.32,,
1S03,02/19/2024,7.28,,,90,39,2.1,,
1S03A,02/19/2024,7.33,,,87,39,2.09,,
1S03B,02/19/2024,7.49,,,89,39,2.08,,
1S03A,02/20/2015,7.38,,,90,35,2.13,,
1S03B,02/20/2015,7.58,,,91,35,2.03,,
1S04,02/20/2015,7.37,,,91,36,2.15,,
1S03A,02/20/2016,7.39,,,90,39,2.17,,
1S03B,02/20/2016,7.47,,,93,39,2.3,,
1S07,02/20/2016,7.41,,,89,39,2.11,,
1SCL1,02/20/2016,7.27,,,450,41,2.19,,
1S03,02/20/2017,7.37,,,101,39,1.98,,
1S03A,02/20/2017,7.29,,,97,38,2.18,,
1S03B,02/20/2017,7.53,,,100,39,1.92,,
1SCH3,02/20/2017,7.05,,,553,40,2.28,,
1SCL1,02/20/2017,7.15,,,555,40,2.22,,
1S03,02/20/2018,7.2,,,97,41,2.07,,
1S03A,02/20/2018,7.28,,,95,40,2.41,,
1S03B,02/20/2018,7.4,,,96,39,2.3,,
1S03,02/20/2019,7.16,,,91,37,2.11,,
1S03A,02/20/2019,7.15,,,92,37,2.09,,
1S03B,02/20/2019,7.53,,,93,36,1.62,,
1SCH3,02/20/2019,7.25,,,448,39,1.98,,
1SCL1,02/20/2019,7.29,,,449,39,1.98,,
1S03,02/20/2020,7.18,,,108,39,2.09,,
1S03A,02/20/2020,7.38,,,99,39,2.12,,
1S03B,02/20/2020,7.36,,,111,39,2.34,,
1S03,02/20/2021,7.15,,,91,37,2.12,,
1S03A,02/20/2021,7.2,,,89,37,2.07,,
1S03B,02/20/2021,7.21,,,91,37,2.17,,
1SCL1,02/20/2021,7.26,,,376,39,2.12,,
1S03,02/20/2022,7.19,,,84,37,2.11,,
1S03A,02/20/2022,7.3,,,84,37,2.04,,
1S03B,02/20/2022,7.39,,,86,37,2.14,,
1SCH3,02/20/2022,7.28,,,173,39,2.15,,
1SCL1,02/20/2022,7.38,,,478,41,2.12,,
1S03,02/20/2023,7.1,,,89,39,2.09,,
1S03A,02/20/2023,7.23,,,87,41,2.04,,
1S03B,02/20/2023,7.19,,,91,41,2.2,,
1SCH3,02/20/2023,7.2,,,431,43,1.71,,
1SCL1,02/20/2023,7.3,,,438,45,2.27,,
1S03,02/20/2024,7.34,,,86,39,2.19,,
1S03A,02/20/2024,7.31,,,87,39,2.21,,
1S03B,02/20/2024,7.5,,,89,39,2.22,,
1S03A,02/21/2015,7.35,,,90,36,2.18,,
1S03B,02/21/2015,7.49,,,89,35,2.25,,
1S04,02/21/2015,7.3,,,89,35,2.34,,
1S03A,02/21/2016,7.16,,,89,39,2.28,,
1S03B,02/21/2016,7.32,,,91,38,2,,
1S07,02/21/2016,7.42,,,89,38,2.02,,
1SCL1,02/21/2016,7.2,,,507,42,2.12,,
1S03,02/21/2017,7.38,,,99,39,2.02,,
1S03A,02/21/2017,7.19,,,95,40,2.16,,
1S03B,02/21/2017,7.34,,,101,39,2,,
1SCH3,02/21/2017,7.17,,,540,39,2.2,,
1SCL1,02/21/2017,7.17,,,549,41,2.29,,
1S03,02/21/2018,7.16,,,96,40,2.36,,
1S03A,02/21/2018,7.25,,,93,40,2.14,,
1S03B,02/21/2018,7.4,,,97,38,2.21,,
1S03,02/21/2019,7.28,,,92,38,1.85,,
1S03A,02/21/2019,7.24,,,90,38,2.38,,
1S03B,02/21/2019,7.33,,,94,37,2.23,,
1SCH3,02/21/2019,7.26,,,438,40,1.97,,
1SCL1,02/21/2019,7.31,,,441,40,2.05,,
1S03,02/21/2020,7.16,,,110,37,2.15,,
1S03A,02/21/2020,7.26,,,105,39,2.11,,
1S03B,02/21/2020,7.39,,,109,39,2.04,,
1S03,02/21/2021,7.19,,,95,37,2.04,,
1S03A,02/21/2021,7.16,,,91,37,2.11,,
1S03B,02/21/2021,7.23,,,92,37,2.27,,
1SCL1,02/21/2021,7.11,,,402,39,2.13,,
1S03,02/21/2022,7.05,,,85,39,2.27,,
1S03A,02/21/2022,7.18,,,85,39,2.03,,
1S03B,02/21/2022,7.36,,,87,37,2.08,,
1SCH3,02/21/2022,7.35,,,89,39,2.16,,
1SCL1,02/21/2022,7.45,,,478,43,2.27,,
1S03,02/21/2023,7.1,,,89,39,2.04,,
1S03A,02/21/2023,7.21,,,88,39,2.05,,
1S03B,02/21/2023,7.35,,,91,41,2.11,,
1SCH3,02/21/2023,7.05,,,434,41,1.93,,
1SCL1,02/21/2023,7.34,,,440,43,2.18,,
1S03,02/21/2024,7.24,,,89,39,2.1,,
1S03A,02/21/2024,7.25,,,85,39,2.1,,
1S03B,02/21/2024,7.39,,,90,39,2.04,,
1S03A,02/22/2015,7.28,,,90,37,2.08,,
1S03B,02/22/2015,7.54,,,90,37,1.93,,
1S04,02/22/2015,7.38,,,89,37,1.96,,
1S03A,02/22/2016,7.37,,,89,38,2.18,,
1S03B,02/22/2016,7.48,,,94,38,2.09,,
1S07,02/22/2016,7.43,,,87,39,1.48,,
1SCL1,02/22/2016,7.16,,,507,44,2.13,,
1S03,02/22/2017,7.22,,,100,39,1.9,,
1S03A,02/22/2017,7.26,,,97,40,2.22,,
1S03B,02/22/2017,7.46,,,100,40,1.83,,
1SCH3,02/22/2017,7.17,,,541,40,2.17,,
1SCL1,02/22/2017,7.11,,,545,40,2.17,,
1S03,02/22/2018,7.27,,,97,40,2.19,,
1S03A,02/22/2018,7.2,,,95,39,2.3,,
1S03B,02/22/2018,7.38,,,96,40,2.09,,
1S03,02/22/2019,7.35,,,91,39,1.89,,
1S03A,02/22/2019,7.19,,,90,38,2.21,,
1S03B,02/22/2019,7.39,,,95,37,2.21,,
1SCH3,02/22/2019,7.33,,,445,41,1.94,,
1SCL1,02/22/2019,7.38,,,452,41,2.04,,
1S03,02/22/2020,7.07,,,109,39,2.14,,
1S03A,02/22/2020,7.25,,,109,39,2.12,,
1S03B,02/22/2020,7.43,,,116,37,2.02,,
1S03,02/22/2021,7.29,,,95,37,1.93,,
1S03A,02/22/2021,7.17,,,91,37,2.08,,
1S03B,02/22/2021,7.3,,,91,37,2.15,,
1SCL1,02/22/2021,7.23,,,391,39,2.29,,
1S03,02/22/2022,7.14,,,82,39,2.07,,
1S03A,02/22/2022,7.14,,,82,39,2.13,,
1S03B,02/22/2022,7.34,,,84,37,2.02,,
1SCH3,02/22/2022,7.21,,,461,41,2.16,,
1SCL1,02/22/2022,7.31,,,465,41,2.25,,
1S03,02/22/2023,7.33,,,88,39,2.14,,
1S03A,02/22/2023,7.29,,,89,39,2.05,,
1S03B,02/22/2023,7.39,,,92,41,2.11,,
1SCH3,02/22/2023,7.09,,,434,41,1.88,,
1SCL1,02/22/2023,7.27,,,438,43,2.24,,
1S03,02/22/2024,7.3,,,89,39,2.11,,
1S03A,02/22/2024,7.21,,,86,39,2.07,,
1S03B,02/22/2024,7.5,,,90,39,2.15,,
1S03A,02/23/2015,7.27,,,90,35,2.16,,
1S03B,02/23/2015,7.49,,,92,35,2.09,,
1S04,02/23/2015,7.34,,,91,36,2.01,,
1S03A,02/23/2016,7.25,,,92,37,2.05,,
1S03B,02/23/2016,7.39,,,94,38,2.38,,
1S07,02/23/2016,7.42,,,91,39,2,,
1SCL1,02/23/2016,7.31,,,504,42,2.42,,
1S03,02/23/2017,7.3,,,99,39,2.04,,
1S03A,02/23/2017,7.17,,,98,39,2.08,,
1S03B,02/23/2017,7.39,,,101,40,1.81,,
1SCH3,02/23/2017,7.25,,,548,40,2.34,,
1SCL1,02/23/2017,7.25,,,545,41,2.08,,
1S03,02/23/2018,7.35,,,94,39,1.83,,
1S03A,02/23/2018,7.29,,,95,40,2.25,,
1S03B,02/23/2018,7.42,,,98,41,2.05,,
1S03,02/23/2019,7.25,,,91,37,2.09,,
1S03A,02/23/2019,7.16,,,90,37,2.24,,
1S03B,02/23/2019,7.4,,,92,38,2.26,,
1SCH3,02/23/2019,7.23,,,440,39,2.03,,
1SCL1,02/23/2019,7.31,,,440,40,2.14,,
1S03,02/23/2020,7.29,,,113,37,2.16,,
1S03A,02/23/2020,7.18,,,117,37,2.29,,
1S03B,02/23/2020,7.42,,,117,39,2.11,,
1S03,02/23/2021,7.19,,,91,37,2.22,,
1S03A,02/23/2021,7.16,,,88,37,2.17,,
1S03B,02/23/2021,7.29,,,90,37,2.26,,
1SCL1,02/23/2021,7.22,,,372,39,2.21,,
1S03,02/23/2022,7.46,,,83,39,2.05,,
1S03A,02/23/2022,7.27,,,83,39,2.09,,
1S03B,02/23/2022,7.44,,,86,39,2.24,,
1SCH3,02/23/2022,7.48,,,86,39,2.28,,
1SCL1,02/23/2022,7.31,,,469,41,2.24,,
1S03,02/23/2023,7.23,,,88,41,2.08,,
1S03A,02/23/2023,7.16,,,86,41,2.07,,
1S03B,02/23/2023,7.33,,,90,39,2.1,,
1SCH3,02/23/2023,7.05,,,424,43,1.91,,
1SCL1,02/23/2023,7.2,,,429,45,2.06,,
1S03,02/23/2024,7.33,,,85,39,1.9,,
1S03A,02/23/2024,7.37,,,87,39,2,,
1S03B,02/23/2024,7.58,,,90,39,2.1,,
1S03A,02/24/2015,7.28,,,89,35,2.24,,
1S03B,02/24/2015,7.54,,,91,35,2.14,,
1S04,02/24/2015,7.15,,,90,36,2.46,,
1S03A,02/24/2016,7.25,,,86,37,2.22,,
1S03B,02/24/2016,7.25,,,93,37,2.07,,
1S07,02/24/2016,7.48,,,89,39,1.99,,
1SCL1,02/24/2016,7.33,,,499,42,2.16,,
1S03,02/24/2017,7.35,,,100,44,1.98,,
1S03A,02/24/2017,7.18,,,97,40,2.11,,
1S03B,02/24/2017,7.4,,,101,40,2.12,,
1SCL1,02/24/2017,7.17,,,535,43,1.98,,
1S03,02/24/2018,7.24,,,97,39,1.84,,
1S03A,02/24/2018,7.25,,,95,39,2.13,,
1S03B,02/24/2018,7.41,,,98,39,2.14,,
1S03,02/24/2019,7.16,,,94,37,2.07,,
1S03A,02/24/2019,7.22,,,92,37,2.04,,
1S03B,02/24/2019,7.39,,,94,37,2.22,,
1SCH3,02/24/2019,7.25,,,449,39,1.93,,
1SCL1,02/24/2019,7.26,,,450,40,1.9,,
1S03,02/24/2020,7.24,,,109,39,2.16,,
1S03A,02/24/2020,7.3,,,97,39,2.14,,
1S03B,02/24/2020,7.3,,,109,39,2.11,,
1S03,02/24/2021,7.02,,,93,37,2.39,,
1S03A,02/24/2021,7.06,,,93,37,1.97,,
1S03B,02/24/2021,7.31,,,94,37,2.24,,
1SCL1,02/24/2021,7.18,,,389,39,2.34,,
1S03,02/24/2022,7.23,,,84,39,2.1,,
1S03A,02/24/2022,7.04,,,83,37,2.04,,
1S03B,02/24/2022,7.47,,,86,37,2.11,,
1SCH3,02/24/2022,7.39,,,86,39,2.34,,
1SCL1,02/24/2022,7.31,,,473,41,2.27,,
1S03,02/24/2023,7.18,,,88,39,2.05,,
1S03A,02/24/2023,7.13,,,86,41,2.15,,
1S03B,02/24/2023,7.29,,,91,41,2.2,,
1SCH3,02/24/2023,7.19,,,429,41,1.81,,
1SCL1,02/24/2023,7.37,,,429,45,2.42,,
1S03,02/24/2024,7.29,,,90,39,2.08,,
1S03A,02/24/2024,7.34,,,87,39,2.15,,
1S03B,02/24/2024,7.51,,,88,39,2.16,,
1S03A,02/25/2015,7.22,,,90,37,2.37,,
1S03B,02/25/2015,7.39,,,92,37,2.02,,
1S04,02/25/2015,7.35,,,91,37,1.87,,
1S03A,02/25/2016,7.25,,,89,38,2.32,,
1S03B,02/25/2016,7.43,,,93,38,2.1,,
1S07,02/25/2016,7.47,,,86,40,1.94,,
1SCL1,02/25/2016,7.38,,,506,44,2.17,,
1S03,02/25/2017,7.29,,,100,40,1.93,,
1S03A,02/25/2017,7.31,,,99,40,2.21,,
1S03B,02/25/2017,7.59,,,101,40,1.85,,
1SCL1,02/25/2017,7.17,,,507,41,2.11,,
1S03,02/25/2018,7.24,,,98,40,2.07,,
1S03A,02/25/2018,7.18,,,95,40,2.25,,
1S03B,02/25/2018,7.4,,,97,39,2.06,,
1S03,02/25/2019,7.17,,,93,37,2.18,,
1S03A,02/25/2019,7.24,,,89,41,2.22,,
1S03B,02/25/2019,7.47,,,93,36,2.27,,
1SCH3,02/25/2019,7.34,,,438,39,2.09,,
1SCL1,02/25/2019,7.35,,,446,40,2.05,,
1S03,02/25/2020,7.15,,,108,39,2.09,,
1S03A,02/25/2020,7.16,,,98,39,2.19,,
1S03B,02/25/2020,7.28,,,106,39,2.13,,
1S03,02/25/2021,7.26,,,96,37,2.14,,
1S03A,02/25/2021,7.18,,,96,37,2.08,,
1S03B,02/25/2021,7.3,,,96,37,2.11,,
1SCL1,02/25/2021,7.31,,,383,39,2.22,,
1S03,02/25/2022,7.2,,,81,37,2.06,,
1S03A,02/25/2022,7.26,,,82,37,2.06,,
1S03B,02/25/2022,7.42,,,86,37,2.14,,
1SCH3,02/25/2022,7.43,,,86,39,2.16,,
1SCL1,02/25/2022,7.32,,,467,41,2.22,,
1S03,02/25/2023,7.15,,,92,39,1.99,,
1S03A,02/25/2023,7.16,,,93,39,2.11,,
1S03B,02/25/2023,7.34,,,96,39,2.08,,
1SCH3,02/25/2023,7.23,,,449,41,1.83,,
1SCL1,02/25/2023,7.32,,,450,45,2.35,,
1S03,02/25/2024,7.36,,,87,39,2.16,,
1S03A,02/25/2024,7.32,,,87,39,2.12,,
1S03B,02/25/2024,7.52,,,89,39,2.1,,
1S03A,02/26/2015,7.4,,,90,36,2.11,,
1S03B,02/26/2015,7.49,,,91,36,2.04,,
1S04,02/26/2015,7.21,,,90,36,2.18,,
1S03A,02/26/2016,7.3,,,91,38,2.38,,
1S03B,02/26/2016,7.4,,,93,38,2.3,,
1S07,02/26/2016,7.49,,,89,39,2.07,,
1SCL1,02/26/2016,7.35,,,399,42,1.98,,
1S03,02/26/2017,7.32,,,101,41,2.05,,
1S03A,02/26/2017,7.3,,,100,39,2.12,,
1S03B,02/26/2017,7.49,,,103,39,1.87,,
1SCL1,02/26/2017,7.16,,,539,42,2.04,,
1S03,02/26/2018,7.34,,,96,41,2.07,,
1S03A,02/26/2018,7.25,,,95,40,2.16,,
1S03B,02/26/2018,7.45,,,98,40,2.03,,
1S03,02/26/2019,7.16,,,90,36,2.24,,
1S03A,02/26/2019,7.37,,,90,37,2.41,,
1S03B,02/26/2019,7.36,,,93,37,1.96,,
1SCH3,02/26/2019,7.33,,,457,39,2,,
1SCL1,02/26/2019,7.3,,,464,40,2.12,,
1S03,02/26/2020,7.23,,,104,39,2.15,,
1S03A,02/26/2020,7.23,,,97,39,2.13,,
1S03B,02/26/2020,7.38,,,106,39,2.1,,
1S03,02/26/2021,7.29,,,97,37,2.16,,
1S03A,02/26/2021,7.31,,,100,37,2.17,,
1S03B,02/26/2021,7.46,,,100,37,2.16,,
1SCL1,02/26/2021,7.31,,,370,39,2.26,,
1S03,02/26/2022,7.21,,,83,37,2.09,,
1S03A,02/26/2022,7.27,,,83,37,2.09,,
1S03B,02/26/2022,7.46,,,83,37,2.13,,
1SCH3,02/26/2022,7.51,,,87,39,2.16,,
1SCL1,02/26/2022,7.31,,,425,41,2.24,,
1S03,02/26/2023,7.2,,,96,39,2.06,,
1S03A,02/26/2023,7.15,,,94,41,2.14,,
1S03B,02/26/2023,7.37,,,98,39,2.11,,
1SCH3,02/26/2023,7.25,,,453,41,1.96,,
1SCL1,02/26/2023,7.29,,,419,43,2.37,,
1S03,02/26/2024,7.25,,,88,39,2.18,,
1S03A,02/26/2024,7.34,,,87,39,2.11,,
1S03B,02/26/2024,7.46,,,90,39,2.2,,
19000,02/27/2015,7.28,,,90,36,2.19,,
1S03B,02/27/2015,7.4,,,91,36,2.07,,
1S04,02/27/2015,7.27,,,90,37,2.13,,
1S03A,02/27/2016,7.35,,,89,38,2.19,,
1S03B,02/27/2016,7.53,,,94,39,2.1,,
1S07,02/27/2016,7.35,,,92,39,2.24,,
1SCL1,02/27/2016,7.26,,,390,41,2.25,,
1S03,02/27/2017,7.29,,,100,40,2.19,,
1S03A,02/27/2017,7.32,,,98,39,2.13,,
1S03B,02/27/2017,7.51,,,101,39,1.81,,
1SCL1,02/27/2017,7.17,,,540,42,2.09,,
1S03,02/27/2018,7.36,,,97,39,2.16,,
1S03A,02/27/2018,7.28,,,96,40,2.24,,
1S03B,02/27/2018,7.37,,,99,40,2.11,,
1S03,02/27/2019,7.25,,,92,37,2.13,,
1S03A,02/27/2019,7.27,,,88,37,2.27,,
1S03B,02/27/2019,7.27,,,93,39,2.02,,
1SCH3,02/27/2019,7.15,,,450,39,2.12,,
1SCL1,02/27/2019,7.28,,,452,39,2.08,,
1S03,02/27/2020,7.14,,,104,39,2.19,,
1S03A,02/27/2020,7.18,,,89,39,2.14,,
1S03B,02/27/2020,7.35,,,103,41,1.99,,
1S03,02/27/2021,7.29,,,96,39,2.08,,
1S03A,02/27/2021,7.3,,,97,39,2.12,,
1S03B,02/27/2021,7.4,,,98,37,2.14,,
1SCL1,02/27/2021,7.37,,,381,41,2.19,,
1S03,02/27/2022,7.35,,,85,37,2.2,,
1S03A,02/27/2022,7.24,,,86,39,2.12,,
1S03B,02/27/2022,7.4,,,88,37,2.15,,
1SCH3,02/27/2022,7.4,,,91,39,2.28,,
1SCL1,02/27/2022,7.23,,,474,41,2.26,,
1S03,02/27/2023,7.15,,,90,39,2.04,,
1S03A,02/27/2023,7.17,,,88,39,2.14,,
1S03B,02/27/2023,7.17,,,88,39,2.18,,
1SCH3,02/27/2023,7.25,,,431,41,2.05,,
1SCL1,02/27/2023,7.32,,,422,43,2.27,,
1S03,02/27/2024,7.25,,,87,39,2.02,,
1S03A,02/27/2024,7.27,,,90,39,2.14,,
1S03B,02/27/2024,7.45,,,92,39,2.15,,
1S03A,02/28/2015,7.28,,,91,36,2.13,,
1S03B,02/28/2015,7.4,,,94,36,2,,
1S04,02/28/2015,7.18,,,91,36,2.3,,
1S03A,02/28/2016,7.4,,,89,41,2.19,,
1S03B,02/28/2016,7.4,,,93,39,1.98,,
1S07,02/28/2016,7.48,,,91,39,2.04,,
1SCL1,02/28/2016,7.42,,,356,44,2.25,,
1S03,02/28/2017,7.29,,,100,42,1.93,,
1S03A,02/28/2017,7.26,,,99,40,2.19,,
1S03B,02/28/2017,7.51,,,102,40,1.87,,
1SCL1,02/28/2017,7.17,,,367,42,1.97,,
1S03,02/28/2018,7.23,,,100,40,2.04,,
1S03A,02/28/2018,7.19,,,96,41,2.23,,
1S03B,02/28/2018,7.38,,,101,41,2.16,,
1S03,02/28/2019,7.33,,,90,36,2.2,,
1S03A,02/28/2019,7.31,,,91,36,2.06,,
1S03B,02/28/2019,7.5,,,94,36,2.15,,
1SCH3,02/28/2019,7.31,,,452,39,1.99,,
1SCL1,02/28/2019,7.29,,,449,39,1.78,,
1S03,02/28/2020,7.24,,,101,39,2.19,,
1S03A,02/28/2020,7.32,,,111,39,2.1,,
1S03B,02/28/2020,7.42,,,107,39,2.03,,
1S03,02/28/2021,7.33,,,102,37,2.01,,
1S03A,02/28/2021,7.22,,,96,37,2.13,,
1S03B,02/28/2021,7.3,,,100,39,2.48,,
1SCL1,02/28/2021,7.34,,,382,41,2.21,,
1S03,02/28/2022,7.18,,,83,37,2.03,,
1S03A,02/28/2022,7.31,,,79,37,1.98,,
1S03B,02/28/2022,7.23,,,83,37,2.08,,
1SCH3,02/28/2022,7.44,,,87,39,2.17,,
1SCL1,02/28/2022,7.32,,,468,41,2.25,,
1S03,02/28/2023,7.15,,,92,39,2.01,,
1S03A,02/28/2023,7.07,,,89,39,2.03,,
1S03B,02/28/2023,7.26,,,89,39,2.03,,
1SCH3,02/28/2023,7.25,,,439,41,1.96,,
1SCL1,02/28/2023,7.36,,,430,43,2.26,,
1S03,02/28/2024,7.19,,,88,39,2.03,,
1S03A,02/28/2024,7.35,,,88,39,2.12,,
1S03B,02/28/2024,7.39,,,91,41,2.06,,
1S03A,02/29/2016,7.41,,,90,40,2.14,,
1S03B,02/29/2016,7.59,,,93,39,2.03,,
1S07,02/29/2016,7.35,,,93,39,1.89,,
1SCL1,02/29/2016,7.26,,,375,41,2.32,,
1S03,02/29/2020,7.2,,,107,43,2.25,,
1S03A,02/29/2020,7.53,,,112,39,2.17,,
1S03B,02/29/2020,7.31,,,112,39,2.14,,
1S03,02/29/2024,7.23,,,89,39,2.1,,
1S03A,02/29/2024,7.36,,,90,39,2.04,,
1S03B,02/29/2024,7.44,,,93,39,2.12,,
1S03A,03/13/2015,7.2,,,90,37,2.22,,
1S03B,03/13/2015,7.51,,,92,36,2.06,,
1S04,03/13/2015,7.2,,,91,37,2,,
1S03A,03/13/2016,7.4,,,93,41,2.22,,
1S03B,03/13/2016,7.61,,,97,42,2.04,,
1S07,03/13/2016,7.35,,,93,42,1.89,,
1SCL1,03/13/2016,7.44,,,378,43,2.16,,
1S03,03/13/2017,7.33,,,104,41,2.14,,
1S03A,03/13/2017,7.31,,,101,40,2.23,,
1S03B,03/13/2017,7.47,,,106,39,2.09,,
1S03,03/13/2018,7.31,,,101,39,1.92,,
1S03A,03/13/2018,7.33,,,100,39,2.25,,
1S03B,03/13/2018,7.41,,,103,39,2.44,,
1S03,03/13/2019,7.21,,,88,39,2.12,,
1S03A,03/13/2019,7.27,,,86,37,2.14,,
1S03B,03/13/2019,7.48,,,89,37,1.71,,
1SCH3,03/13/2019,7.29,,,438,39,1.91,,
1SCL1,03/13/2019,7.29,,,445,40,1.92,,
1S03,03/13/2020,7.26,,,107,41,2.11,,
1S03A,03/13/2020,7.25,,,101,41,2.06,,
1S03B,03/13/2020,7.34,,,107,41,2.08,,
1S03,03/13/2021,7.17,,,92,39,2.12,,
1S03A,03/13/2021,7.15,,,89,39,2.09,,
1S03B,03/13/2021,7.38,,,91,41,2.21,,
1SCL1,03/13/2021,7.33,,,419,41,1.96,,
1S03,03/13/2022,7.11,,,87,39,2.1,,
1S03A,03/13/2022,7.23,,,88,39,2.12,,
1S03B,03/13/2022,7.43,,,90,39,2.07,,
1SCH3,03/13/2022,7.2,,,89,39,2.18,,
1SCL1,03/13/2022,7.13,,,458,43,2.3,,
1S03,03/13/2023,7.22,,,89,41,2.05,,
1S03A,03/13/2023,7.21,,,84,41,2.09,,
1S03B,03/13/2023,7.34,,,88,41,2.07,,
1SCH3,03/13/2023,7.26,,,437,43,1.98,,
1SCL1,03/13/2023,7.33,,,439,45,2.25,,
1S03,03/13/2024,7.2,,,93,41,2.04,,
1S03A,03/13/2024,7.34,,,90,41,1.97,,
1S03B,03/13/2024,7.34,,,94,43,2.13,,
1S03A,03/14/2015,7.13,,,90,37,2.15,,
1S03B,03/14/2015,7.24,,,91,37,2.19,,
1S04,03/14/2015,7.18,,,91,37,1.93,,
1S03A,03/14/2016,7.49,,,90,42,2.21,,
1S03B,03/14/2016,7.68,,,96,41,2.04,,
1S07,03/14/2016,7.46,,,93,43,1.8,,
1SCL1,03/14/2016,7.43,,,372,45,2.06,,
1S03,03/14/2017,7.22,,,104,38,1.89,,
1S03A,03/14/2017,7.18,,,90,38,2.28,,
1S03B,03/14/2017,7.4,,,93,38,2.15,,
1S03,03/14/2018,7.16,,,100,38,2.37,,
1S03A,03/14/2018,7.33,,,100,39,2.4,,
1S03B,03/14/2018,7.46,,,103,38,2.09,,
1S03,03/14/2019,7.18,,,88,37,2.12,,
1S03A,03/14/2019,7.23,,,87,38,2.17,,
1S03B,03/14/2019,7.46,,,91,38,2.01,,
1SCH3,03/14/2019,7.24,,,451,39,1.9,,
1SCL1,03/14/2019,7.29,,,451,40,1.99,,
1S03,03/14/2020,7.32,,,106,41,2.07,,
1S03A,03/14/2020,7.21,,,107,41,2.27,,
1S03B,03/14/2020,7.34,,,108,41,2.16,,
1S03,03/14/2021,7.17,,,91,41,2.09,,
1S03A,03/14/2021,7.18,,,93,41,2.14,,
1S03B,03/14/2021,7.29,,,92,41,2.17,,
1SCL1,03/14/2021,7.26,,,393,41,2.11,,
1S03,03/14/2022,7.13,,,85,39,2.11,,
1S03A,03/14/2022,7.2,,,85,39,2.1,,
1S03B,03/14/2022,7.4,,,86,39,2.26,,
1SCH3,03/14/2022,7.34,,,87,39,2.25,,
1SCL1,03/14/2022,7.2,,,449,43,2.3,,
1S03,03/14/2023,7.25,,,90,41,2.07,,
1S03A,03/14/2023,7.15,,,86,41,2.01,,
1S03B,03/14/2023,7.34,,,89,41,2.08,,
1SCH3,03/14/2023,7.3,,,442,43,1.88,,
1SCL1,03/14/2023,7.34,,,439,45,2.4,,
1S03,03/14/2024,7.22,,,93,43,2,,
1S03A,03/14/2024,7.21,,,92,43,2.06,,
1S03B,03/14/2024,7.46,,,94,43,2.06,,
1S03A,03/15/2015,7.18,,,91,38,2.39,,
1S03B,03/15/2015,7.33,,,93,37,2.35,,
1S04,03/15/2015,7.24,,,92,37,2.2,,
1S03A,03/15/2016,7.43,,,94,42,2.25,,
1S03B,03/15/2016,7.58,,,98,42,2.33,,
1S07,03/15/2016,7.43,,,94,45,1.82,,
1SCL1,03/15/2016,7.34,,,414,44,2.14,,
1S03,03/15/2017,7.21,,,103,37,1.83,,
1S03A,03/15/2017,7.29,,,94,37,2.08,,
1S03B,03/15/2017,7.52,,,102,37,2.08,,
1S03,03/15/2018,7.3,,,102,40,2.24,,
1S03A,03/15/2018,7.3,,,100,39,2.29,,
1S03B,03/15/2018,7.42,,,105,38,2.02,,
1S03,03/15/2019,7.31,,,87,38,2.19,,
1S03A,03/15/2019,7.29,,,86,40,2.3,,
1S03B,03/15/2019,7.41,,,90,41,2.3,,
1SCH3,03/15/2019,7.3,,,450,40,2.07,,
1SCL1,03/15/2019,7.31,,,449,41,2,,
1S03,03/15/2020,7.18,,,108,41,1.99,,
1S03A,03/15/2020,7.28,,,107,41,2.08,,
1S03B,03/15/2020,7.38,,,109,41,1.86,,
1S03,03/15/2021,7.28,,,95,39,2.05,,
1S03A,03/15/2021,7.15,,,96,37,2.12,,
1S03B,03/15/2021,7.4,,,96,39,2.17,,
1SCL1,03/15/2021,7.38,,,361,41,2.15,,
1S03,03/15/2022,7.13,,,84,39,2.16,,
1S03A,03/15/2022,7.31,,,84,39,2.18,,
1S03B,03/15/2022,7.29,,,86,41,2.02,,
1SCH3,03/15/2022,7.27,,,87,41,2.27,,
1SCL1,03/15/2022,7.25,,,457,43,2.2,,
1S03,03/15/2023,7.09,,,88,39,2.05,,
1S03A,03/15/2023,7.12,,,89,39,2,,
1S03B,03/15/2023,7.35,,,93,43,1.94,,
1SCH3,03/15/2023,7.34,,,446,41,1.9,,
1SCL1,03/15/2023,7.31,,,441,45,2.45,,
1S03,03/15/2024,7.25,,,94,43,2.15,,
1S03A,03/15/2024,7.36,,,91,43,2.15,,
1S03B,03/15/2024,7.48,,,93,43,2.19,,
1S03A,03/16/2015,7.18,,,91,37,2.38,,
1S03B,03/16/2015,7.33,,,93,36,2.34,,
1S04,03/16/2015,7.23,,,92,38,2.28,,
1S03A,03/16/2016,7.47,,,92,43,2.09,,
1S03B,03/16/2016,7.72,,,97,43,2.11,,
1S07,03/16/2016,7.42,,,95,45,2.36,,
1SCL1,03/16/2016,7.61,,,424,45,2.17,,
1S03,03/16/2017,7.33,,,102,37,1.9,,
1S03A,03/16/2017,7.21,,,100,37,2.13,,
1S03B,03/16/2017,7.41,,,104,37,2.05,,
1S03,03/16/2018,7.17,,,100,39,2,,
1S03A,03/16/2018,7.3,,,100,40,2.23,,
1S03B,03/16/2018,7.36,,,104,39,2.06,,
1S03,03/16/2019,7.23,,,91,39,2.18,,
1S03A,03/16/2019,7.23,,,88,38,2.09,,
1S03B,03/16/2019,7.51,,,90,40,1.84,,
1SCH3,03/16/2019,7.26,,,454,40,1.94,,
1SCL1,03/16/2019,7.31,,,455,41,2.03,,
1S03,03/16/2020,7.22,,,108,41,2.08,,
1S03A,03/16/2020,7.21,,,104,43,2.14,,
1S03B,03/16/2020,7.42,,,109,43,2.07,,
1S03,03/16/2021,7.26,,,98,39,2.14,,
1S03A,03/16/2021,7.26,,,96,39,2.08,,
1S03B,03/16/2021,7.42,,,99,37,2.19,,
1SCL1,03/16/2021,7.27,,,351,41,2.2,,
1S03,03/16/2022,7.12,,,86,41,2.11,,
1S03A,03/16/2022,7.17,,,85,41,2.12,,
1S03B,03/16/2022,7.36,,,87,41,2.12,,
1SCH3,03/16/2022,7.37,,,87,39,2.12,,
1SCL1,03/16/2022,7.17,,,446,43,2.3,,
1S03,03/16/2023,7.16,,,89,41,2.04,,
1S03A,03/16/2023,7.19,,,88,41,2.13,,
1S03B,03/16/2023,7.36,,,88,41,2.12,,
1SCH3,03/16/2023,7.39,,,447,43,1.99,,
1SCL1,03/16/2023,7.43,,,448,45,2.32,,
1S03,03/16/2024,7.23,,,93,45,2.11,,
1S03A,03/16/2024,7.37,,,92,43,2.17,,
1S03B,03/16/2024,7.59,,,94,43,2.15,,
1S03A,03/17/2015,7.21,,,91,38,2.17,,
1S03B,03/17/2015,7.45,,,94,37,2.08,,
1S04,03/17/2015,7.3,,,93,37,2.32,,
1S03A,03/17/2016,7.44,,,93,44,2.3,,
1S03B,03/17/2016,7.61,,,98,43,2.12,,
1S07,03/17/2016,7.5,,,96,44,1.99,,
1SCL1,03/17/2016,7.39,,,392,45,2.06,,
1S03,03/17/2017,7.34,,,101,37,2.21,,
1S03A,03/17/2017,7.31,,,100,38,2.05,,
1S03B,03/17/2017,7.44,,,103,38,2.07,,
1S03,03/17/2018,7.28,,,104,42,2.34,,
1S03A,03/17/2018,7.22,,,102,40,2.36,,
1S03B,03/17/2018,7.28,,,105,42,2.34,,
1S03,03/17/2019,7.23,,,90,40,2.15,,
1S03A,03/17/2019,7.22,,,87,40,2.15,,
1S03B,03/17/2019,7.48,,,89,40,1.66,,
1SCH3,03/17/2019,7.27,,,456,41,2.01,,
1SCL1,03/17/2019,7.32,,,456,43,1.97,,
1S03,03/17/2020,7.25,,,105,41,2.13,,
1S03A,03/17/2020,7.3,,,103,41,2.08,,
1S03B,03/17/2020,7.47,,,105,41,1.98,,
1S03,03/17/2021,7.19,,,96,39,2.04,,
1S03A,03/17/2021,7.2,,,95,39,2.12,,
1S03B,03/17/2021,7.47,,,98,37,2.1,,
1SCH3,03/17/2021,7.32,,,420,41,1.76,,
1SCL1,03/17/2021,7.3,,,406,41,1.7,,
1S03,03/17/2022,7.18,,,83,41,2.15,,
1S03A,03/17/2022,7.22,,,85,41,2.21,,
1S03B,03/17/2022,7.42,,,86,41,1.82,,
1SCH3,03/17/2022,7.33,,,86,41,2.36,,
1SCL1,03/17/2022,7.18,,,455,43,2.47,,
1S03,03/17/2023,7.16,,,89,41,2.02,,
1S03A,03/17/2023,7.2,,,87,41,2.13,,
1S03B,03/17/2023,7.32,,,89,41,2.16,,
1SCL1,03/17/2023,7.53,,,318,45,2.03,,
1S03,03/17/2024,7.3,,,94,43,2.11,,
1S03A,03/17/2024,7.34,,,92,43,2.1,,
1S03B,03/17/2024,7.53,,,94,43,2.21,,
1S03A,03/18/2015,7.25,,,92,37,2.17,,
1S03B,03/18/2015,7.5,,,95,37,2.09,,
1S04,03/18/2015,7.3,,,93,36,2.21,,
1S03A,03/18/2016,7.49,,,93,42,2.25,,
1S03B,03/18/2016,7.6,,,97,43,2.16,,
1S07,03/18/2016,7.32,,,96,44,1.82,,
1SCL1,03/18/2016,7.36,,,320,44,2.01,,
1S03,03/18/2017,7.37,,,103,40,1.77,,
1S03A,03/18/2017,7.3,,,100,39,2.21,,
1S03B,03/18/2017,7.54,,,101,38,2.06,,
1S03,03/18/2018,7.3,,,103,39,2.04,,
1S03A,03/18/2018,7.22,,,103,39,2.28,,
1S03B,03/18/2018,7.42,,,106,38,2.11,,
1S03,03/18/2019,7.3,,,88,39,2.16,,
1S03A,03/18/2019,7.36,,,87,41,1.96,,
1S03B,03/18/2019,7.16,,,90,40,1.97,,
1SCH3,03/18/2019,7.28,,,455,41,1.84,,
1SCL1,03/18/2019,7.3,,,453,42,2.04,,
1S03,03/18/2020,7.32,,,104,41,2.24,,
1S03A,03/18/2020,7.2,,,101,43,2.09,,
1S03B,03/18/2020,7.4,,,105,43,2.14,,
1S03,03/18/2021,7.27,,,97,39,1.97,,
1S03A,03/18/2021,7.25,,,95,39,2.17,,
1S03B,03/18/2021,7.37,,,98,39,2.24,,
1SCH3,03/18/2021,7.33,,,479,39,1.88,,
1SCL1,03/18/2021,7.3,,,476,41,2.29,,
1S03,03/18/2022,7.15,,,85,41,1.99,,
1S03A,03/18/2022,7.17,,,83,41,2.08,,
1S03B,03/18/2022,7.34,,,87,41,2.17,,
1SCH3,03/18/2022,7.33,,,86,41,2.08,,
1SCL1,03/18/2022,7.18,,,452,43,2.18,,
1S03,03/18/2023,6.99,,,90,41,2.09,,
1S03A,03/18/2023,6.99,,,86,41,2.19,,
1S03B,03/18/2023,7.15,,,88,41,2.23,,
1SCL1,03/18/2023,7.36,,,312,46,2.08,,
1S03,03/18/2024,7.21,,,94,45,2.14,,
1S03A,03/18/2024,7.37,,,92,43,2.09,,
1S03B,03/18/2024,7.48,,,95,43,2.12,,
1S03A,03/19/2015,7.31,,,93,37,2.16,,
1S03B,03/19/2015,7.54,,,96,37,2.07,,
1S04,03/19/2015,7.21,,,94,36,2.1,,
1S03A,03/19/2016,7.5,,,94,42,2.19,,
1S03B,03/19/2016,7.51,,,98,42,2.2,,
1S07,03/19/2016,7.57,,,92,43,1.97,,
1SCL1,03/19/2016,7.5,,,299,44,2.02,,
1S03,03/19/2017,7.37,,,100,38,2.18,,
1S03A,03/19/2017,7.23,,,100,38,2.23,,
1S03B,03/19/2017,7.43,,,102,38,2.16,,
1S03,03/19/2018,7.29,,,104,39,1.86,,
1S03A,03/19/2018,7.24,,,101,39,2.1,,
1S03B,03/19/2018,7.35,,,104,39,2.3,,
1S03,03/19/2019,7.17,,,90,39,2.19,,
1S03A,03/19/2019,7.16,,,87,39,1.97,,
1S03B,03/19/2019,7.38,,,91,41,1.7,,
1SCH3,03/19/2019,7.32,,,452,40,1.93,,
1SCL1,03/19/2019,7.31,,,454,41,2.03,,
1S03,03/19/2020,7.26,,,105,41,2.13,,
1S03A,03/19/2020,7.1,,,103,43,2.15,,
1S03B,03/19/2020,7.3,,,106,43,2.19,,
1S03,03/19/2021,7.24,,,97,39,2.1,,
1S03A,03/19/2021,7.13,,,89,39,2.11,,
1S03B,03/19/2021,7.42,,,92,39,2.03,,
1SCH3,03/19/2021,7.27,,,490,39,1.67,,
1SCL1,03/19/2021,7.33,,,495,41,2.08,,
1S03,03/19/2022,7.21,,,87,43,2,,
1S03A,03/19/2022,7.2,,,86,41,2.1,,
1S03B,03/19/2022,7.4,,,89,43,2.16,,
1SCH3,03/19/2022,7.38,,,92,41,2.15,,
1SCL1,03/19/2022,7.2,,,467,45,2.15,,
1S03,03/19/2023,7.14,,,86,41,2.06,,
1S03A,03/19/2023,7.19,,,87,41,2.15,,
1S03B,03/19/2023,7.36,,,87,41,2.16,,
1SCL1,03/19/2023,7.55,,,337,45,2.1,,
1S03,03/19/2024,7.15,,,95,43,2.22,,
1S03A,03/19/2024,7.28,,,92,43,2.02,,
1S03B,03/19/2024,7.35,,,96,43,2.1,,
1S03A,03/20/2015,7.28,,,94,38,2.18,,
1S03B,03/20/2015,7.51,,,97,37,2.13,,
1S04,03/20/2015,7.35,,,96,37,2.14,,
1S03A,03/20/2016,7.44,,,93,42,2.15,,
1S03B,03/20/2016,7.61,,,99,41,2,,
1S07,03/20/2016,7.32,,,93,42,2.12,,
1SCL1,03/20/2016,7.44,,,278,43,2.23,,
1S03,03/20/2017,7.27,,,104,39,1.94,,
1S03A,03/20/2017,7.31,,,100,38,2.03,,
1S03B,03/20/2017,7.33,,,102,39,2.04,,
1S03,03/20/2018,7.19,,,105,39,2.2,,
1S03A,03/20/2018,7.32,,,103,39,2.32,,
1S03B,03/20/2018,7.3,,,105,38,2.24,,
1S03,03/20/2019,7.22,,,89,38,2.2,,
1S03A,03/20/2019,7.17,,,84,41,1.89,,
1S03B,03/20/2019,7.38,,,89,40,1.93,,
1SCH3,03/20/2019,7.25,,,447,41,2.18,,
1SCL1,03/20/2019,7.26,,,450,41,2.04,,
1S03,03/20/2020,7.3,,,106,41,2.13,,
1S03A,03/20/2020,7.22,,,94,43,2.11,,
1S03B,03/20/2020,7.37,,,100,43,2.16,,
1S03,03/20/2021,7.25,,,95,39,2.25,,
1S03A,03/20/2021,7.23,,,91,39,2.15,,
1S03B,03/20/2021,7.37,,,95,39,2.32,,
1SCH3,03/20/2021,7.2,,,467,41,2.1,,
1SCL1,03/20/2021,7.26,,,471,41,1.62,,
1S03,03/20/2022,7.19,,,86,43,2.06,,
1S03A,03/20/2022,7.15,,,86,41,2.14,,
1S03B,03/20/2022,7.33,,,88,41,2.07,,
1SCH3,03/20/2022,7.34,,,86,43,2.18,,
1SCL1,03/20/2022,7.21,,,460,46,2.3,,
1S03,03/20/2023,7.18,,,86,41,2.04,,
1S03A,03/20/2023,7.23,,,86,41,2.12,,
1S03B,03/20/2023,7.4,,,88,41,2.15,,
1SCL1,03/20/2023,7.51,,,266,45,2.15,,
1S03,03/20/2024,7.24,,,94,43,2,,
1S03A,03/20/2024,7.25,,,92,43,2.03,,
1S03B,03/20/2024,7.39,,,96,43,2.06,,
1S03A,03/21/2015,7.3,,,94,38,2.12,,
1S03B,03/21/2015,7.54,,,98,37,1.98,,
1S04,03/21/2015,7.43,,,94,37,1.81,,
1S03A,03/21/2016,7.47,,,91,44,2.22,,
1S03B,03/21/2016,7.65,,,98,44,2.04,,
1S07,03/21/2016,7.41,,,96,43,2.2,,
1SCL1,03/21/2016,7.3,,,325,44,2.06,,
1S03,03/21/2017,7.41,,,104,40,1.93,,
1S03A,03/21/2017,7.32,,,102,40,2.06,,
1S03B,03/21/2017,7.35,,,104,39,2.16,,
1S03,03/21/2018,7.28,,,105,39,2.16,,
1S03A,03/21/2018,7.21,,,94,39,2.21,,
1S03B,03/21/2018,7.36,,,102,39,2.36,,
1S03,03/21/2019,7.19,,,89,39,2.26,,
1S03A,03/21/2019,7.12,,,83,40,1.91,,
1S03B,03/21/2019,7.28,,,87,40,1.9,,
1S03,03/21/2020,7.25,,,102,43,1.97,,
1S03A,03/21/2020,7.27,,,104,41,2.13,,
1S03B,03/21/2020,7.34,,,105,41,2.13,,
1S03,03/21/2021,7.21,,,96,39,2.03,,
1S03A,03/21/2021,7.29,,,91,39,2.11,,
1S03B,03/21/2021,7.48,,,95,41,1.94,,
1SCH3,03/21/2021,7.34,,,474,41,2.28,,
1SCL1,03/21/2021,7.38,,,460,41,1.87,,
1S03,03/21/2022,7.18,,,85,43,2.09,,
1S03A,03/21/2022,7.17,,,86,41,1.94,,
1S03B,03/21/2022,7.32,,,87,43,2.14,,
1SCH3,03/21/2022,7.43,,,89,41,2.27,,
1SCL1,03/21/2022,7.18,,,454,45,2.06,,
1S03,03/21/2023,7.11,,,84,41,2.01,,
1S03A,03/21/2023,7.18,,,84,41,2.11,,
1S03B,03/21/2023,7.34,,,87,41,1.88,,
1SCL1,03/21/2023,7.44,,,271,45,2.16,,
1S03,03/21/2024,7.27,,,94,43,2.02,,
1S03A,03/21/2024,7.32,,,92,43,2.01,,
1S03B,03/21/2024,7.4,,,96,43,2.14,,
1S03A,03/22/2015,7.15,,,93,37,2.06,,
1S03B,03/22/2015,7.41,,,98,37,2.01,,
1S04,03/22/2015,7.27,,,96,38,1.88,,
1S03A,03/22/2016,7.41,,,94,41,2.09,,
1S03B,03/22/2016,7.78,,,99,41,2.07,,
1S07,03/22/2016,7.59,,,97,42,2.01,,
1SCL1,03/22/2016,7.33,,,533,46,2.03,,
1S03,03/22/2017,7.24,,,101,39,2.08,,
1S03A,03/22/2017,7.23,,,101,39,2.17,,
1S03B,03/22/2017,7.41,,,101,39,2.18,,
1S03,03/22/2018,7.26,,,100,38,2.12,,
1S03A,03/22/2018,7.29,,,95,38,2.2,,
1S03B,03/22/2018,7.39,,,99,38,2.21,,
1S03,03/22/2019,7.26,,,87,39,2.04,,
1S03A,03/22/2019,7.16,,,85,39,2,,
1S03B,03/22/2019,7.32,,,89,41,1.99,,
1S03,03/22/2020,7.26,,,105,45,2.11,,
1S03A,03/22/2020,7.22,,,100,43,2.13,,
1S03B,03/22/2020,7.37,,,101,43,2.12,,
1S03,03/22/2021,7.22,,,95,41,2.05,,
1S03A,03/22/2021,7.26,,,92,39,2.1,,
1S03B,03/22/2021,7.43,,,93,39,2.07,,
1SCH3,03/22/2021,7.36,,,476,41,2.36,,
1SCL1,03/22/2021,7.32,,,476,41,1.92,,
1S03,03/22/2022,7.15,,,86,43,2.07,,
1S03A,03/22/2022,7.17,,,87,41,2.12,,
1S03B,03/22/2022,7.35,,,89,41,2.15,,
1SCH3,03/22/2022,7.32,,,89,41,2.08,,
1SCL1,03/22/2022,7.2,,,456,45,2.36,,
1S03,03/22/2023,7.08,,,89,41,2.02,,
1S03A,03/22/2023,7.07,,,86,41,2.12,,
1S03B,03/22/2023,7.39,,,87,43,2.25,,
1SCL1,03/22/2023,7.39,,,320,45,2.06,,
1S03,03/22/2024,7.28,,,95,43,2.07,,
1S03A,03/22/2024,7.32,,,92,43,2.16,,
1S03B,03/22/2024,7.4,,,96,43,2.19,,
1S03A,03/23/2015,7.22,,,94,38,2.16,,
1S03B,03/23/2015,7.46,,,98,37,2.04,,
1S04,03/23/2015,7.24,,,97,37,2.04,,
1S03A,03/23/2016,7.45,,,92,43,2.15,,
1S03B,03/23/2016,7.7,,,98,42,2.14,,
1S07,03/23/2016,7.56,,,96,42,1.93,,
1SCL1,03/23/2016,7.36,,,520,45,2.08,,
1S03,03/23/2017,7.23,,,101,38,1.96,,
1S03A,03/23/2017,7.26,,,102,38,2.18,,
1S03B,03/23/2017,7.52,,,106,38,2.03,,
1S03,03/23/2018,7.27,,,101,39,1.97,,
1S03A,03/23/2018,7.3,,,100,39,2.15,,
1S03B,03/23/2018,7.36,,,104,39,2.04,,
1S03,03/23/2019,7.21,,,89,40,2.28,,
1S03A,03/23/2019,7.06,,,86,39,2.11,,
1S03B,03/23/2019,7.43,,,88,39,2.02,,
1S03,03/23/2020,7.24,,,105,43,2.07,,
1S03A,03/23/2020,7.38,,,101,43,2.13,,
1S03B,03/23/2020,7.34,,,106,45,2.09,,
1S03,03/23/2021,7.29,,,95,41,2.49,,
1S03A,03/23/2021,7.1,,,90,41,2.12,,
1S03B,03/23/2021,7.34,,,93,41,2.07,,
1SCH3,03/23/2021,7.36,,,485,41,2.32,,
1SCL1,03/23/2021,7.3,,,483,41,2.31,,
1S03,03/23/2022,7.18,,,88,41,1.98,,
1S03A,03/23/2022,7.28,,,85,43,1.95,,
1S03B,03/23/2022,7.34,,,87,41,2.07,,
1SCH3,03/23/2022,7.4,,,89,43,1.94,,
1SCL1,03/23/2022,7.17,,,462,45,2.05,,
1S03,03/23/2023,7.11,,,88,43,2.01,,
1S03A,03/23/2023,7.21,,,87,41,2.1,,
1S03B,03/23/2023,7.38,,,89,41,2.11,,
1SCL1,03/23/2023,7.44,,,308,46,2.12,,
1S03,03/23/2024,7.27,,,94,43,2.08,,
1S03A,03/23/2024,7.35,,,93,43,2.06,,
1S03B,03/23/2024,7.53,,,96,43,2.12,,
1S03A,03/24/2015,7.2,,,95,37,2.25,,
1S03B,03/24/2015,7.39,,,98,37,2.1,,
1S04,03/24/2015,7.35,,,97,38,1.94,,
1S03A,03/24/2016,7.45,,,95,42,2.19,,
1S03B,03/24/2016,7.66,,,99,42,2.1,,
1S07,03/24/2016,7.52,,,98,43,1.93,,
1SCL1,03/24/2016,7.39,,,478,44,1.91,,
1S03,03/24/2017,7.33,,,101,40,2.01,,
1S03A,03/24/2017,7.27,,,101,39,1.98,,
1S03B,03/24/2017,7.44,,,104,39,2.02,,
1S03,03/24/2018,7.28,,,104,39,2.08,,
1S03A,03/24/2018,7.31,,,104,39,1.94,,
1S03B,03/24/2018,7.49,,,105,39,2.04,,
1S03,03/24/2019,7.27,,,87,41,2.14,,
1S03A,03/24/2019,7.36,,,87,42,2.01,,
1S03B,03/24/2019,7.45,,,90,40,2.09,,
1S03,03/24/2020,7.25,,,97,41,2.13,,
1S03A,03/24/2020,7.2,,,88,41,2.11,,
1S03B,03/24/2020,7.37,,,99,41,2.17,,
1S03,03/24/2021,7.32,,,92,41,2.16,,
1S03A,03/24/2021,7.18,,,89,39,2.12,,
1S03B,03/24/2021,7.4,,,95,41,1.93,,
1SCH3,03/24/2021,7.33,,,486,41,2.15,,
1SCL1,03/24/2021,7.33,,,488,43,2.22,,
1S03,03/24/2022,7.15,,,85,41,2.04,,
1S03A,03/24/2022,7.17,,,85,41,2.06,,
1S03B,03/24/2022,7.31,,,88,41,2.08,,
1SCH3,03/24/2022,7.39,,,87,43,2.03,,
1SCL1,03/24/2022,7.35,,,414,45,2.6,,
1S03,03/24/2023,7.12,,,88,43,1.98,,
1S03A,03/24/2023,7.13,,,87,43,2.03,,
1S03B,03/24/2023,7.21,,,92,41,2.09,,
1SCL1,03/24/2023,7.43,,,291,45,2.16,,
1S03,03/24/2024,7.33,,,90,43,2.06,,
1S03A,03/24/2024,7.4,,,86,43,2.03,,
1S03B,03/24/2024,7.51,,,90,43,2.11,,
1S03A,03/25/2015,7.14,,,96,38,2.19,,
1S03B,03/25/2015,7.32,,,98,37,2.08,,
1S04,03/25/2015,7.29,,,98,38,2,,
1S03A,03/25/2016,7.41,,,92,43,2.26,,
1S03B,03/25/2016,7.81,,,97,44,1.86,,
1S07,03/25/2016,7.38,,,95,43,2.25,,
1SCL1,03/25/2016,7.31,,,501,45,1.95,,
1S03,03/25/2017,7.34,,,104,39,1.91,,
1S03A,03/25/2017,7.24,,,102,39,2.12,,
1S03B,03/25/2017,7.53,,,105,40,2.13,,
1S03,03/25/2018,7.12,,,105,39,2.02,,
1S03A,03/25/2018,7.27,,,104,39,2.14,,
1S03B,03/25/2018,7.28,,,105,39,1.95,,
1S03,03/25/2019,7.29,,,86,40,2.23,,
1S03A,03/25/2019,7.18,,,85,39,2.13,,
1S03B,03/25/2019,7.42,,,89,39,2.2,,
1S03,03/25/2020,7.21,,,100,41,2.12,,
1S03A,03/25/2020,7.2,,,86,41,2.1,,
1S03B,03/25/2020,7.41,,,91,43,2.17,,
1S03,03/25/2021,7.3,,,92,43,2.07,,
1S03A,03/25/2021,7.26,,,91,41,2,,
1S03B,03/25/2021,7.33,,,92,43,2.25,,
1SCH3,03/25/2021,7.37,,,491,41,2.35,,
1SCL1,03/25/2021,7.31,,,486,43,2.14,,
1S03,03/25/2022,7.22,,,86,43,1.98,,
1S03A,03/25/2022,7.11,,,85,43,2.01,,
1S03B,03/25/2022,7.27,,,88,43,2.19,,
1SCH3,03/25/2022,7.25,,,88,43,2.14,,
1SCL1,03/25/2022,7.3,,,449,45,2.46,,
1S03,03/25/2023,7.09,,,91,43,2.03,,
1S03A,03/25/2023,7.15,,,87,43,1.98,,
1S03B,03/25/2023,7.3,,,89,43,2.03,,
1SCL1,03/25/2023,7.42,,,320,45,2.08,,
1S03,03/25/2024,7.21,,,89,43,2.06,,
1S03A,03/25/2024,7.46,,,84,43,2.05,,
1S03B,03/25/2024,7.43,,,89,43,2.08,,
1S03A,03/26/2015,7.15,,,96,38,2.18,,
1S03B,03/26/2015,7.32,,,99,38,1.95,,
1S04,03/26/2015,7.16,,,98,38,2.31,,
1S03A,03/26/2016,7.3,,,93,42,2.27,,
1S03B,03/26/2016,7.57,,,94,42,1.93,,
1S07,03/26/2016,7.49,,,98,44,2.08,,
1SCL1,03/26/2016,7.34,,,515,44,1.98,,
1S03,03/26/2017,7.37,,,106,40,1.84,,
1S03A,03/26/2017,7.19,,,102,39,2.18,,
1S03B,03/26/2017,7.43,,,104,39,1.85,,
1S03,03/26/2018,7.26,,,105,40,2.19,,
1S03A,03/26/2018,7.34,,,104,40,2.06,,
1S03B,03/26/2018,7.36,,,107,40,1.91,,
1S03,03/26/2019,7.27,,,88,39,2.41,,
1S03A,03/26/2019,7.24,,,86,40,2.02,,
1S03B,03/26/2019,7.35,,,88,40,2.25,,
1S03,03/26/2020,7.19,,,96,41,2.22,,
1S03A,03/26/2020,7.18,,,86,43,2.1,,
1S03B,03/26/2020,7.34,,,88,43,2.06,,
1S03,03/26/2021,7.22,,,92,43,1.99,,
1S03A,03/26/2021,7.23,,,90,43,2.08,,
1S03B,03/26/2021,7.39,,,91,43,2.13,,
1SCH3,03/26/2021,7.33,,,483,43,2.3,,
1SCL1,03/26/2021,7.31,,,481,43,2.13,,
1S03,03/26/2022,7.21,,,88,41,2.17,,
1S03A,03/26/2022,7.28,,,87,43,1.99,,
1S03B,03/26/2022,7.35,,,91,43,2.14,,
1SCH3,03/26/2022,7.34,,,92,43,2.14,,
1SCL1,03/26/2022,7.33,,,466,45,2.25,,
1S03,03/26/2023,7.16,,,90,43,2,,
1S03A,03/26/2023,7.19,,,87,43,2.06,,
1S03B,03/26/2023,7.35,,,91,43,2.07,,
1SCL1,03/26/2023,7.5,,,298,46,2.12,,
1S03,03/26/2024,7.22,,,85,43,2.04,,
1S03A,03/26/2024,7.33,,,83,43,2.15,,
1S03B,03/26/2024,7.43,,,89,43,1.99,,
1S03A,03/27/2015,7.11,,,96,38,2.1,,
1S03B,03/27/2015,7.32,,,97,38,2.19,,
1S04,03/27/2015,7.3,,,98,39,2.08,,
1S03A,03/27/2016,7.46,,,95,44,2.1,,
1S03B,03/27/2016,7.76,,,99,43,1.97,,
1S07,03/27/2016,7.5,,,98,44,1.98,,
1SCL1,03/27/2016,7.33,,,512,45,2.09,,
1S03,03/27/2017,7.27,,,105,41,2.06,,
1S03A,03/27/2017,7.27,,,100,40,2.16,,
1S03B,03/27/2017,7.48,,,107,40,2.12,,
1S03,03/27/2018,7.17,,,106,41,2.06,,
1S03A,03/27/2018,7.3,,,103,40,2.09,,
1S03B,03/27/2018,7.44,,,107,40,1.96,,
1S03,03/27/2019,7.22,,,87,41,1.97,,
1S03A,03/27/2019,7.23,,,84,40,2.16,,
1S03B,03/27/2019,7.48,,,88,42,2.24,,
1S03,03/27/2020,7.19,,,96,43,2.06,,
1S03A,03/27/2020,7.25,,,100,43,2.28,,
1S03B,03/27/2020,7.39,,,100,43,2.26,,
1S03,03/27/2021,7.13,,,95,43,2.16,,
1S03A,03/27/2021,7.21,,,90,41,2.12,,
1S03B,03/27/2021,7.48,,,92,41,2.23,,
1SCH3,03/27/2021,7.34,,,485,41,2.48,,
1SCL1,03/27/2021,7.36,,,483,43,2.26,,
1S03,03/27/2022,7.13,,,87,43,2.12,,
1S03A,03/27/2022,7.16,,,87,41,2.05,,
1S03B,03/27/2022,7.44,,,89,43,2.06,,
1SCH3,03/27/2022,7.39,,,90,41,1.96,,
1SCL1,03/27/2022,7.36,,,473,45,2.29,,
1S03,03/27/2023,7.16,,,90,43,1.97,,
1S03A,03/27/2023,7.18,,,88,43,2.05,,
1S03B,03/27/2023,7.35,,,91,43,2.14,,
1SCL1,03/27/2023,7.46,,,328,46,2.07,,
1S03,03/27/2024,7.27,,,87,43,2.01,,
1S03A,03/27/2024,7.37,,,90,43,2.02,,
1S03B,03/27/2024,7.48,,,90,45,2.05,,
1S03A,03/28/2015,7.3,,,96,39,2.11,,
1S03B,03/28/2015,7.36,,,99,39,2.19,,
1S04,03/28/2015,7.28,,,98,39,2.01,,
1S03A,03/28/2016,7.51,,,92,47,2.1,,
1S03B,03/28/2016,7.75,,,99,45,1.94,,
1S07,03/28/2016,7.48,,,97,44,1.88,,
1SCL1,03/28/2016,7.34,,,509,45,2.13,,
1S03,03/28/2017,7.33,,,104,41,2.11,,
1S03A,03/28/2017,7.24,,,99,41,2.16,,
1S03B,03/28/2017,7.5,,,105,40,2.06,,
1S03,03/28/2018,7.22,,,106,41,2.26,,
1S03A,03/28/2018,7.29,,,104,41,2.16,,
1S03B,03/28/2018,7.39,,,108,41,1.84,,
1S03,03/28/2019,7.22,,,87,41,2.01,,
1S03A,03/28/2019,7.26,,,83,40,2.09,,
1S03B,03/28/2019,7.5,,,88,41,2.25,,
1S03,03/28/2020,7.37,,,98,43,2.19,,
1S03A,03/28/2020,7.39,,,100,43,2.21,,
1S03B,03/28/2020,7.51,,,101,43,2.13,,
1S03,03/28/2021,7.23,,,96,43,2.05,,
1S03A,03/28/2021,7.25,,,92,43,2.1,,
1S03B,03/28/2021,7.34,,,91,43,2.19,,
1SCH3,03/28/2021,7.23,,,484,43,2.32,,
1SCL1,03/28/2021,7.22,,,486,43,2.07,,
1S03,03/28/2022,7.14,,,87,41,2.07,,
1S03A,03/28/2022,7.24,,,87,43,2.13,,
1S03B,03/28/2022,7.45,,,89,41,2.16,,
1SCH3,03/28/2022,7.44,,,89,43,2.21,,
1SCL1,03/28/2022,7.33,,,467,45,2.13,,
1S03,03/28/2023,7.13,,,91,43,2.02,,
1S03A,03/28/2023,7.22,,,88,43,2.08,,
1S03B,03/28/2023,7.29,,,91,43,2.07,,
1SCL1,03/28/2023,7.51,,,294,46,2.06,,
1S03,03/28/2024,7.31,,,90,43,1.93,,
1S03A,03/28/2024,7.42,,,90,43,2.18,,
1S03B,03/28/2024,7.55,,,93,45,2.16,,
1S03A,03/29/2015,7.27,,,96,39,2.02,,
1S03B,03/29/2015,7.45,,,95,38,1.92,,
1S04,03/29/2015,7.33,,,98,38,1.93,,
1S03A,03/29/2016,7.37,,,93,43,2.25,,
1S03B,03/29/2016,7.68,,,99,45,2.27,,
1S07,03/29/2016,7.42,,,93,44,2.23,,
1SCL1,03/29/2016,7.13,,,499,45,2.38,,
1S03,03/29/2017,7.36,,,102,42,1.95,,
1S03A,03/29/2017,7.27,,,99,41,2.15,,
1S03B,03/29/2017,7.46,,,105,41,1.94,,
1S03,03/29/2018,7.31,,,107,41,2.15,,
1S03A,03/29/2018,7.35,,,105,41,2.03,,
1S03B,03/29/2018,7.44,,,108,41,1.95,,
1S03,03/29/2019,7.25,,,88,43,2.19,,
1S03A,03/29/2019,7.16,,,85,41,2.38,,
1S03B,03/29/2019,7.49,,,89,41,2.12,,
1S03,03/29/2020,7.23,,,96,45,2.13,,
1S03A,03/29/2020,7.15,,,96,45,2.07,,
1S03B,03/29/2020,7.31,,,96,45,1.99,,
1S03,03/29/2021,7.29,,,95,45,2.09,,
1S03A,03/29/2021,7.3,,,89,45,2.12,,
1S03B,03/29/2021,7.39,,,95,43,2.17,,
1SCH3,03/29/2021,7.39,,,489,43,2.31,,
1SCL1,03/29/2021,7.33,,,489,45,2.1,,
1S03,03/29/2022,7.09,,,86,41,1.93,,
1S03A,03/29/2022,7.25,,,85,43,2.26,,
1S03B,03/29/2022,7.33,,,89,41,2.08,,
1SCH3,03/29/2022,7.45,,,90,43,2.13,,
1SCL1,03/29/2022,7.36,,,459,45,2.38,,
1S03,03/29/2023,7.13,,,91,43,1.98,,
1S03A,03/29/2023,7.08,,,89,43,2.07,,
1S03B,03/29/2023,7.2,,,92,45,2.11,,
1SCL1,03/29/2023,7.39,,,284,46,2.15,,
1S03,03/29/2024,7.34,,,92,43,2.06,,
1S03A,03/29/2024,7.33,,,91,45,2.09,,
1S03B,03/29/2024,7.49,,,93,45,2.09,,
1S03A,03/30/2015,7.23,,,97,39,2.2,,
1S03B,03/30/2015,7.44,,,98,39,2.05,,
1S04,03/30/2015,7.23,,,98,39,2.1,,
1S03A,03/30/2016,7.4,,,94,44,2.18,,
1S03B,03/30/2016,7.49,,,99,45,2.23,,
1S07,03/30/2016,7.3,,,95,44,2.2,,
1SCL1,03/30/2016,7.24,,,504,46,2.25,,
1S03,03/30/2017,7.34,,,106,41,1.91,,
1S03A,03/30/2017,7.24,,,100,41,2.2,,
1S03B,03/30/2017,7.49,,,106,41,2.01,,
1S03,03/30/2018,7.17,,,104,42,1.81,,
1S03A,03/30/2018,7.3,,,103,41,1.94,,
1S03B,03/30/2018,7.44,,,107,41,1.87,,
1S03,03/30/2019,7.25,,,83,41,2.46,,
1S03A,03/30/2019,7.32,,,84,40,2.13,,
1S03B,03/30/2019,7.49,,,87,41,1.97,,
1S03,03/30/2020,7.26,,,101,45,2.07,,
1S03A,03/30/2020,7.29,,,100,45,2.07,,
1S03B,03/30/2020,7.39,,,102,45,2.1,,
1S03,03/30/2021,7.19,,,94,43,2.03,,
1S03A,03/30/2021,7.14,,,89,43,2.05,,
1S03B,03/30/2021,7.3,,,91,43,2.15,,
1SCH3,03/30/2021,7.31,,,490,43,2.1,,
1SCL1,03/30/2021,7.21,,,490,43,1.88,,
1S03,03/30/2022,7.25,,,88,41,1.99,,
1S03A,03/30/2022,7.26,,,87,41,2.15,,
1S03B,03/30/2022,7.47,,,91,41,2.06,,
1SCH3,03/30/2022,7.4,,,90,41,1.93,,
1SCL1,03/30/2022,7.36,,,462,45,2.43,,
1S03,03/30/2023,7.16,,,91,43,2.1,,
1S03A,03/30/2023,7.1,,,88,43,2.18,,
1S03B,03/30/2023,7.28,,,91,43,2.14,,
1SCL1,03/30/2023,7.43,,,322,46,2.04,,
1S03,03/30/2024,7.24,,,92,43,2.09,,
1S03A,03/30/2024,7.31,,,91,43,2.06,,
1S03B,03/30/2024,7.42,,,94,43,2.09,,
1S03A,03/31/2015,7.2,,,96,39,2.23,,
1S03B,03/31/2015,7.44,,,99,39,2.06,,
1S04,03/31/2015,7.25,,,98,39,2.12,,
1S03A,03/31/2016,7.35,,,94,45,2.22,,
1S03B,03/31/2016,7.51,,,99,46,2.23,,
1S07,03/31/2016,7.4,,,92,45,2.2,,
1SCL1,03/31/2016,7.22,,,502,46,2.21,,
1S03,03/31/2017,7.57,,,103,43,2.04,,
1S03A,03/31/2017,7.31,,,101,40,2.08,,
1S03B,03/31/2017,7.51,,,106,41,2.03,,
1S03,03/31/2018,7.37,,,105,43,2.06,,
1S03A,03/31/2018,7.12,,,101,41,2.28,,
1S03B,03/31/2018,7.34,,,104,44,1.86,,
1S03,03/31/2019,7.18,,,88,43,2.11,,
1S03A,03/31/2019,7.2,,,85,42,2.01,,
1S03B,03/31/2019,7.4,,,89,43,1.94,,
1S03,03/31/2020,7.31,,,101,45,2.12,,
1S03A,03/31/2020,7.27,,,101,45,2.11,,
1S03B,03/31/2020,7.44,,,102,45,2.09,,
1S03,03/31/2021,7.29,,,95,46,2.06,,
1S03A,03/31/2021,7.17,,,88,45,1.99,,
1S03B,03/31/2021,7.31,,,90,43,2.17,,
1SCH3,03/31/2021,7.31,,,486,43,2.15,,
1SCL1,03/31/2021,7.3,,,488,45,1.95,,
1S03,03/31/2022,7.19,,,86,41,2.21,,
1S03A,03/31/2022,7.13,,,86,41,2.15,,
1S03B,03/31/2022,7.41,,,89,43,2.16,,
1SCH3,03/31/2022,7.37,,,89,43,2.14,,
1SCL1,03/31/2022,7.44,,,445,45,2.3,,
1S03,03/31/2023,7.17,,,90,43,2.02,,
1S03A,03/31/2023,7.22,,,88,43,2.09,,
1S03B,03/31/2023,7.34,,,91,43,2.24,,
1S03,03/31/2024,7.25,,,93,45,2.09,,
1S03A,03/31/2024,7.33,,,91,43,2.04,,
1S03B,03/31/2024,7.55,,,93,45,1.89,,
1S03A,04/13/2015,7.15,,,99,42,2.13,,
1S03B,04/13/2015,7.41,,,101,42,2.19,,
1S04,04/13/2015,7.36,,,101,43,1.94,,
1S03A,04/13/2016,7.43,,,92,45,2.22,,
1S03B,04/13/2016,7.61,,,98,44,2,,
1S07,04/13/2016,7.41,,,91,45,2.29,,
1SCL1,04/13/2016,7.29,,,496,46,2.14,,
1S03,04/13/2017,7.32,,,106,46,1.91,,
1S03A,04/13/2017,7.33,,,101,44,2.14,,
1S03B,04/13/2017,7.44,,,105,45,2.23,,
1S03,04/13/2018,7.18,,,105,42,2.26,,
1S03A,04/13/2018,7.32,,,102,44,2.17,,
1S03B,04/13/2018,7.35,,,105,44,2.21,,
1S03,04/13/2019,7.31,,,87,45,1.92,,
1S03A,04/13/2019,7.37,,,85,44,1.87,,
1S03B,04/13/2019,7.54,,,88,47,1.7,,
1S03,04/13/2020,7.32,,,105,46,2.07,,
1S03A,04/13/2020,7.2,,,99,46,2.2,,
1S03B,04/13/2020,7.52,,,105,46,2.1,,
1S03,04/13/2021,7.39,,,95,46,2.06,,
1S03A,04/13/2021,7.22,,,91,48,2.15,,
1S03B,04/13/2021,7.41,,,95,46,2.21,,
1SCH3,04/13/2021,7.39,,,486,45,2.31,,
1SCL1,04/13/2021,7.36,,,484,45,2.21,,
1S03,04/13/2022,7.22,,,92,45,2.05,,
1S03A,04/13/2022,7.23,,,90,45,2.14,,
1S03B,04/13/2022,7.39,,,92,46,2.16,,
1SCH3,04/13/2022,7.4,,,92,45,2.06,,
1SCL1,04/13/2022,7.46,,,92,46,2.09,,
1S03,04/13/2023,7.2,,,95,48,1.99,,
1S03A,04/13/2023,7.18,,,95,48,2.17,,
1S03B,04/13/2023,7.39,,,97,48,2.16,,
1S03,04/13/2024,7.26,,,88,46,2.09,,
1S03A,04/13/2024,7.41,,,81,45,2.1,,
1S03B,04/13/2024,7.48,,,89,46,2.09,,
1S03A,04/14/2015,7.16,,,102,42,2.18,,
1S03B,04/14/2015,7.39,,,103,42,2.2,,
1S04,04/14/2015,7.31,,,101,43,2.04,,
1S03A,04/14/2016,7.36,,,90,50,2.26,,
1S03B,04/14/2016,7.77,,,94,48,2.09,,
1S07,04/14/2016,7.43,,,91,46,1.92,,
1SCL1,04/14/2016,7.32,,,491,47,2.09,,
1S03,04/14/2017,7.25,,,105,47,2.02,,
1S03A,04/14/2017,7.38,,,102,46,2.01,,
1S03B,04/14/2017,7.61,,,107,45,1.95,,
1S03,04/14/2018,7.35,,,104,42,1.86,,
1S03A,04/14/2018,7.32,,,100,44,2.2,,
1S03B,04/14/2018,7.25,,,104,43,1.72,,
1S03,04/14/2019,7.29,,,85,46,2.27,,
1S03A,04/14/2019,7.27,,,84,45,2.12,,
1S03B,04/14/2019,7.52,,,87,47,1.9,,
1S03,04/14/2020,7.28,,,105,46,2.09,,
1S03A,04/14/2020,7.32,,,98,45,2.14,,
1S03B,04/14/2020,7.42,,,104,46,2.1,,
1S03,04/14/2021,7.27,,,96,48,2.08,,
1S03A,04/14/2021,7.23,,,91,48,2.18,,
1S03B,04/14/2021,7.39,,,93,48,2.23,,
1SCH3,04/14/2021,7.38,,,491,45,2.42,,
1SCL1,04/14/2021,7.33,,,488,45,2.18,,
1S03,04/14/2022,7.27,,,92,46,2.1,,
1S03A,04/14/2022,7.14,,,88,46,2.17,,
1S03B,04/14/2022,7.45,,,93,48,2.28,,
1SCH3,04/14/2022,7.48,,,90,46,2.08,,
1SCL1,04/14/2022,7.36,,,92,46,2.16,,
1S03,04/14/2023,7.21,,,91,48,1.99,,
1S03A,04/14/2023,7.22,,,94,48,2.11,,
1S03B,04/14/2023,7.27,,,95,48,2.16,,
1S03,04/14/2024,7.25,,,87,46,2.09,,
1S03A,04/14/2024,7.43,,,79,45,2.09,,
1S03B,04/14/2024,7.57,,,84,46,2.08,,
1S03A,04/15/2015,7.17,,,101,43,2.21,,
1S03B,04/15/2015,7.41,,,102,43,2.13,,
1S04,04/15/2015,7.29,,,101,43,1.99,,
1S03A,04/15/2016,7.45,,,92,47,1.98,,
1S03B,04/15/2016,7.81,,,98,46,2.01,,
1S07,04/15/2016,7.49,,,94,47,2.03,,
1SCL1,04/15/2016,7.24,,,498,47,2.11,,
1S03,04/15/2017,7.34,,,103,46,1.58,,
1S03A,04/15/2017,7.24,,,102,46,2.1,,
1S03B,04/15/2017,7.48,,,104,45,1.91,,
1S03,04/15/2018,7.22,,,106,44,2.31,,
1S03A,04/15/2018,7.29,,,102,44,1.94,,
1S03B,04/15/2018,7.37,,,106,43,2.01,,
1S03,04/15/2019,7.32,,,86,47,2.01,,
1S03A,04/15/2019,7.32,,,84,46,2.15,,
1S03B,04/15/2019,7.5,,,88,49,1.91,,
1S03,04/15/2020,7.25,,,100,48,2.12,,
1S03A,04/15/2020,7.23,,,99,46,2.09,,
1S03B,04/15/2020,7.39,,,102,52,2.09,,
1S03,04/15/2021,7.29,,,94,48,2.06,,
1S03A,04/15/2021,7.1,,,90,46,2.1,,
1S03B,04/15/2021,7.33,,,92,48,2.13,,
1SCH3,04/15/2021,7.33,,,489,45,2.03,,
1SCL1,04/15/2021,7.34,,,488,46,1.91,,
1S03,04/15/2022,7.25,,,91,46,2.05,,
1S03A,04/15/2022,7.13,,,85,45,2.06,,
1S03B,04/15/2022,7.52,,,89,46,2.13,,
1SCH3,04/15/2022,7.44,,,88,46,2.16,,
1SCL1,04/15/2022,7.45,,,89,48,2.1,,
1S03,04/15/2023,7.18,,,99,50,2.01,,
1S03A,04/15/2023,7.13,,,97,50,2.08,,
1S03B,04/15/2023,7.28,,,99,50,2.23,,
1S03,04/15/2024,7.25,,,82,46,2.17,,
1S03A,04/15/2024,7.38,,,78,46,2.08,,
1S03B,04/15/2024,7.52,,,83,46,2.1,,
1S03A,04/16/2015,7.19,,,102,43,2.15,,
1S03B,04/16/2015,7.46,,,103,44,2.17,,
1S04,04/16/2015,7.33,,,104,44,2.03,,
1S03A,04/16/2016,7.51,,,90,48,2.12,,
1S03B,04/16/2016,7.96,,,97,48,1.89,,
1S07,04/16/2016,7.52,,,90,48,2.14,,
1SCL1,04/16/2016,7.36,,,496,48,2.09,,
1S03,04/16/2017,7.29,,,106,48,1.98,,
1S03A,04/16/2017,7.23,,,102,50,2.03,,
1S03B,04/16/2017,7.51,,,107,48,1.99,,
1S03,04/16/2018,7.14,,,101,44,2.08,,
1S03A,04/16/2018,7.32,,,100,43,2.24,,
1S03B,04/16/2018,7.4,,,104,44,1.89,,
1S03,04/16/2019,7.25,,,85,47,2.24,,
1S03A,04/16/2019,7.22,,,85,43,1.96,,
1S03B,04/16/2019,7.34,,,88,47,2.46,,
1S03,04/16/2020,7.26,,,99,46,2.14,,
1S03A,04/16/2020,7.27,,,97,46,2.03,,
1S03B,04/16/2020,7.44,,,99,46,2.12,,
1S03,04/16/2021,7.16,,,95,54,2.05,,
1S03A,04/16/2021,7.27,,,89,46,2.2,,
1S03B,04/16/2021,7.41,,,92,46,2.31,,
1SCH3,04/16/2021,7.23,,,488,46,1.94,,
1SCL1,04/16/2021,7.33,,,487,46,1.89,,
1S03,04/16/2022,7.26,,,93,50,2,,
1S03A,04/16/2022,7.19,,,89,46,2.16,,
1S03B,04/16/2022,7.56,,,91,46,2.15,,
1SCH3,04/16/2022,7.5,,,91,48,2.16,,
1SCL1,04/16/2022,7.49,,,91,48,2.2,,
1S03,04/16/2023,7.17,,,99,50,2.1,,
1S03A,04/16/2023,7.13,,,96,50,2.07,,
1S03B,04/16/2023,7.2,,,98,50,2.17,,
1S03,04/16/2024,7.27,,,79,46,2.12,,
1S03A,04/16/2024,7.4,,,80,46,2.04,,
1S03B,04/16/2024,7.48,,,84,46,2,,
1S03A,04/17/2015,7.14,,,102,43,2.26,,
1S03B,04/17/2015,7.49,,,105,44,2.06,,
1S04,04/17/2015,7.37,,,102,44,2.01,,
1S03A,04/17/2016,7.32,,,90,48,2.1,,
1S03B,04/17/2016,7.57,,,92,49,1.78,,
1S07,04/17/2016,7.65,,,94,49,1.92,,
1SCL1,04/17/2016,7.28,,,498,48,2.1,,
1S03,04/17/2017,7.3,,,104,47,1.97,,
1S03A,04/17/2017,7.31,,,101,47,2.32,,
1S03B,04/17/2017,7.56,,,106,48,2.2,,
1S03,04/17/2018,7.22,,,103,43,1.98,,
1S03A,04/17/2018,7.27,,,95,42,2.21,,
1S03B,04/17/2018,7.41,,,104,44,2.16,,
1S03,04/17/2019,7.28,,,84,44,2.28,,
1S03A,04/17/2019,7.26,,,83,44,2.18,,
1S03B,04/17/2019,7.45,,,87,47,2.21,,
1S03,04/17/2020,7.17,,,103,46,2.13,,
1S03A,04/17/2020,7.27,,,99,46,2.08,,
1S03B,04/17/2020,7.36,,,102,46,2.2,,
1S03,04/17/2021,7.23,,,94,50,2.04,,
1S03A,04/17/2021,7.19,,,88,48,2.28,,
1S03B,04/17/2021,7.32,,,93,48,2.27,,
1SCH3,04/17/2021,7.36,,,485,46,2.16,,
1SCL1,04/17/2021,7.28,,,481,46,1.92,,
1S03,04/17/2022,7.11,,,86,46,2.11,,
1S03A,04/17/2022,7.16,,,88,46,2.07,,
1S03B,04/17/2022,7.51,,,91,48,2.1,,
1SCH3,04/17/2022,7.48,,,92,46,1.98,,
1SCL1,04/17/2022,7.45,,,91,48,2.1,,
1S03,04/17/2023,7.23,,,98,50,2,,
1S03A,04/17/2023,7.19,,,94,50,2.1,,
1S03B,04/17/2023,7.34,,,95,50,2.16,,
1S03,04/17/2024,7.27,,,79,46,2.01,,
1S03A,04/17/2024,7.23,,,79,46,2,,
1S03B,04/17/2024,7.59,,,83,48,2,,
1S03A,04/18/2015,7.25,,,104,44,2.05,,
1S03B,04/18/2015,7.44,,,104,44,2.06,,
1S04,04/18/2015,7.28,,,106,44,1.94,,
1S03A,04/18/2016,7.37,,,90,49,2.27,,
1S03B,04/18/2016,7.63,,,96,50,2.24,,
1S07,04/18/2016,7.51,,,94,50,1.93,,
1SCL1,04/18/2016,7.2,,,493,48,2.18,,
1S03,04/18/2017,7.16,,,107,47,2.14,,
1S03A,04/18/2017,7.3,,,103,47,2.1,,
1S03B,04/18/2017,7.67,,,108,47,1.69,,
1S03,04/18/2018,7.13,,,101,44,2.08,,
1S03A,04/18/2018,7.2,,,100,42,2.3,,
1S03B,04/18/2018,7.44,,,105,42,2,,
1S03,04/18/2019,7.29,,,85,47,2.11,,
1S03A,04/18/2019,7.3,,,84,46,2.08,,
1S03B,04/18/2019,7.55,,,87,47,2.29,,
1S03,04/18/2020,7.17,,,101,46,2.11,,
1S03A,04/18/2020,7.23,,,99,46,1.92,,
1S03B,04/18/2020,7.35,,,101,46,2.07,,
1S03,04/18/2021,7.27,,,94,48,2.01,,
1S03A,04/18/2021,7.18,,,88,48,2.18,,
1S03B,04/18/2021,7.38,,,95,50,2.18,,
1SCH3,04/18/2021,7.32,,,487,45,2.1,,
1SCL1,04/18/2021,7.25,,,484,45,1.8,,
1S03,04/18/2022,7.19,,,91,46,2.03,,
1S03A,04/18/2022,7.3,,,88,48,2.11,,
1S03B,04/18/2022,7.52,,,91,48,2.1,,
1SCH3,04/18/2022,7.59,,,91,48,2.08,,
1SCL1,04/18/2022,7.53,,,91,48,2.1,,
1S03,04/18/2023,7.25,,,99,50,1.99,,
1S03A,04/18/2023,7.18,,,92,48,2.12,,
1S03B,04/18/2023,7.34,,,96,50,2.16,,
1S03,04/18/2024,7.29,,,80,46,2.04,,
1S03A,04/18/2024,7.37,,,79,46,1.91,,
1S03B,04/18/2024,7.44,,,83,48,1.91,,
1S03A,04/19/2015,7.32,,,103,44,2.09,,
1S03B,04/19/2015,7.41,,,107,44,2.06,,
1S04,04/19/2015,7.45,,,105,46,2,,
1S03A,04/19/2016,7.37,,,90,48,2.2,,
1S03B,04/19/2016,7.6,,,95,49,2.14,,
1S07,04/19/2016,7.46,,,94,51,1.92,,
1SCL1,04/19/2016,7.44,,,498,49,2.22,,
1S03,04/19/2017,7.17,,,107,49,2.08,,
1S03A,04/19/2017,7.09,,,104,47,2.1,,
1S03B,04/19/2017,7.3,,,107,47,1.98,,
1S03,04/19/2018,7.17,,,101,45,2.05,,
1S03A,04/19/2018,7.24,,,101,43,2.16,,
1S03B,04/19/2018,7.45,,,103,42,2.11,,
1S03,04/19/2019,7.24,,,85,46,2.33,,
1S03A,04/19/2019,7.32,,,84,47,2.18,,
1S03B,04/19/2019,7.53,,,87,48,2.13,,
1S03,04/19/2020,7.33,,,99,46,2.06,,
1S03A,04/19/2020,7.27,,,97,46,2.11,,
1S03B,04/19/2020,7.42,,,99,46,2.12,,
1S03,04/19/2021,7.18,,,90,48,2.2,,
1S03A,04/19/2021,7.11,,,89,48,2.15,,
1S03B,04/19/2021,7.28,,,91,48,2.25,,
1SCH3,04/19/2021,7.3,,,486,45,2.26,,
1SCL1,04/19/2021,7.23,,,483,46,1.99,,
1S03,04/19/2022,7.16,,,91,46,2.15,,
1S03A,04/19/2022,7.19,,,88,48,2.17,,
1S03B,04/19/2022,7.46,,,91,48,2.2,,
1SCH3,04/19/2022,7.44,,,90,48,2.17,,
1SCL1,04/19/2022,7.42,,,91,48,2.13,,
1S03,04/19/2023,7.53,,,98,48,2.16,,
1S03A,04/19/2023,7.24,,,94,50,1.96,,
1S03B,04/19/2023,7.4,,,98,50,2.2,,
1S03,04/19/2024,7.38,,,84,48,2.1,,
1S03A,04/19/2024,7.38,,,90,50,2.08,,
1S03B,04/19/2024,7.59,,,89,48,2.07,,
1S03A,04/20/2015,7.28,,,104,45,2.17,,
1S03B,04/20/2015,7.56,,,107,46,2.14,,
1S04,04/20/2015,7.39,,,106,46,1.97,,
1S03A,04/20/2016,7.55,,,89,50,2.3,,
1S03B,04/20/2016,7.69,,,95,49,1.94,,
1S07,04/20/2016,7.41,,,90,50,2.17,,
1SCL1,04/20/2016,7.43,,,491,50,2.17,,
1S03,04/20/2017,7.31,,,106,48,2.05,,
1S03A,04/20/2017,7.15,,,103,48,2.2,,
1S03B,04/20/2017,7.42,,,109,48,1.81,,
1S03,04/20/2018,7.27,,,103,44,1.95,,
1S03A,04/20/2018,7.29,,,101,42,2.14,,
1S03B,04/20/2018,7.48,,,103,42,1.97,,
1S03,04/20/2019,7.37,,,86,49,2.38,,
1S03A,04/20/2019,7.25,,,82,48,2.27,,
1S03B,04/20/2019,7.44,,,87,50,2.25,,
1S03,04/20/2020,7.34,,,103,46,2.11,,
1S03A,04/20/2020,7.04,,,99,46,2.12,,
1S03B,04/20/2020,7.37,,,104,46,2.23,,
1S03,04/20/2021,7.09,,,93,50,2.17,,
1S03A,04/20/2021,7.16,,,90,46,2.04,,
1S03B,04/20/2021,7.49,,,96,50,2.14,,
1SCH3,04/20/2021,7.37,,,490,45,2.26,,
1SCL1,04/20/2021,7.38,,,489,45,2.14,,
1S03,04/20/2022,7.22,,,91,46,2.06,,
1S03A,04/20/2022,7.29,,,90,46,2.15,,
1S03B,04/20/2022,7.48,,,94,46,2.2,,
1SCH3,04/20/2022,7.51,,,93,46,2.08,,
1SCL1,04/20/2022,7.49,,,93,48,2.17,,
1S03,04/20/2023,7.24,,,99,50,2.05,,
1S03A,04/20/2023,7.21,,,96,50,2.07,,
1S03B,04/20/2023,7.33,,,97,50,2.12,,
1S03,04/20/2024,7.31,,,87,48,2.09,,
1S03A,04/20/2024,7.39,,,90,50,2.04,,
1S03B,04/20/2024,7.55,,,90,50,2.1,,
1S03A,04/21/2015,7.27,,,106,46,2.27,,
1S03B,04/21/2015,7.66,,,109,46,2.02,,
1S04,04/21/2015,7.43,,,107,47,2.01,,
1S03A,04/21/2016,7.52,,,90,51,2.32,,
1S03B,04/21/2016,7.72,,,95,50,2.2,,
1S07,04/21/2016,7.38,,,89,51,2.12,,
1SCL1,04/21/2016,7.39,,,493,50,2.02,,
1S03,04/21/2017,7.29,,,107,49,2.13,,
1S03A,04/21/2017,7.17,,,104,49,1.95,,
1S03B,04/21/2017,7.42,,,108,48,2.07,,
1S03,04/21/2018,7.28,,,104,43,1.8,,
1S03A,04/21/2018,7.29,,,103,44,1.94,,
1S03B,04/21/2018,7.43,,,107,44,2,,
1S03,04/21/2019,7.27,,,86,48,2.11,,
1S03A,04/21/2019,7.21,,,84,48,2.06,,
1S03B,04/21/2019,7.41,,,87,49,2.3,,
1S03,04/21/2020,7.27,,,102,46,2.05,,
1S03A,04/21/2020,7.3,,,97,48,2.12,,
1S03B,04/21/2020,7.43,,,100,48,2,,
1S03,04/21/2021,7.25,,,95,48,2,,
1S03A,04/21/2021,7.15,,,90,48,2.15,,
1S03B,04/21/2021,7.32,,,91,48,2.05,,
1SCH3,04/21/2021,7.33,,,481,45,2.21,,
1SCL1,04/21/2021,7.26,,,482,46,2.18,,
1S03,04/21/2022,7.24,,,91,46,1.96,,
1S03A,04/21/2022,7.35,,,89,46,2.13,,
1S03B,04/21/2022,7.55,,,93,48,2.14,,
1SCH3,04/21/2022,7.52,,,93,46,2.25,,
1SCL1,04/21/2022,7.6,,,92,48,2.17,,
1S03,04/21/2023,7.25,,,98,50,2.04,,
1S03A,04/21/2023,7.21,,,96,50,2.04,,
1S03B,04/21/2023,7.33,,,97,50,2.15,,
1S03,04/21/2024,7.29,,,89,48,2.09,,
1S03A,04/21/2024,7.33,,,86,48,2.09,,
1S03B,04/21/2024,7.55,,,88,48,2.12,,
1S03A,04/22/2015,7.29,,,105,46,2.11,,
1S03B,04/22/2015,7.59,,,111,46,2.06,,
1S04,04/22/2015,7.37,,,107,47,2,,
1S03A,04/22/2016,7.47,,,86,51,2.17,,
1S03B,04/22/2016,7.67,,,92,50,2.07,,
1S07,04/22/2016,7.49,,,90,52,2.05,,
1SCL1,04/22/2016,7.34,,,495,49,1.98,,
1S03,04/22/2017,7.3,,,108,49,2.01,,
1S03A,04/22/2017,7.17,,,107,49,2.14,,
1S03B,04/22/2017,7.5,,,109,49,1.88,,
1S03,04/22/2018,7.19,,,106,44,2.09,,
1S03A,04/22/2018,7.29,,,103,46,2.03,,
1S03B,04/22/2018,7.38,,,107,44,1.92,,
1S03,04/22/2019,7.38,,,85,49,2.28,,
1S03A,04/22/2019,7.33,,,82,49,1.78,,
1S03B,04/22/2019,7.46,,,86,49,2.2,,
1S03,04/22/2020,7.25,,,102,46,2.1,,
1S03A,04/22/2020,7.19,,,99,46,2.09,,
1S03B,04/22/2020,7.44,,,103,46,2.09,,
1S03,04/22/2021,7.22,,,85,48,1.99,,
1S03A,04/22/2021,7.19,,,88,48,2.26,,
1S03B,04/22/2021,7.36,,,92,48,2.18,,
1SCH3,04/22/2021,7.32,,,490,45,2.13,,
1SCL1,04/22/2021,7.2,,,487,46,2.18,,
1S03,04/22/2022,7.2,,,92,48,2.12,,
1S03A,04/22/2022,7.28,,,89,46,2.03,,
1S03B,04/22/2022,7.4,,,91,46,2.23,,
1SCH3,04/22/2022,7.45,,,91,46,2.05,,
1SCL1,04/22/2022,7.45,,,92,48,2.12,,
1S03,04/22/2023,7.31,,,99,52,1.95,,
1S03A,04/22/2023,7.2,,,95,52,2.03,,
1S03B,04/22/2023,7.15,,,98,52,2.15,,
1S03,04/22/2024,7.24,,,87,48,2.07,,
1S03A,04/22/2024,7.43,,,89,48,2.05,,
1S03B,04/22/2024,7.44,,,91,50,2.13,,
1S03A,04/23/2015,7.27,,,105,44,2.11,,
1S03B,04/23/2015,7.63,,,110,46,1.98,,
1S04,04/23/2015,7.32,,,109,46,2.22,,
1S03A,04/23/2016,7.31,,,86,51,2.16,,
1S03B,04/23/2016,7.68,,,91,51,1.95,,
1S07,04/23/2016,7.44,,,88,51,2.16,,
1SCL1,04/23/2016,7.43,,,494,50,2.04,,
1S03,04/23/2017,7.34,,,106,49,1.83,,
1S03A,04/23/2017,7.3,,,106,49,2.09,,
1S03B,04/23/2017,7.47,,,109,49,2.01,,
1S03,04/23/2018,7.24,,,103,44,2.21,,
1S03A,04/23/2018,7.3,,,103,47,2.13,,
1S03B,04/23/2018,7.38,,,108,45,1.94,,
1S03,04/23/2019,7.16,,,85,48,2.06,,
1S03A,04/23/2019,7.25,,,83,49,1.92,,
1S03B,04/23/2019,7.51,,,88,50,2.05,,
1S03,04/23/2020,7.29,,,103,46,1.96,,
1S03A,04/23/2020,7.32,,,100,46,2.03,,
1S03B,04/23/2020,7.45,,,104,46,1.98,,
1S03,04/23/2021,7.16,,,95,48,2.11,,
1S03A,04/23/2021,7.21,,,92,48,2.17,,
1S03B,04/23/2021,7.28,,,94,48,2.13,,
1SCH3,04/23/2021,7.42,,,490,45,2.14,,
1SCL1,04/23/2021,7.37,,,491,46,2.05,,
1S03,04/23/2022,7.27,,,91,48,2.17,,
1S03A,04/23/2022,7.37,,,88,48,2.1,,
1S03B,04/23/2022,7.49,,,93,48,2.23,,
1SCH3,04/23/2022,7.5,,,89,48,2.24,,
1SCL1,04/23/2022,7.5,,,92,48,2.23,,
1S03,04/23/2023,7.1,,,96,52,1.98,,
1S03A,04/23/2023,7.09,,,95,52,2.07,,
1S03B,04/23/2023,7.24,,,96,52,2.07,,
1S03,04/23/2024,7.35,,,88,48,2.06,,
1S03A,04/23/2024,7.35,,,89,50,2.11,,
1S03B,04/23/2024,7.65,,,91,50,2.02,,
1S03A,04/24/2015,7.22,,,106,45,2.27,,
1S03B,04/24/2015,7.59,,,110,45,1.89,,
1S04,04/24/2015,7.36,,,108,45,2.14,,
1S03A,04/24/2016,7.4,,,87,52,2.17,,
1S03B,04/24/2016,7.67,,,90,51,2.06,,
1S07,04/24/2016,7.26,,,90,51,2.22,,
1SCL1,04/24/2016,7.42,,,493,49,2.07,,
1S03,04/24/2017,7.27,,,108,50,2.09,,
1S03A,04/24/2017,7.15,,,106,49,2.15,,
1S03B,04/24/2017,7.45,,,109,49,1.93,,
1S03,04/24/2018,7.32,,,105,45,2.14,,
1S03A,04/24/2018,7.23,,,101,47,2.13,,
1S03B,04/24/2018,7.45,,,106,46,2.13,,
1S03,04/24/2019,7.36,,,85,50,2.19,,
1S03A,04/24/2019,7.29,,,83,49,1.92,,
1S03B,04/24/2019,7.56,,,87,50,2.09,,
1S03,04/24/2020,7.32,,,104,48,2,,
1S03A,04/24/2020,7.27,,,100,46,2.01,,
1S03B,04/24/2020,7.47,,,104,48,2.12,,
1S03,04/24/2021,7.23,,,96,48,2.09,,
1S03A,04/24/2021,7.05,,,92,46,2.07,,
1S03B,04/24/2021,7.28,,,96,48,2.08,,
1SCH3,04/24/2021,7.41,,,483,45,2.25,,
1SCL1,04/24/2021,7.23,,,485,46,2.14,,
1S03,04/24/2022,7.22,,,93,48,2.12,,
1S03A,04/24/2022,7.25,,,90,48,2.11,,
1S03B,04/24/2022,7.47,,,94,50,2.11,,
1SCH3,04/24/2022,7.47,,,93,48,2.13,,
1SCL1,04/24/2022,7.47,,,94,50,2.19,,
1S03,04/24/2023,7.24,,,98,54,1.94,,
1S03A,04/24/2023,7.2,,,95,52,2.1,,
1S03B,04/24/2023,7.32,,,95,52,2.15,,
1S03,04/24/2024,7.12,,,87,50,2.07,,
1S03A,04/24/2024,7.09,,,89,50,2.05,,
1S03B,04/24/2024,7.25,,,91,50,2.13,,
1S03A,04/25/2015,7.15,,,107,47,2.32,,
1S03B,04/25/2015,7.44,,,109,47,2.3,,
1S04,04/25/2015,7.32,,,109,46,2.28,,
1S03A,04/25/2016,7.38,,,86,51,2.21,,
1S03B,04/25/2016,7.54,,,90,52,2.25,,
1S07,04/25/2016,7.37,,,88,52,1.92,,
1SCL1,04/25/2016,7.3,,,495,49,2.06,,
1S03,04/25/2017,7.34,,,107,50,1.93,,
1S03A,04/25/2017,7.15,,,92,47,2.05,,
1S03B,04/25/2017,7.55,,,105,49,1.52,,
1S03,04/25/2018,7.21,,,104,46,1.94,,
1S03A,04/25/2018,7.27,,,100,46,2.01,,
1S03B,04/25/2018,7.44,,,106,47,1.8,,
1S03,04/25/2019,7.23,,,87,49,2.1,,
1S03A,04/25/2019,7.36,,,85,50,2.04,,
1S03B,04/25/2019,7.48,,,88,49,2.16,,
1S03,04/25/2020,7.31,,,101,48,2.06,,
1S03A,04/25/2020,7.21,,,97,48,2.13,,
1S03B,04/25/2020,7.52,,,101,48,2.22,,
1S03,04/25/2021,7.27,,,95,50,2.1,,
1S03A,04/25/2021,7.11,,,91,48,2.06,,
1S03B,04/25/2021,7.31,,,93,48,2.09,,
1SCH3,04/25/2021,7.35,,,480,45,2.28,,
1SCL1,04/25/2021,7.25,,,479,46,2.07,,
1S03,04/25/2022,7.2,,,92,50,2.09,,
1S03A,04/25/2022,7.28,,,88,50,2.1,,
1S03B,04/25/2022,7.41,,,92,48,2.16,,
1SCH3,04/25/2022,7.4,,,92,50,2.14,,
1SCL1,04/25/2022,7.44,,,92,50,2.14,,
1S03,04/25/2023,7.22,,,98,52,2.04,,
1S03A,04/25/2023,7.2,,,94,52,2.08,,
1S03B,04/25/2023,7.35,,,95,52,2.12,,
1S03,04/25/2024,7.17,,,89,50,2.11,,
1S03A,04/25/2024,7.35,,,86,50,2.2,,
1S03B,04/25/2024,7.55,,,89,50,2.08,,
1S03A,04/26/2015,7.37,,,107,46,2.24,,
1S03B,04/26/2015,7.73,,,111,45,1.97,,
1S04,04/26/2015,7.38,,,110,46,2.15,,
1S03A,04/26/2016,7.39,,,86,51,2.28,,
1S03B,04/26/2016,7.53,,,90,52,2.18,,
1S07,04/26/2016,7.35,,,88,52,2.13,,
1SCL1,04/26/2016,7.19,,,497,49,1.99,,
1S03,04/26/2017,7.2,,,102,49,2.05,,
1S03A,04/26/2017,7.25,,,103,48,2.26,,
1S03B,04/26/2017,7.41,,,105,49,1.86,,
1S03,04/26/2018,7.32,,,104,46,1.73,,
1S03A,04/26/2018,7.23,,,102,48,2.17,,
1S03B,04/26/2018,7.43,,,106,48,2.01,,
1S03,04/26/2019,7.34,,,85,50,2.02,,
1S03A,04/26/2019,7.37,,,83,50,1.97,,
1S03B,04/26/2019,7.57,,,87,50,2.12,,
1S03,04/26/2020,7.31,,,104,48,2.07,,
1S03A,04/26/2020,7.29,,,100,48,2.25,,
1S03B,04/26/2020,7.46,,,103,48,2.11,,
1S03,04/26/2021,7.21,,,95,48,2.06,,
1S03A,04/26/2021,7.22,,,91,48,2.03,,
1S03B,04/26/2021,7.44,,,97,50,2.18,,
1SCH3,04/26/2021,7.39,,,484,45,2.3,,
1SCL1,04/26/2021,7.25,,,482,46,2.03,,
1S03,04/26/2022,7.21,,,91,50,2.04,,
1S03A,04/26/2022,7.22,,,88,48,2.04,,
1S03B,04/26/2022,7.42,,,91,50,2.12,,
1SCH3,04/26/2022,7.39,,,90,48,2.27,,
1SCL1,04/26/2022,7.39,,,90,50,2.17,,
1S03,04/26/2023,7.21,,,98,50,2,,
1S03A,04/26/2023,7.23,,,93,50,2.06,,
1S03B,04/26/2023,7.38,,,99,52,2.29,,
1S03,04/26/2024,7.26,,,88,50,2.08,,
1S03A,04/26/2024,7.26,,,88,50,2.07,,
1S03B,04/26/2024,7.43,,,89,50,2.05,,
1S03A,04/27/2015,7.29,,,107,46,2.21,,
1S03B,04/27/2015,7.56,,,111,46,2.14,,
1S04,04/27/2015,7.36,,,110,46,1.97,,
1S03A,04/27/2016,7.26,,,87,51,2.15,,
1S03B,04/27/2016,7.58,,,89,52,1.97,,
1S07,04/27/2016,7.35,,,88,53,1.95,,
1SCL1,04/27/2016,7.3,,,490,49,2.15,,
1S03,04/27/2017,7.34,,,105,50,1.98,,
1S03A,04/27/2017,7.22,,,104,50,2.05,,
1S03B,04/27/2017,7.41,,,106,50,1.93,,
1S03,04/27/2018,7.23,,,107,48,1.88,,
1S03A,04/27/2018,7.12,,,103,47,2.13,,
1S03B,04/27/2018,7.42,,,107,48,2.04,,
1S03,04/27/2019,7.33,,,87,51,2.06,,
1S03A,04/27/2019,7.19,,,85,50,1.94,,
1S03B,04/27/2019,7.52,,,88,51,2.05,,
1S03,04/27/2020,7.4,,,104,48,2.08,,
1S03A,04/27/2020,7.23,,,99,48,2.15,,
1S03B,04/27/2020,7.47,,,101,48,2.06,,
1S03,04/27/2021,7.27,,,97,48,2.21,,
1S03A,04/27/2021,7.11,,,92,48,2.11,,
1S03B,04/27/2021,7.39,,,95,48,2.12,,
1SCH3,04/27/2021,7.39,,,487,45,2.17,,
1SCL1,04/27/2021,7.33,,,485,46,2.14,,
1S03,04/27/2022,7.22,,,90,50,2.03,,
1S03A,04/27/2022,7.17,,,87,50,2.12,,
1S03B,04/27/2022,7.41,,,92,50,2.08,,
1SCH3,04/27/2022,7.31,,,89,50,2.09,,
1SCL1,04/27/2022,7.33,,,89,50,2.05,,
1S03,04/27/2023,7.19,,,96,52,2.01,,
1S03A,04/27/2023,7.17,,,91,52,2.11,,
1S03B,04/27/2023,7.36,,,97,52,2.2,,
1SCL1,04/27/2023,7.37,,,327,52,2.07,,
1S03,04/27/2024,7.16,,,89,50,2.07,,
1S03A,04/27/2024,7.22,,,89,50,2.11,,
1S03B,04/27/2024,7.4,,,90,50,2.12,,
1S03A,04/28/2015,7.29,,,106,46,2.05,,
1S03B,04/28/2015,7.5,,,113,46,1.98,,
1S04,04/28/2015,7.39,,,112,47,1.91,,
1S03A,04/28/2016,7.39,,,85,52,2.18,,
1S03B,04/28/2016,7.5,,,90,51,2.29,,
1S07,04/28/2016,7.33,,,88,52,2.09,,
1SCL1,04/28/2016,7.38,,,493,49,2.06,,
1S03,04/28/2017,7.12,,,105,50,1.99,,
1S03A,04/28/2017,7.15,,,102,50,2.02,,
1S03B,04/28/2017,7.35,,,106,50,2.03,,
1S03,04/28/2018,7.23,,,104,48,2.27,,
1S03A,04/28/2018,7.26,,,102,49,2.15,,
1S03B,04/28/2018,7.43,,,107,49,2.05,,
1S03,04/28/2019,7.29,,,86,49,2.22,,
1S03A,04/28/2019,7.28,,,84,48,1.85,,
1S03B,04/28/2019,7.61,,,87,49,2.08,,
1S03,04/28/2020,7.34,,,105,50,2.01,,
1S03A,04/28/2020,7.25,,,102,48,2.12,,
1S03B,04/28/2020,7.49,,,107,48,2.07,,
1S03,04/28/2021,7.31,,,94,50,2.07,,
1S03A,04/28/2021,7.27,,,91,50,2.17,,
1S03B,04/28/2021,7.45,,,97,50,2.18,,
1SCH3,04/28/2021,7.41,,,477,45,2.49,,
1SCL1,04/28/2021,7.31,,,486,46,2.05,,
1S03,04/28/2022,7.16,,,91,50,2.14,,
1S03A,04/28/2022,7.09,,,88,48,2.12,,
1S03B,04/28/2022,7.41,,,92,50,2.1,,
1SCH3,04/28/2022,7.35,,,91,48,2.01,,
1SCL1,04/28/2022,7.35,,,91,48,2.1,,
1S03,04/28/2023,7.2,,,95,52,2.01,,
1S03A,04/28/2023,7.19,,,93,52,2.15,,
1S03B,04/28/2023,7.4,,,95,52,2.15,,
1SCL1,04/28/2023,7.38,,,344,52,2.02,,
1S03,04/28/2024,7.14,,,87,52,2.08,,
1S03A,04/28/2024,7.25,,,86,50,2.08,,
1S03B,04/28/2024,7.42,,,88,50,2.07,,
1S03A,04/29/2015,7.26,,,109,48,2.26,,
1S03B,04/29/2015,7.59,,,113,47,2.1,,
1S04,04/29/2015,7.36,,,111,47,1.93,,
1S03A,04/29/2016,7.36,,,85,51,2.27,,
1S03B,04/29/2016,7.55,,,90,51,2.06,,
1S07,04/29/2016,7.38,,,87,51,2.06,,
1SCL1,04/29/2016,7.32,,,494,49,2.09,,
1S03,04/29/2017,7.28,,,105,53,1.91,,
1S03A,04/29/2017,7.26,,,102,53,2.09,,
1S03B,04/29/2017,7.51,,,106,52,2.07,,
1S03,04/29/2018,7.19,,,107,47,2.1,,
1S03A,04/29/2018,7.25,,,105,47,2.1,,
1S03B,04/29/2018,7.46,,,109,47,1.98,,
1S03,04/29/2019,7.32,,,86,49,2.11,,
1S03A,04/29/2019,7.2,,,84,48,2.08,,
1S03B,04/29/2019,7.49,,,87,51,2.22,,
1SCL1,04/29/2019,7.33,,,250,53,2.15,,
1S03,04/29/2020,7.29,,,104,48,2.16,,
1S03A,04/29/2020,7.32,,,100,48,2.15,,
1S03B,04/29/2020,7.49,,,105,48,2.23,,
1S03,04/29/2021,7.18,,,95,50,2.23,,
1S03A,04/29/2021,7.04,,,89,48,2.19,,
1S03B,04/29/2021,7.27,,,93,50,2.29,,
1SCH3,04/29/2021,7.36,,,485,45,2.46,,
1SCL1,04/29/2021,7.28,,,484,46,2.08,,
1S03,04/29/2022,7.18,,,92,52,2.21,,
1S03A,04/29/2022,7.27,,,90,50,2.11,,
1S03B,04/29/2022,7.44,,,94,50,2.09,,
1SCH3,04/29/2022,7.44,,,92,50,2.12,,
1SCL1,04/29/2022,7.48,,,93,52,2.08,,
1S03,04/29/2023,7.43,,,96,52,2.05,,
1S03A,04/29/2023,7.2,,,94,52,2.1,,
1S03B,04/29/2023,7.43,,,96,52,2.17,,
1SCL1,04/29/2023,7.39,,,391,52,1.96,,
1S03,04/29/2024,7.14,,,87,52,2.04,,
1S03A,04/29/2024,7.27,,,88,52,2.05,,
1S03B,04/29/2024,7.4,,,90,52,2.02,,
1S03A,04/30/2015,7.28,,,110,49,2.27,,
1S03B,04/30/2015,7.57,,,114,48,2.23,,
1S04,04/30/2015,7.5,,,113,49,2.1,,
1S03A,04/30/2016,7.38,,,90,51,2.23,,
1S03B,04/30/2016,7.72,,,91,51,1.9,,
1S07,04/30/2016,7.23,,,89,52,1.93,,
1SCL1,04/30/2016,7.38,,,496,49,2.1,,
1S03,04/30/2017,7.25,,,105,51,2.02,,
1S03A,04/30/2017,7.27,,,103,50,2.27,,
1S03B,04/30/2017,7.41,,,107,50,2.08,,
1S03,04/30/2018,7.19,,,108,48,1.98,,
1S03A,04/30/2018,7.23,,,101,45,2.28,,
1S03B,04/30/2018,7.39,,,108,47,2.08,,
1S03,04/30/2019,7.28,,,84,49,2.13,,
1S03A,04/30/2019,7.22,,,79,46,1.96,,
1S03B,04/30/2019,7.55,,,86,48,2.1,,
1SCL1,04/30/2019,7.36,,,350,49,2.35,,
1S03,04/30/2020,7.32,,,102,48,2.1,,
1S03A,04/30/2020,7.31,,,86,46,2.08,,
1S03B,04/30/2020,7.47,,,97,50,2.12,,
1S03,04/30/2021,7.2,,,95,52,2.1,,
1S03A,04/30/2021,7.18,,,91,50,2.19,,
1S03B,04/30/2021,7.39,,,95,50,2.17,,
1SCH3,04/30/2021,7.35,,,487,46,2.48,,
1SCL1,04/30/2021,7.35,,,484,46,2.08,,
1S03,04/30/2022,7.07,,,91,50,2.18,,
1S03A,04/30/2022,7.2,,,88,50,2.09,,
1S03B,04/30/2022,7.39,,,90,50,2.21,,
1SCH3,04/30/2022,7.37,,,90,50,2.14,,
1SCL1,04/30/2022,7.4,,,91,50,2.14,,
1S03,04/30/2023,7.2,,,94,52,2.07,,
1S03A,04/30/2023,7.18,,,91,52,2.11,,
1S03B,04/30/2023,7.34,,,92,52,2.15,,
1SCL1,04/30/2023,7.4,,,369,52,2,,
1S03,04/30/2024,7.21,,,85,52,2.03,,
1S03A,04/30/2024,7.32,,,88,52,2.08,,
1S03B,04/30/2024,7.4,,,89,54,2.13,,
1S03A,05/13/2015,7.38,,,106,54,2.25,,
1S03B,05/13/2015,7.59,,,111,54,2.14,,
1S04,05/13/2015,7.21,,,110,54,2.05,,
1SCL1,05/13/2015,7.41,,,222,50,2.21,,
1S03A,05/13/2016,7.38,,,89,55,2.26,,
1S03B,05/13/2016,7.5,,,92,55,2.15,,
1S07,05/13/2016,7.39,,,87,53,2.16,,
1SCL1,05/13/2016,7.4,,,403,52,2.33,,
1S03,05/13/2017,7.41,,,107,53,1.82,,
1S03A,05/13/2017,7.14,,,101,51,2.23,,
1S03B,05/13/2017,7.36,,,104,51,1.94,,
1S03,05/13/2018,7.42,,,102,51,1.97,,
1S03A,05/13/2018,7.34,,,100,51,2.17,,
1S03B,05/13/2018,7.41,,,104,51,1.97,,
1S03,05/13/2019,7.27,,,80,48,2.18,,
1S03A,05/13/2019,7.2,,,77,47,1.88,,
1S03B,05/13/2019,7.54,,,82,48,1.99,,
1SCL1,05/13/2019,7.2,,,389,49,2.1,,
1S03,05/13/2020,7.39,,,103,50,2.08,,
1S03A,05/13/2020,7.38,,,102,52,2.1,,
1S03B,05/13/2020,7.37,,,105,52,2.09,,
1S03,05/13/2021,7.21,,,95,52,2.07,,
1S03A,05/13/2021,7.18,,,94,52,2.13,,
1S03B,05/13/2021,7.31,,,98,52,2.21,,
1SCH3,05/13/2021,7.31,,,485,46,2.07,,
1SCL1,05/13/2021,7.18,,,483,48,2.05,,
1S03,05/13/2022,7.42,,,96,54,2.34,,
1S03A,05/13/2022,7.25,,,88,54,2.36,,
1S03B,05/13/2022,7.54,,,90,54,2.42,,
1SCH3,05/13/2022,7.51,,,89,54,,,
1SCL1,05/13/2022,7.5,,,93,55,,,
1S03,05/13/2023,7.32,,,96,55,2.5,,
1S03A,05/13/2023,7.31,,,94,54,2.5,,
1S03B,05/13/2023,7.54,,,97,55,2.48,,
1SCL1,05/13/2023,7.4,,,382,54,2.31,,
1S03,05/13/2024,7.23,,,91,54,2.34,,
1S03A,05/13/2024,7.51,,,90,54,2.42,,
1S03B,05/13/2024,7.5,,,93,54,2.51,,
1S03A,05/14/2015,7.26,,,107,52,2.24,,
1S03B,05/14/2015,7.55,,,112,52,2.19,,
1S04,05/14/2015,7.3,,,110,54,2.19,,
1SCL1,05/14/2015,7.32,,,263,51,2.17,,
1S03A,05/14/2016,7.52,,,88,55,2.13,,
1S03B,05/14/2016,7.7,,,91,53,2.11,,
1S07,05/14/2016,7.37,,,90,55,1.95,,
1SCL1,05/14/2016,7.36,,,420,53,2.41,,
1S03,05/14/2017,7.33,,,107,54,1.96,,
1S03A,05/14/2017,7.35,,,105,53,2.06,,
1S03B,05/14/2017,7.67,,,107,53,1.96,,
1S03,05/14/2018,7.37,,,103,50,1.9,,
1S03A,05/14/2018,7.36,,,99,51,2.12,,
1S03B,05/14/2018,7.5,,,103,51,2.07,,
1S03,05/14/2019,7.31,,,80,48,2.27,,
1S03A,05/14/2019,7.35,,,78,47,2.02,,
1S03B,05/14/2019,7.69,,,83,48,1.99,,
1SCL1,05/14/2019,7.21,,,394,48,2.1,,
1S03,05/14/2020,7.29,,,103,50,2.12,,
1S03A,05/14/2020,7.54,,,100,50,2.14,,
1S03B,05/14/2020,7.62,,,105,50,2.19,,
1S03,05/14/2021,7.22,,,96,54,2.1,,
1S03A,05/14/2021,7.28,,,94,54,2.15,,
1S03B,05/14/2021,7.46,,,95,54,2.23,,
1SCH3,05/14/2021,7.36,,,485,46,2.07,,
1SCL1,05/14/2021,7.23,,,481,48,1.92,,
1S03,05/14/2022,7.47,,,94,55,2.48,,
1S03A,05/14/2022,7.34,,,87,54,2.61,,
1S03B,05/14/2022,7.61,,,91,55,2.48,,
1SCH3,05/14/2022,7.61,,,90,54,,,
1SCL1,05/14/2022,7.61,,,92,55,,,
1S03,05/14/2023,7.32,,,96,55,2.5,,
1S03A,05/14/2023,7.27,,,93,54,2.45,,
1S03B,05/14/2023,7.51,,,95,54,2.53,,
1SCL1,05/14/2023,7.35,,,383,54,2.37,,
1S03,05/14/2024,7.27,,,90,54,2.43,,
1S03A,05/14/2024,7.5,,,89,54,2.34,,
1S03B,05/14/2024,7.52,,,92,54,2.48,,
1S03A,05/15/2015,7.43,,,104,56,2.18,,
1S03B,05/15/2015,7.59,,,111,55,2.09,,
1S04,05/15/2015,7.42,,,110,53,1.85,,
1SCL1,05/15/2015,7.33,,,217,51,2.14,,
1S03A,05/15/2016,7.42,,,88,51,2.16,,
1S03B,05/15/2016,7.55,,,93,52,2.19,,
1S07,05/15/2016,7.35,,,91,54,2.09,,
1SCL1,05/15/2016,7.39,,,408,53,2.37,,
1S03,05/15/2017,7.25,,,107,53,2.15,,
1S03A,05/15/2017,7.21,,,102,53,2.21,,
1S03B,05/15/2017,7.45,,,107,53,2.06,,
1S03,05/15/2018,7.35,,,100,50,2.06,,
1S03A,05/15/2018,7.31,,,95,52,2.21,,
1S03B,05/15/2018,7.45,,,98,53,2.15,,
1S03,05/15/2019,7.39,,,82,48,2.15,,
1S03A,05/15/2019,7.33,,,79,47,1.94,,
1S03B,05/15/2019,7.71,,,84,48,2.01,,
1SCL1,05/15/2019,7.24,,,384,49,1.97,,
1S03,05/15/2020,7.42,,,104,52,2.16,,
1S03A,05/15/2020,7.62,,,102,52,2.15,,
1S03B,05/15/2020,7.66,,,104,52,2.09,,
1S03,05/15/2021,7.24,,,96,54,2.11,,
1S03A,05/15/2021,7.29,,,94,54,2.18,,
1S03B,05/15/2021,7.39,,,96,54,2.22,,
1SCH3,05/15/2021,7.17,,,482,46,2.1,,
1SCL1,05/15/2021,7.15,,,477,48,1.96,,
1S03,05/15/2022,7.52,,,88,55,2.46,,
1S03A,05/15/2022,7.32,,,84,54,2.36,,
1S03B,05/15/2022,7.58,,,91,55,2.48,,
1SCH3,05/15/2022,7.47,,,86,55,2.42,,
1SCL1,05/15/2022,7.54,,,90,55,2.42,,
1S03,05/15/2023,7.32,,,97,55,2.48,,
1S03A,05/15/2023,7.31,,,95,54,2.5,,
1S03B,05/15/2023,7.54,,,97,55,2.53,,
1SCL1,05/15/2023,7.37,,,383,54,2.32,,
1S03,05/15/2024,7.22,,,90,55,2.43,,
1S03A,05/15/2024,7.31,,,88,54,2.43,,
1S03B,05/15/2024,7.43,,,92,55,2.41,,
1S03A,05/16/2015,7.37,,,106,53,2.28,,
1S03B,05/16/2015,7.6,,,110,53,2.2,,
1S04,05/16/2015,7.43,,,109,54,1.85,,
1SCL1,05/16/2015,7.49,,,277,50,2.11,,
1S03A,05/16/2016,7.4,,,89,51,2.16,,
1S03B,05/16/2016,7.57,,,92,52,1.99,,
1S07,05/16/2016,7.58,,,91,52,2.08,,
1SCL1,05/16/2016,7.4,,,391,51,2.34,,
1S03,05/16/2017,7.28,,,106,53,2.03,,
1S03A,05/16/2017,7.17,,,103,53,2.16,,
1S03B,05/16/2017,7.41,,,107,53,2.08,,
1S03,05/16/2018,7.27,,,97,52,2.02,,
1S03A,05/16/2018,7.3,,,95,51,2.22,,
1S03B,05/16/2018,7.42,,,101,52,2.02,,
1S03,05/16/2019,7.36,,,81,48,2.15,,
1S03A,05/16/2019,7.37,,,78,48,2.01,,
1S03B,05/16/2019,7.79,,,83,48,2.02,,
1SCL1,05/16/2019,7.24,,,387,50,1.96,,
1S03,05/16/2020,7.42,,,104,54,2.18,,
1S03A,05/16/2020,7.4,,,101,54,2.12,,
1S03B,05/16/2020,7.56,,,104,54,2.17,,
1S03,05/16/2021,7.26,,,97,54,2.08,,
1S03A,05/16/2021,7.27,,,95,54,2.16,,
1S03B,05/16/2021,7.44,,,97,54,2.2,,
1SCH3,05/16/2021,7.33,,,480,48,2.03,,
1SCL1,05/16/2021,7.21,,,480,48,2.07,,
1S03,05/16/2022,7.41,,,90,55,2.47,,
1S03A,05/16/2022,7.32,,,84,54,2.41,,
1S03B,05/16/2022,7.5,,,90,55,2.36,,
1SCH3,05/16/2022,7.52,,,90,55,,,
1SCL1,05/16/2022,7.53,,,91,57,2.47,,
1S03,05/16/2023,7.34,,,96,55,2.39,,
1S03A,05/16/2023,7.31,,,95,55,2.4,,
1S03B,05/16/2023,7.53,,,96,54,2.42,,
1SCL1,05/16/2023,7.39,,,360,54,2.34,,
1S03,05/16/2024,7.21,,,91,54,2.43,,
1S03A,05/16/2024,7.33,,,90,54,2.46,,
1S03B,05/16/2024,7.39,,,93,55,2.67,,
1S03A,05/17/2015,7.45,,,105,54,2.23,,
1S03B,05/17/2015,7.69,,,110,54,1.91,,
1S04,05/17/2015,7.53,,,109,55,1.91,,
1SCL1,05/17/2015,7.51,,,305,51,2.17,,
1S03A,05/17/2016,7.25,,,88,53,2.3,,
1S03B,05/17/2016,7.48,,,93,52,1.94,,
1S07,05/17/2016,7.4,,,90,53,1.86,,
1SCL1,05/17/2016,7.07,,,385,51,2.31,,
1S03,05/17/2017,7.33,,,107,53,1.93,,
1S03A,05/17/2017,7.18,,,103,54,2.16,,
1S03B,05/17/2017,7.5,,,108,54,2.03,,
1S03,05/17/2018,7.29,,,100,51,2.12,,
1S03A,05/17/2018,7.27,,,96,52,2.16,,
1S03B,05/17/2018,7.45,,,100,52,2.08,,
1SCL1,05/17/2018,7.26,,,332,53,1.9,,
1S03,05/17/2019,7.47,,,84,50,2.1,,
1S03A,05/17/2019,7.4,,,84,52,2.15,,
1S03B,05/17/2019,7.92,,,86,51,2.11,,
1SCL1,05/17/2019,7.24,,,380,49,1.97,,
1S03,05/17/2020,7.41,,,104,55,2.07,,
1S03A,05/17/2020,7.21,,,99,55,2.21,,
1S03B,05/17/2020,7.42,,,102,54,2.07,,
1S03,05/17/2021,7.28,,,96,55,2.07,,
1S03A,05/17/2021,7.35,,,95,54,2.15,,
1S03B,05/17/2021,7.52,,,97,54,2.13,,
1SCH3,05/17/2021,7.3,,,483,46,2.06,,
1SCL1,05/17/2021,7.2,,,482,48,2.1,,
1S03,05/17/2022,7.39,,,92,55,2.27,,
1S03A,05/17/2022,7.32,,,84,55,2.49,,
1S03B,05/17/2022,7.47,,,90,57,2.33,,
1SCH3,05/17/2022,7.54,,,89,55,,,
1SCL1,05/17/2022,7.56,,,88,55,,,
1S03,05/17/2023,7.21,,,97,55,2.42,,
1S03A,05/17/2023,7.25,,,95,54,2.44,,
1S03B,05/17/2023,7.5,,,98,55,2.49,,
1SCL1,05/17/2023,7.43,,,349,54,2.37,,
1S03,05/17/2024,7.26,,,92,55,2.4,,
1S03A,05/17/2024,7.33,,,91,55,2.49,,
1S03B,05/17/2024,7.44,,,93,55,2.49,,
1S03A,05/18/2015,7.38,,,106,55,2.3,,
1S03B,05/18/2015,7.6,,,109,56,2.2,,
1S04,05/18/2015,7.46,,,108,57,2.05,,
1SCL1,05/18/2015,7.35,,,245,51,2.05,,
1S03A,05/18/2016,7.31,,,89,53,2.2,,
1S03B,05/18/2016,7.53,,,93,52,2.08,,
1S07,05/18/2016,7.44,,,90,52,2.04,,
1SCL1,05/18/2016,7.2,,,447,51,2.42,,
1S03,05/18/2017,7.33,,,107,55,2.01,,
1S03A,05/18/2017,7.2,,,101,55,2.2,,
1S03B,05/18/2017,7.49,,,107,55,2.09,,
1S03,05/18/2018,7.36,,,100,52,2.02,,
1S03A,05/18/2018,7.26,,,98,52,2.07,,
1S03B,05/18/2018,7.38,,,102,52,1.91,,
1SCL1,05/18/2018,7.32,,,402,54,2.06,,
1S03,05/18/2019,7.4,,,87,51,2.14,,
1S03A,05/18/2019,7.32,,,86,51,2.27,,
1S03B,05/18/2019,7.78,,,88,52,2.17,,
1SCL1,05/18/2019,7.26,,,352,50,2,,
1S03,05/18/2020,7.39,,,105,54,2.17,,
1S03A,05/18/2020,7.3,,,101,54,2.06,,
1S03B,05/18/2020,7.59,,,106,54,2.07,,
1S03,05/18/2021,7.39,,,95,54,2.08,,
1S03A,05/18/2021,7.33,,,93,54,2.08,,
1S03B,05/18/2021,7.52,,,97,54,2.14,,
1SCH3,05/18/2021,7.36,,,483,54,2.04,,
1SCL1,05/18/2021,7.28,,,483,54,2.17,,
1S03,05/18/2022,7.29,,,91,55,2.25,,
1S03A,05/18/2022,7.47,,,88,55,2.23,,
1S03B,05/18/2022,7.49,,,91,55,2.3,,
1SCH3,05/18/2022,7.44,,,90,54,,,
1SCL1,05/18/2022,7.49,,,91,55,,,
1S03,05/18/2023,7.16,,,98,55,2.41,,
1S03A,05/18/2023,7.36,,,95,54,2.43,,
1S03B,05/18/2023,7.52,,,98,55,2.48,,
1SCL1,05/18/2023,7.4,,,390,52,2.4,,
1S03,05/18/2024,7.31,,,92,55,2.49,,
1S03A,05/18/2024,7.3,,,90,55,2.48,,
1S03B,05/18/2024,7.5,,,92,55,2.45,,
1S03A,05/19/2015,7.42,,,104,53,2.23,,
1S03B,05/19/2015,7.74,,,107,53,2.04,,
1S04,05/19/2015,7.41,,,112,55,2.2,,
1SCL1,05/19/2015,7.44,,,337,50,2.12,,
1S03A,05/19/2016,7.3,,,88,53,2.19,,
1S03B,05/19/2016,7.6,,,93,53,2.05,,
1S07,05/19/2016,7.46,,,91,51,1.95,,
1SCL1,05/19/2016,7.42,,,447,52,2.31,,
1S03,05/19/2017,7.25,,,104,54,1.98,,
1S03A,05/19/2017,7.19,,,104,55,2.08,,
1S03B,05/19/2017,7.43,,,106,55,2,,
1S03,05/19/2018,7.32,,,100,52,2.41,,
1S03A,05/19/2018,7.27,,,98,52,2.14,,
1S03B,05/19/2018,7.39,,,101,52,1.94,,
1SCL1,05/19/2018,7.23,,,469,53,2.2,,
1S03,05/19/2019,7.3,,,87,52,2.12,,
1S03A,05/19/2019,7.37,,,84,51,2.09,,
1S03B,05/19/2019,7.57,,,88,52,1.97,,
1SCL1,05/19/2019,7.36,,,369,49,1.95,,
1S03,05/19/2020,7.31,,,106,54,2.14,,
1S03A,05/19/2020,7.28,,,101,54,2.14,,
1S03B,05/19/2020,7.36,,,106,54,2.11,,
1S03,05/19/2021,7.3,,,95,55,2.09,,
1S03A,05/19/2021,7.38,,,93,54,2.17,,
1S03B,05/19/2021,7.48,,,97,54,2.23,,
1SCH3,05/19/2021,7.36,,,484,54,1.97,,
1SCL1,05/19/2021,7.34,,,478,54,2.14,,
1S03,05/19/2022,7.32,,,90,55,2.43,,
1S03A,05/19/2022,7.27,,,89,54,2.44,,
1S03B,05/19/2022,7.46,,,90,55,2.55,,
1SCH3,05/19/2022,7.36,,,90,55,,,
1SCL1,05/19/2022,7.43,,,96,55,,,
1S03,05/19/2023,7.32,,,98,55,2.44,,
1S03A,05/19/2023,7.31,,,96,55,2.46,,
1S03B,05/19/2023,7.53,,,99,55,2.48,,
1SCL1,05/19/2023,7.36,,,374,54,2.37,,
1S03,05/19/2024,7.25,,,92,55,2.5,,
1S03A,05/19/2024,7.3,,,88,55,2.49,,
1S03B,05/19/2024,7.48,,,91,55,2.56,,
1S03A,05/20/2015,7.25,,,104,53,2.21,,
1S03B,05/20/2015,7.65,,,109,54,2.24,,
1S04,05/20/2015,7.24,,,108,54,2.19,,
1SCL1,05/20/2015,7.46,,,276,51,2.47,,
1S03A,05/20/2016,7.34,,,89,54,2.22,,
1S03B,05/20/2016,7.56,,,92,54,2.16,,
1S07,05/20/2016,7.47,,,91,55,1.9,,
1SCL1,05/20/2016,7.38,,,417,53,2.25,,
1S03,05/20/2017,7.51,,,107,55,1.95,,
1S03A,05/20/2017,7.41,,,103,54,2.08,,
1S03B,05/20/2017,7.55,,,106,53,2.03,,
1S03,05/20/2018,7.25,,,100,52,1.79,,
1S03A,05/20/2018,7.29,,,97,54,2.1,,
1S03B,05/20/2018,7.41,,,100,53,2.02,,
1SCL1,05/20/2018,7.27,,,495,53,2.2,,
1S03,05/20/2019,7.33,,,87,56,2.15,,
1S03A,05/20/2019,7.34,,,85,55,2.05,,
1S03B,05/20/2019,7.5,,,88,55,2.01,,
1SCL1,05/20/2019,7.22,,,386,50,1.98,,
1S03,05/20/2020,7.32,,,107,55,2.04,,
1S03A,05/20/2020,7.32,,,102,55,2.16,,
1S03B,05/20/2020,7.56,,,105,54,2.08,,
1S03,05/20/2021,7.39,,,96,55,2.13,,
1S03A,05/20/2021,7.35,,,94,54,2.13,,
1S03B,05/20/2021,7.61,,,98,55,2.17,,
1SCH3,05/20/2021,7.39,,,480,54,2.09,,
1SCL1,05/20/2021,7.36,,,483,55,2.2,,
1S03,05/20/2022,7.29,,,91,55,2.66,,
1S03A,05/20/2022,7.18,,,87,55,2.45,,
1S03B,05/20/2022,7.45,,,90,57,2.51,,
1SCH3,05/20/2022,7.43,,,89,55,2.49,,
1SCL1,05/20/2022,7.43,,,91,55,2.56,,
1S03,05/20/2023,7.31,,,98,55,2.44,,
1S03A,05/20/2023,7.28,,,95,55,2.49,,
1S03B,05/20/2023,7.56,,,97,55,2.44,,
1SCL1,05/20/2023,7.39,,,378,54,2.34,,
1S03,05/20/2024,7.25,,,90,55,2.5,,
1S03A,05/20/2024,7.3,,,88,55,2.49,,
1S03B,05/20/2024,7.47,,,92,55,2.52,,
1S03A,05/21/2015,7.19,,,105,53,2.19,,
1S03B,05/21/2015,7.55,,,109,53,1.99,,
1S04,05/21/2015,7.34,,,107,55,2.2,,
1SCL1,05/21/2015,7.43,,,335,50,2.29,,
1S03A,05/21/2016,7.49,,,89,53,2.1,,
1S03B,05/21/2016,7.77,,,93,53,1.91,,
1S07,05/21/2016,7.41,,,88,54,2.07,,
1SCL1,05/21/2016,7.35,,,361,52,2.42,,
1S03,05/21/2017,7.39,,,107,55,2.17,,
1S03A,05/21/2017,7.26,,,101,53,2.16,,
1S03B,05/21/2017,7.47,,,107,53,2.03,,
1S03,05/21/2018,7.22,,,99,53,2.13,,
1S03A,05/21/2018,7.25,,,96,53,2.11,,
1S03B,05/21/2018,7.38,,,100,53,1.97,,
1SCL1,05/21/2018,7.32,,,506,53,2.17,,
1S03,05/21/2019,7.34,,,87,54,1.92,,
1S03A,05/21/2019,7.27,,,85,53,2.07,,
1S03B,05/21/2019,7.51,,,89,55,2.03,,
1SCL1,05/21/2019,7.27,,,406,49,2.07,,
1S03,05/21/2020,7.36,,,106,55,2.1,,
1S03A,05/21/2020,7.35,,,100,54,2.12,,
1S03B,05/21/2020,7.56,,,107,55,2.09,,
1S03,05/21/2021,7.45,,,95,55,2.14,,
1S03A,05/21/2021,7.33,,,93,55,2.1,,
1S03B,05/21/2021,7.67,,,97,55,2.13,,
1SCH3,05/21/2021,7.45,,,481,52,1.98,,
1SCL1,05/21/2021,7.34,,,478,52,2.13,,
1S03,05/21/2022,7.37,,,90,55,2.44,,
1S03A,05/21/2022,7.17,,,84,55,2.43,,
1S03B,05/21/2022,7.43,,,88,57,2.59,,
1SCH3,05/21/2022,7.33,,,85,55,2.5,,
1SCL1,05/21/2022,7.41,,,91,57,2.53,,
1S03,05/21/2023,7.32,,,98,55,2.39,,
1S03A,05/21/2023,7.25,,,96,55,2.48,,
1S03B,05/21/2023,7.51,,,99,55,2.5,,
1SCL1,05/21/2023,7.37,,,392,54,2.37,,
1S03,05/21/2024,7.26,,,89,55,2.59,,
1S03A,05/21/2024,7.34,,,87,55,2.52,,
1S03B,05/21/2024,7.45,,,91,55,2.72,,
1S03A,05/22/2015,7.2,,,101,53,2.17,,
1S03B,05/22/2015,7.64,,,109,53,1.76,,
1S04,05/22/2015,7.39,,,107,54,2.09,,
1SCL1,05/22/2015,7.45,,,313,53,2.15,,
1S03A,05/22/2016,7.49,,,89,54,2.33,,
1S03B,05/22/2016,7.75,,,92,54,2.17,,
1S07,05/22/2016,7.05,,,91,55,1.94,,
1SCL1,05/22/2016,7.4,,,355,53,2.37,,
1S03,05/22/2017,7.35,,,106,55,1.93,,
1S03A,05/22/2017,7.23,,,101,55,2.35,,
1S03B,05/22/2017,7.44,,,106,55,2.12,,
1S03,05/22/2018,7.18,,,97,53,2.07,,
1S03A,05/22/2018,7.33,,,96,53,2.16,,
1S03B,05/22/2018,7.44,,,98,53,1.98,,
1SCL1,05/22/2018,7.3,,,436,52,2.22,,
1S03,05/22/2019,7.43,,,87,53,2.16,,
1S03A,05/22/2019,7.27,,,85,53,2.02,,
1S03B,05/22/2019,7.55,,,89,54,2.02,,
1SCL1,05/22/2019,7.29,,,416,49,2.1,,
1S03,05/22/2020,7.41,,,102,55,2.02,,
1S03A,05/22/2020,7.43,,,96,55,2.05,,
1S03B,05/22/2020,7.41,,,103,55,2.12,,
1S03,05/22/2021,7.45,,,95,55,2.1,,
1S03A,05/22/2021,7.39,,,92,55,2.04,,
1S03B,05/22/2021,7.68,,,96,55,2.23,,
1SCH3,05/22/2021,7.39,,,478,48,1.88,,
1SCL1,05/22/2021,7.27,,,473,48,2.13,,
1S03,05/22/2022,7.38,,,89,57,2.49,,
1S03A,05/22/2022,7.29,,,85,57,2.43,,
1S03B,05/22/2022,7.24,,,86,57,2.51,,
1SCH3,05/22/2022,7.42,,,86,55,2.55,,
1SCL1,05/22/2022,7.33,,,90,57,2.5,,
1S03,05/22/2023,7.25,,,99,55,2.43,,
1S03A,05/22/2023,7.03,,,97,55,2.5,,
1S03B,05/22/2023,7.44,,,101,55,2.48,,
1SCL1,05/22/2023,7.31,,,359,54,2.31,,
1S03,05/22/2024,7.41,,,91,57,2.38,,
1S03A,05/22/2024,7.36,,,87,55,2.66,,
1S03B,05/22/2024,7.45,,,90,57,2.74,,
1S03A,05/23/2015,7.36,,,105,54,2.27,,
1S03B,05/23/2015,7.53,,,110,53,2.02,,
1S04,05/23/2015,7.38,,,105,53,1.96,,
1SCL1,05/23/2015,7.46,,,331,50,2.26,,
1S03A,05/23/2016,7.44,,,90,55,2.24,,
1S03B,05/23/2016,7.62,,,93,55,2.16,,
1S07,05/23/2016,7.56,,,91,54,2,,
1SCL1,05/23/2016,7.32,,,451,53,2.31,,
1S03,05/23/2017,7.35,,,106,54,2.1,,
1S03A,05/23/2017,7.38,,,102,53,2.15,,
1S03B,05/23/2017,7.54,,,107,54,1.93,,
1S03,05/23/2018,7.23,,,97,52,2.02,,
1S03A,05/23/2018,7.31,,,97,53,2.12,,
1S03B,05/23/2018,7.35,,,99,52,1.9,,
1SCL1,05/23/2018,7.29,,,504,52,2.32,,
1S03,05/23/2019,7.51,,,87,53,2.11,,
1S03A,05/23/2019,7.33,,,85,53,2.01,,
1S03B,05/23/2019,7.51,,,89,54,1.9,,
1SCL1,05/23/2019,7.31,,,403,50,2.1,,
1S03,05/23/2020,7.39,,,101,55,2.02,,
1S03A,05/23/2020,7.38,,,96,55,2.12,,
1S03B,05/23/2020,7.34,,,100,57,2.1,,
1S03,05/23/2021,7.44,,,95,55,2.11,,
1S03A,05/23/2021,7.36,,,92,55,2.08,,
1S03B,05/23/2021,7.61,,,96,55,2.16,,
1SCH3,05/23/2021,7.47,,,477,48,1.96,,
1SCL1,05/23/2021,7.23,,,473,48,2.08,,
1S03,05/23/2022,7.28,,,91,57,2.47,,
1S03A,05/23/2022,7.24,,,86,57,2.44,,
1S03B,05/23/2022,7.47,,,90,57,2.55,,
1SCH3,05/23/2022,7.42,,,88,55,2.56,,
1SCL1,05/23/2022,7.3,,,90,57,2.71,,
1S03,05/23/2023,7.37,,,99,55,2.45,,
1S03A,05/23/2023,7.3,,,96,55,2.5,,
1S03B,05/23/2023,7.55,,,101,57,2.66,,
1SCL1,05/23/2023,7.4,,,349,54,2.42,,
1S03,05/23/2024,7.28,,,88,57,2.49,,
1S03A,05/23/2024,7.46,,,87,55,2.41,,
1S03B,05/23/2024,7.52,,,90,57,2.83,,
1S03A,05/24/2015,7.35,,,104,53,2.14,,
1S03B,05/24/2015,7.78,,,108,53,2.1,,
1S04,05/24/2015,7.35,,,108,56,2.22,,
1SCL1,05/24/2015,7.44,,,330,50,2.18,,
1S03A,05/24/2016,7.45,,,89,54,2.11,,
1S03B,05/24/2016,7.66,,,92,54,2.15,,
1S07,05/24/2016,7.42,,,87,54,2.09,,
1SCL1,05/24/2016,7.25,,,449,54,2.31,,
1S03,05/24/2017,7.32,,,106,55,1.95,,
1S03A,05/24/2017,7.45,,,101,54,2.21,,
1S03B,05/24/2017,7.51,,,107,54,1.98,,
1S03,05/24/2018,7.23,,,99,53,2.04,,
1S03A,05/24/2018,7.37,,,97,54,2.06,,
1S03B,05/24/2018,7.4,,,100,54,2.01,,
1SCL1,05/24/2018,7.31,,,503,52,2.26,,
1S03,05/24/2019,7.31,,,88,54,2.15,,
1S03A,05/24/2019,7.35,,,84,54,2.02,,
1S03B,05/24/2019,7.56,,,89,56,2.05,,
1SCL1,05/24/2019,7.31,,,410,50,2.09,,
1S03,05/24/2020,7.26,,,100,55,2.02,,
1S03A,05/24/2020,7.4,,,99,55,2.08,,
1S03B,05/24/2020,7.51,,,102,55,2.08,,
1S03,05/24/2021,7.43,,,94,57,2.1,,
1S03A,05/24/2021,7.43,,,93,57,2.11,,
1S03B,05/24/2021,7.72,,,95,57,2.17,,
1SCH3,05/24/2021,7.42,,,486,50,2.08,,
1SCL1,05/24/2021,7.29,,,479,50,2.25,,
1S03,05/24/2022,7.11,,,91,57,2.46,,
1S03A,05/24/2022,7.15,,,88,57,2.41,,
1S03B,05/24/2022,7.48,,,93,57,2.47,,
1SCH3,05/24/2022,7.52,,,93,59,2.55,,
1SCL1,05/24/2022,7.41,,,94,59,2.6,,
1S03,05/24/2023,7.32,,,99,55,2.41,,
1S03A,05/24/2023,7.28,,,96,55,2.5,,
1S03B,05/24/2023,7.54,,,100,57,2.47,,
1S03,05/24/2024,7.28,,,89,57,2.47,,
1S03A,05/24/2024,7.3,,,86,57,2.46,,
1S03B,05/24/2024,7.44,,,90,57,2.52,,
1S03A,05/25/2015,7.34,,,106,52,2.22,,
1S03B,05/25/2015,7.69,,,109,53,2.07,,
1S04,05/25/2015,7.5,,,108,53,2.01,,
1SCL1,05/25/2015,7.22,,,353,51,2.14,,
1S03A,05/25/2016,7.42,,,88,54,2.1,,
1S03B,05/25/2016,7.66,,,92,54,2.09,,
1S07,05/25/2016,7.52,,,90,56,1.84,,
1SCL1,05/25/2016,7.28,,,459,55,2.25,,
1S03,05/25/2017,7.28,,,104,55,2.13,,
1S03A,05/25/2017,7.21,,,101,55,2.22,,
1S03B,05/25/2017,7.35,,,105,55,2.07,,
1S03,05/25/2018,7.32,,,100,53,2.02,,
1S03A,05/25/2018,7.39,,,97,54,2.11,,
1S03B,05/25/2018,7.45,,,101,55,2.14,,
1SCL1,05/25/2018,7.31,,,507,51,2.25,,
1S03,05/25/2019,7.3,,,87,54,2.05,,
1S03A,05/25/2019,7.22,,,84,53,2.04,,
1S03B,05/25/2019,7.51,,,88,54,2.2,,
1SCL1,05/25/2019,7.24,,,399,50,2.1,,
1S03,05/25/2020,7.4,,,99,55,2.01,,
1S03A,05/25/2020,7.33,,,96,55,2.06,,
1S03B,05/25/2020,7.51,,,100,55,2.01,,
1S03,05/25/2021,7.36,,,95,57,2.12,,
1S03A,05/25/2021,7.32,,,93,55,2.11,,
1S03B,05/25/2021,7.64,,,97,55,2.19,,
1SCH3,05/25/2021,7.38,,,487,48,2.08,,
1SCL1,05/25/2021,7.22,,,482,48,2.23,,
1S03,05/25/2022,7.36,,,92,57,2.55,,
1S03A,05/25/2022,7.16,,,89,57,2.48,,
1S03B,05/25/2022,7.42,,,92,57,2.37,,
1SCH3,05/25/2022,7.45,,,92,57,2.52,,
1SCL1,05/25/2022,7.45,,,94,57,2.49,,
1S03,05/25/2023,7.32,,,99,57,2.49,,
1S03A,05/25/2023,7.26,,,98,55,2.42,,
1S03B,05/25/2023,7.67,,,99,57,2.48,,
1S03,05/25/2024,7.3,,,88,57,2.46,,
1S03A,05/25/2024,7.29,,,85,55,2.5,,
1S03B,05/25/2024,7.53,,,91,57,2.48,,
1S03A,05/26/2015,7.33,,,103,55,1.93,,
1S03B,05/26/2015,7.51,,,108,55,2.01,,
1S04,05/26/2015,7.46,,,108,56,1.79,,
1SCL1,05/26/2015,7.29,,,367,50,2.14,,
1S03A,05/26/2016,7.45,,,89,55,2.2,,
1S03B,05/26/2016,7.61,,,92,55,2.16,,
1S07,05/26/2016,7.36,,,89,56,2.13,,
1SCL1,05/26/2016,7.28,,,421,54,2.19,,
1S03,05/26/2017,7.33,,,104,55,2.03,,
1S03A,05/26/2017,7.32,,,103,56,2.12,,
1S03B,05/26/2017,7.51,,,105,55,1.99,,
1S03,05/26/2018,7.33,,,100,53,1.96,,
1S03A,05/26/2018,7.33,,,98,54,2.14,,
1S03B,05/26/2018,7.47,,,101,54,2.2,,
1SCL1,05/26/2018,7.31,,,446,53,2.27,,
1S03,05/26/2019,7.29,,,86,54,1.94,,
1S03A,05/26/2019,7.35,,,84,54,1.91,,
1S03B,05/26/2019,7.62,,,88,55,1.98,,
1SCL1,05/26/2019,7.32,,,387,51,2.25,,
1S03,05/26/2020,7.4,,,101,57,2.11,,
1S03A,05/26/2020,7.34,,,97,55,2.22,,
1S03B,05/26/2020,7.55,,,101,57,1.97,,
1S03,05/26/2021,7.47,,,93,57,2.09,,
1S03A,05/26/2021,7.42,,,92,57,2.14,,
1S03B,05/26/2021,7.54,,,96,57,2.07,,
1SCH3,05/26/2021,7.32,,,480,48,2.27,,
1SCL1,05/26/2021,7.27,,,476,48,2.11,,
1S03,05/26/2022,7.4,,,92,57,2.41,,
1S03A,05/26/2022,7.23,,,87,57,2.38,,
1S03B,05/26/2022,7.51,,,93,57,2.56,,
1SCH3,05/26/2022,7.45,,,91,57,2.57,,
1SCL1,05/26/2022,7.3,,,107,59,2.2,,
1S03,05/26/2023,7.39,,,99,57,2.48,,
1S03A,05/26/2023,7.45,,,97,57,2.49,,
1S03B,05/26/2023,7.79,,,100,57,2.49,,
1S03,05/26/2024,7.34,,,87,57,2.47,,
1S03A,05/26/2024,7.29,,,85,57,2.81,,
1S03B,05/26/2024,7.47,,,88,57,2.45,,
1S03A,05/27/2015,7.28,,,104,55,2.07,,
1S03B,05/27/2015,7.58,,,108,55,1.98,,
1S04,05/27/2015,7.36,,,106,56,2.01,,
1SCL1,05/27/2015,7.38,,,282,53,2.08,,
1S03A,05/27/2016,7.32,,,86,56,2.08,,
1S03B,05/27/2016,7.52,,,91,57,2.14,,
1S07,05/27/2016,7.38,,,89,57,1.82,,
1SCL1,05/27/2016,7.34,,,405,55,2.05,,
1S03,05/27/2017,7.28,,,104,56,2.33,,
1S03A,05/27/2017,7.32,,,99,55,2.1,,
1S03B,05/27/2017,7.45,,,104,55,2,,
1S03,05/27/2018,7.33,,,101,54,2.25,,
1S03A,05/27/2018,7.36,,,98,52,2.32,,
1S03B,05/27/2018,7.56,,,101,53,2.14,,
1SCL1,05/27/2018,7.2,,,472,52,2.35,,
1S03,05/27/2019,7.25,,,86,55,2.2,,
1S03A,05/27/2019,7.27,,,83,54,2.11,,
1S03B,05/27/2019,7.58,,,88,55,2.05,,
1SCL1,05/27/2019,7.35,,,367,52,2.16,,
1S03,05/27/2020,7.38,,,100,57,2.16,,
1S03A,05/27/2020,7.31,,,95,55,2.09,,
1S03B,05/27/2020,7.6,,,100,57,2.07,,
1S03,05/27/2021,7.4,,,95,61,1.71,,
1S03A,05/27/2021,7.35,,,93,59,2.25,,
1S03B,05/27/2021,7.55,,,95,57,2.19,,
1SCH3,05/27/2021,7.46,,,487,52,2.25,,
1SCL1,05/27/2021,7.38,,,481,50,2.22,,
1S03,05/27/2022,7.42,,,94,57,2.47,,
1S03A,05/27/2022,7.2,,,88,57,2.53,,
1S03B,05/27/2022,7.54,,,94,59,2.51,,
1SCH3,05/27/2022,7.5,,,91,57,2.67,,
1SCL1,05/27/2022,7.38,,,384,55,2.57,,
1S03,05/27/2023,7.27,,,99,57,2.48,,
1S03A,05/27/2023,7.38,,,96,57,2.51,,
1S03B,05/27/2023,7.59,,,100,57,2.46,,
1S03,05/27/2024,7.3,,,87,57,2.47,,
1S03A,05/27/2024,7.34,,,84,57,2.56,,
1S03B,05/27/2024,7.51,,,87,57,2.62,,
1S03A,05/28/2015,7.27,,,101,56,2.07,,
1S03B,05/28/2015,7.57,,,106,56,1.95,,
1S04,05/28/2015,7.42,,,104,57,1.8,,
1SCL1,05/28/2015,7.31,,,286,54,2.16,,
1S03A,05/28/2016,7.4,,,87,56,2.16,,
1S03B,05/28/2016,7.65,,,91,57,2.02,,
1S07,05/28/2016,7.37,,,90,57,1.99,,
1SCL1,05/28/2016,7.39,,,424,56,2.38,,
1S03,05/28/2017,7.37,,,104,56,1.94,,
1S03A,05/28/2017,7.32,,,99,55,2.12,,
1S03B,05/28/2017,7.49,,,100,55,1.92,,
1S03,05/28/2018,7.36,,,101,52,2.11,,
1S03A,05/28/2018,7.17,,,99,52,2.05,,
1S03B,05/28/2018,7.43,,,102,52,2.01,,
1SCL1,05/28/2018,7.22,,,513,50,2.19,,
1S03,05/28/2019,7.19,,,86,55,1.89,,
1S03A,05/28/2019,7.29,,,83,54,2.05,,
1S03B,05/28/2019,7.5,,,88,55,2.07,,
1SCL1,05/28/2019,7.32,,,402,52,2.1,,
1S03,05/28/2020,7.28,,,98,57,2.2,,
1S03A,05/28/2020,7.56,,,95,55,2.16,,
1S03B,05/28/2020,7.54,,,98,57,2.02,,
1S03,05/28/2021,7.39,,,94,57,2.08,,
1S03A,05/28/2021,7.36,,,91,57,2.14,,
1S03B,05/28/2021,7.55,,,94,55,2.2,,
1SCL1,05/28/2021,7.26,,,418,52,2.1,,
1S03,05/28/2022,7.44,,,92,59,2.46,,
1S03A,05/28/2022,7.35,,,87,57,2.43,,
1S03B,05/28/2022,7.59,,,92,59,2.67,,
1SCH3,05/28/2022,7.49,,,90,57,2.59,,
1SCL1,05/28/2022,7.5,,,359,54,2.27,,
1S03,05/28/2023,7.31,,,97,57,2.46,,
1S03A,05/28/2023,7.42,,,93,57,2.5,,
1S03B,05/28/2023,7.7,,,97,57,2.5,,
1S03,05/28/2024,7.26,,,86,59,2.47,,
1S03A,05/28/2024,7.24,,,83,57,2.41,,
1S03B,05/28/2024,7.41,,,88,59,2.51,,
1S03A,05/29/2015,7.34,,,101,56,2.04,,
1S03B,05/29/2015,7.54,,,105,56,2.13,,
1S04,05/29/2015,7.39,,,104,57,2.03,,
1SCL1,05/29/2015,7.33,,,327,56,2.21,,
1S03A,05/29/2016,7.12,,,87,57,2.28,,
1S03B,05/29/2016,7.58,,,91,57,2.32,,
1S07,05/29/2016,7.37,,,89,57,2.08,,
1SCL1,05/29/2016,7.3,,,371,56,2.38,,
1S03,05/29/2017,7.34,,,104,55,2.09,,
1S03A,05/29/2017,7.36,,,101,55,2.07,,
1S03B,05/29/2017,7.4,,,102,54,1.96,,
1S03,05/29/2018,7.39,,,100,54,2.09,,
1S03A,05/29/2018,7.29,,,95,53,2.2,,
1S03B,05/29/2018,7.42,,,101,54,2.02,,
1SCL1,05/29/2018,7.27,,,507,52,2.13,,
1S03,05/29/2019,7.38,,,85,55,2.16,,
1S03A,05/29/2019,7.27,,,83,54,2.11,,
1S03B,05/29/2019,7.49,,,88,56,2.06,,
1SCL1,05/29/2019,7.31,,,381,51,2.33,,
1S03,05/29/2020,7.38,,,98,57,1.99,,
1S03A,05/29/2020,7.37,,,93,55,2.25,,
1S03B,05/29/2020,7.62,,,96,57,2.17,,
1S03,05/29/2021,7.3,,,95,57,2.05,,
1S03A,05/29/2021,7.34,,,90,59,2.14,,
1S03B,05/29/2021,7.59,,,94,57,2.22,,
1SCL1,05/29/2021,7.21,,,433,50,2.21,,
1S03,05/29/2022,7.37,,,91,57,2.45,,
1S03A,05/29/2022,7.36,,,88,57,2.58,,
1S03B,05/29/2022,7.55,,,92,57,2.61,,
1SCH3,05/29/2022,7.47,,,90,57,2.56,,
1SCL1,05/29/2022,7.45,,,353,54,2.28,,
1S03,05/29/2023,7.23,,,96,57,2.45,,
1S03A,05/29/2023,7.42,,,95,57,2.51,,
1S03B,05/29/2023,7.73,,,96,57,2.5,,
1S03,05/29/2024,7.26,,,85,59,2.44,,
1S03A,05/29/2024,7.25,,,84,57,2.44,,
1S03B,05/29/2024,7.36,,,88,59,2.49,,
1S03A,05/30/2015,7.32,,,99,58,2.29,,
1S03B,05/30/2015,7.58,,,104,57,1.96,,
1S04,05/30/2015,7.25,,,102,57,2.15,,
1SCL1,05/30/2015,7.47,,,381,54,2.28,,
1S03A,05/30/2016,7.32,,,87,57,2.13,,
1S03B,05/30/2016,7.59,,,91,57,2.18,,
1S07,05/30/2016,7.4,,,89,57,2.15,,
1SCL1,05/30/2016,7.31,,,425,56,2.33,,
1S03,05/30/2017,7.39,,,104,55,2.05,,
1S03A,05/30/2017,7.18,,,99,55,2.13,,
1S03B,05/30/2017,7.4,,,103,55,1.99,,
1S03,05/30/2018,7.28,,,99,54,2.03,,
1S03A,05/30/2018,7.32,,,94,54,2.25,,
1S03B,05/30/2018,7.42,,,99,54,2.05,,
1SCL1,05/30/2018,7.38,,,508,53,2.17,,
1S03,05/30/2019,7.2,,,84,55,2.26,,
1S03A,05/30/2019,7.22,,,83,55,2.07,,
1S03B,05/30/2019,7.52,,,87,55,2.04,,
1SCL1,05/30/2019,7.27,,,400,51,2.19,,
1S03,05/30/2020,7.36,,,96,57,2.13,,
1S03A,05/30/2020,7.36,,,92,55,2.12,,
1S03B,05/30/2020,7.32,,,93,57,2.09,,
1S03,05/30/2021,7.43,,,95,57,2.21,,
1S03A,05/30/2021,7.53,,,92,59,2.23,,
1S03B,05/30/2021,7.71,,,96,59,2.3,,
1SCL1,05/30/2021,7.18,,,430,50,2.31,,
1S03,05/30/2022,7.38,,,92,59,2.49,,
1S03A,05/30/2022,7.44,,,91,57,2.49,,
1S03B,05/30/2022,7.65,,,95,59,2.57,,
1SCH3,05/30/2022,7.64,,,94,59,2.66,,
1SCL1,05/30/2022,7.39,,,416,52,2.1,,
1S03,05/30/2023,7.3,,,96,59,2.48,,
1S03A,05/30/2023,7.46,,,95,57,2.51,,
1S03B,05/30/2023,7.61,,,99,57,2.5,,
1S03,05/30/2024,7.2,,,84,59,2.4,,
1S03A,05/30/2024,7.28,,,83,57,2.43,,
1S03B,05/30/2024,7.32,,,88,59,2.63,,
1S03A,05/31/2015,7.24,,,100,57,2.14,,
1S03B,05/31/2015,7.62,,,104,57,2.31,,
1S04,05/31/2015,7.44,,,102,57,1.92,,
1SCL1,05/31/2015,7.41,,,382,54,2.26,,
1S03A,05/31/2016,7.35,,,87,58,2.36,,
1S03B,05/31/2016,7.63,,,90,58,1.83,,
1S07,05/31/2016,7.4,,,86,57,1.97,,
1SCL1,05/31/2016,7.35,,,421,55,2.39,,
1S03,05/31/2017,7.25,,,101,56,2.03,,
1S03A,05/31/2017,7.18,,,98,55,2.12,,
1S03B,05/31/2017,7.35,,,100,55,2,,
1S03,05/31/2018,7.27,,,99,54,2.01,,
1S03A,05/31/2018,7.35,,,96,54,2.1,,
1S03B,05/31/2018,7.45,,,101,55,2.04,,
1SCL1,05/31/2018,7.37,,,516,51,2.23,,
1S03,05/31/2019,7.31,,,85,55,2,,
1S03A,05/31/2019,7.25,,,83,54,1.9,,
1S03B,05/31/2019,7.49,,,87,56,2.03,,
1SCL1,05/31/2019,7.37,,,396,52,1.96,,
1S03,05/31/2020,7.33,,,96,57,2.06,,
1S03A,05/31/2020,7.32,,,93,55,2.12,,
1S03B,05/31/2020,7.5,,,95,55,2.07,,
1S03,05/31/2021,7.39,,,96,57,2.14,,
1S03A,05/31/2021,7.55,,,93,57,2.14,,
1S03B,05/31/2021,7.63,,,95,57,2.19,,
1SCL1,05/31/2021,7.28,,,423,52,2.14,,
1S03,05/31/2022,7.41,,,91,59,2.53,,
1S03A,05/31/2022,7.26,,,89,57,2.51,,
1S03B,05/31/2022,7.55,,,92,61,2.59,,
1SCH3,05/31/2022,7.52,,,92,59,2.44,,
1SCL1,05/31/2022,7.39,,,331,55,2.4,,
1S03,05/31/2023,7.29,,,95,57,2.47,,
1S03A,05/31/2023,7.42,,,92,57,2.47,,
1S03B,05/31/2023,7.57,,,97,59,2.49,,
1S03,05/31/2024,7.2,,,89,59,2.48,,
1S03A,05/31/2024,7.3,,,86,57,2.48,,
1S03B,05/31/2024,7.39,,,88,59,2.52,,
1S03A,06/13/2015,7.3,,,98,58,2.04,,
1S03B,06/13/2015,7.59,,,102,59,1.89,,
1S04,06/13/2015,7.36,,,101,60,1.98,,
1SCL1,06/13/2015,7.56,,,305,54,2.13,,
1S03A,06/13/2016,7.25,,,87,57,2.23,,
1S03B,06/13/2016,7.43,,,91,58,2.09,,
1S07,06/13/2016,7.36,,,90,58,2.04,,
1SCL1,06/13/2016,7.35,,,457,53,2.3,,
1S03,06/13/2017,7.28,,,98,58,1.98,,
1S03A,06/13/2017,7.43,,,96,60,2.21,,
1S03B,06/13/2017,7.49,,,99,58,1.99,,
1S03,06/13/2018,7.41,,,95,56,2.1,,
1S03A,06/13/2018,7.43,,,92,57,2.21,,
1S03B,06/13/2018,7.62,,,95,57,2.06,,
1SCL1,06/13/2018,7.32,,,514,54,2.29,,
1S03,06/13/2019,7.41,,,86,57,2.21,,
1S03A,06/13/2019,7.37,,,83,57,2.06,,
1S03B,06/13/2019,7.61,,,88,58,2.05,,
1S03,06/13/2020,7.29,,,91,61,2,,
1S03A,06/13/2020,7.34,,,88,59,2.12,,
1S03B,06/13/2020,7.5,,,91,59,2.2,,
1S03,06/13/2021,7.35,,,94,59,2.1,,
1S03A,06/13/2021,7.08,,,87,57,2.27,,
1S03B,06/13/2021,7.3,,,91,59,2.17,,
1SCL1,06/13/2021,7.26,,,401,55,2,,
1S03,06/13/2022,7.31,,,91,63,2.49,,
1S03A,06/13/2022,7.37,,,88,61,2.46,,
1S03B,06/13/2022,7.54,,,92,61,2.33,,
1SCH3,06/13/2022,7.58,,,92,61,2.31,,
1SCL1,06/13/2022,7.56,,,91,63,2.42,,
1S03,06/13/2023,7.25,,,88,61,2.42,,
1S03A,06/13/2023,7.42,,,87,61,2.49,,
1S03B,06/13/2023,7.54,,,89,61,2.53,,
1S03,06/13/2024,7.2,,,82,61,2.49,,
1S03A,06/13/2024,7.34,,,81,61,2.44,,
1S03B,06/13/2024,7.58,,,85,61,2.53,,
1S03A,06/14/2015,7.32,,,98,57,2,,
1S03B,06/14/2015,7.59,,,101,57,2,,
1S04,06/14/2015,7.24,,,101,58,1.87,,
1SCL1,06/14/2015,7.4,,,276,53,2.06,,
1S03A,06/14/2016,7.38,,,88,58,2.3,,
1S03B,06/14/2016,7.57,,,91,59,2.12,,
1S07,06/14/2016,7.46,,,90,59,1.99,,
1SCL1,06/14/2016,7.27,,,400,56,2.39,,
1S03,06/14/2017,7.4,,,97,59,1.93,,
1S03A,06/14/2017,7.37,,,97,58,2.05,,
1S03B,06/14/2017,7.59,,,98,58,1.86,,
1S03,06/14/2018,7.39,,,94,56,1.98,,
1S03A,06/14/2018,7.32,,,92,56,2.17,,
1S03B,06/14/2018,7.5,,,96,56,1.96,,
1SCL1,06/14/2018,7.38,,,498,54,2.38,,
1S03,06/14/2019,7.42,,,85,57,2.16,,
1S03A,06/14/2019,7.33,,,85,57,2.07,,
1S03B,06/14/2019,7.7,,,88,57,2.07,,
1S03,06/14/2020,7.34,,,91,61,2.27,,
1S03A,06/14/2020,7.42,,,88,59,2.09,,
1S03B,06/14/2020,7.65,,,92,61,2.09,,
1S03,06/14/2021,7.34,,,93,59,2.14,,
1S03A,06/14/2021,7.36,,,91,59,2.12,,
1S03B,06/14/2021,7.53,,,95,59,2.17,,
1SCL1,06/14/2021,7.24,,,448,54,2.01,,
1S03,06/14/2022,7.34,,,92,61,2.3,,
1S03A,06/14/2022,7.33,,,90,61,2.37,,
1S03B,06/14/2022,7.57,,,93,63,2.44,,
1SCH3,06/14/2022,7.59,,,93,61,2.12,,
1SCL1,06/14/2022,7.56,,,93,63,2.3,,
1S03,06/14/2023,7.27,,,87,61,2.4,,
1S03A,06/14/2023,7.46,,,87,59,2.36,,
1S03B,06/14/2023,7.5,,,89,61,2.47,,
1S03,06/14/2024,7.32,,,82,63,2.48,,
1S03A,06/14/2024,7.35,,,81,61,2.45,,
1S03B,06/14/2024,7.57,,,85,63,2.52,,
1S03A,06/15/2015,7.39,,,98,58,2.24,,
1S03B,06/15/2015,7.53,,,105,59,2.16,,
1S04,06/15/2015,7.46,,,97,59,2.23,,
1SCL1,06/15/2015,7.44,,,299,53,2.03,,
1S03A,06/15/2016,7.39,,,87,59,2.26,,
1S03B,06/15/2016,7.65,,,93,60,2.3,,
1S07,06/15/2016,7.53,,,90,59,1.72,,
1SCL1,06/15/2016,7.38,,,460,57,2.34,,
1S03,06/15/2017,7.47,,,99,59,1.44,,
1S03A,06/15/2017,7.37,,,96,57,1.98,,
1S03B,06/15/2017,7.5,,,100,58,1.82,,
1S03,06/15/2018,7.4,,,94,57,1.99,,
1S03A,06/15/2018,7.26,,,92,56,2.16,,
1S03B,06/15/2018,7.54,,,97,57,1.96,,
1SCL1,06/15/2018,7.4,,,517,53,2.36,,
1S03,06/15/2019,7.37,,,86,57,2.1,,
1S03A,06/15/2019,7.37,,,83,57,2.02,,
1S03B,06/15/2019,7.59,,,88,58,2.38,,
1S03,06/15/2020,7.36,,,92,61,2.16,,
1S03A,06/15/2020,7.34,,,87,61,2.15,,
1S03B,06/15/2020,7.48,,,92,61,2.11,,
1S03,06/15/2021,7.32,,,93,59,2.19,,
1S03A,06/15/2021,7.32,,,89,57,2.23,,
1S03B,06/15/2021,7.53,,,93,59,2.17,,
1SCL1,06/15/2021,7.26,,,425,54,2.07,,
1S03,06/15/2022,7.36,,,92,63,2.5,,
1S03A,06/15/2022,7.47,,,90,61,2.36,,
1S03B,06/15/2022,7.68,,,94,63,2.64,,
1SCH3,06/15/2022,7.53,,,94,63,2.5,,
1SCL1,06/15/2022,7.54,,,94,63,2.57,,
1S03,06/15/2023,7.25,,,87,61,2.3,,
1S03A,06/15/2023,7.31,,,83,59,2.38,,
1S03B,06/15/2023,7.4,,,87,61,2.48,,
1S03,06/15/2024,7.27,,,83,63,2.45,,
1S03A,06/15/2024,7.35,,,81,63,2.48,,
1S03B,06/15/2024,7.49,,,85,63,2.43,,
1S03A,06/16/2015,7.29,,,97,58,2.2,,
1S03B,06/16/2015,7.56,,,101,58,2.13,,
1S04,06/16/2015,7.41,,,98,59,2.28,,
1SCL1,06/16/2015,7.28,,,289,53,1.98,,
1S03A,06/16/2016,7.31,,,87,59,2.44,,
1S03B,06/16/2016,7.68,,,92,59,2.32,,
1S07,06/16/2016,7.41,,,86,59,1.97,,
1SCL1,06/16/2016,7.32,,,462,57,2.32,,
1S03,06/16/2017,7.36,,,100,58,1.92,,
1S03A,06/16/2017,7.37,,,96,57,2.09,,
1S03B,06/16/2017,7.53,,,99,58,1.84,,
1S03,06/16/2018,7.5,,,94,56,2.23,,
1S03A,06/16/2018,7.39,,,92,56,2.2,,
1S03B,06/16/2018,7.58,,,96,57,1.96,,
1SCL1,06/16/2018,7.35,,,461,54,2.31,,
1S03,06/16/2019,7.25,,,86,58,2.08,,
1S03A,06/16/2019,7.41,,,84,57,2.11,,
1S03B,06/16/2019,7.64,,,87,58,2.08,,
1S03,06/16/2020,7.45,,,92,61,2.14,,
1S03A,06/16/2020,7.12,,,86,61,2.18,,
1S03B,06/16/2020,7.6,,,91,61,2.14,,
1S03,06/16/2021,7.35,,,93,59,2.15,,
1S03A,06/16/2021,7.37,,,91,59,2.08,,
1S03B,06/16/2021,7.57,,,94,59,2.15,,
1SCL1,06/16/2021,7.23,,,444,54,2.15,,
1S03,06/16/2022,7.29,,,92,63,2.48,,
1S03A,06/16/2022,7.43,,,90,61,2.46,,
1S03B,06/16/2022,7.57,,,93,63,2.46,,
1SCH3,06/16/2022,7.63,,,92,63,2.45,,
1SCL1,06/16/2022,7.62,,,92,63,2.52,,
1S03,06/16/2023,7.22,,,88,61,2.47,,
1S03A,06/16/2023,7.37,,,86,61,2.49,,
1S03B,06/16/2023,7.49,,,89,61,2.46,,
1S03,06/16/2024,7.3,,,84,63,2.44,,
1S03A,06/16/2024,7.47,,,83,61,2.48,,
1S03B,06/16/2024,7.75,,,85,61,2.45,,
1S03A,06/17/2015,7.4,,,97,58,2.19,,
1S03B,06/17/2015,7.59,,,102,59,1.94,,
1S04,06/17/2015,7.35,,,100,58,2.12,,
1SCL1,06/17/2015,7.38,,,285,56,2.1,,
1S03A,06/17/2016,7.42,,,88,60,2.21,,
1S03B,06/17/2016,7.73,,,92,60,2.19,,
1S07,06/17/2016,7.48,,,84,59,2.3,,
1SCL1,06/17/2016,7.37,,,375,56,2.4,,
1S03,06/17/2017,7.42,,,99,58,2.11,,
1S03A,06/17/2017,7.32,,,95,58,1.98,,
1S03B,06/17/2017,7.54,,,99,58,1.82,,
1S03,06/17/2018,7.42,,,94,57,1.96,,
1S03A,06/17/2018,7.43,,,92,58,2.03,,
1S03B,06/17/2018,7.64,,,96,57,1.94,,
1SCL1,06/17/2018,7.33,,,508,53,2.29,,
1S03,06/17/2019,7.31,,,86,58,2.22,,
1S03A,06/17/2019,7.4,,,84,57,1.97,,
1S03B,06/17/2019,7.56,,,88,59,2.05,,
1S03,06/17/2020,7.45,,,92,61,2.17,,
1S03A,06/17/2020,7.36,,,86,61,2.22,,
1S03B,06/17/2020,7.58,,,92,63,2.08,,
1S03,06/17/2021,7.3,,,93,61,2.14,,
1S03A,06/17/2021,7.34,,,91,59,2.17,,
1S03B,06/17/2021,7.58,,,94,59,2.15,,
1SCL1,06/17/2021,7.26,,,425,55,2.16,,
1S03,06/17/2022,7.27,,,92,63,2.44,,
1S03A,06/17/2022,7.34,,,90,61,2.38,,
1S03B,06/17/2022,7.5,,,93,63,2.33,,
1SCH3,06/17/2022,7.43,,,92,63,2.5,,
1SCL1,06/17/2022,7.57,,,92,64,2.43,,
1S03,06/17/2023,7.23,,,89,61,2.41,,
1S03A,06/17/2023,7.39,,,87,61,2.47,,
1S03B,06/17/2023,7.53,,,91,61,2.51,,
1S03,06/17/2024,7.36,,,85,63,2.44,,
1S03A,06/17/2024,7.38,,,83,63,2.46,,
1S03B,06/17/2024,7.63,,,86,63,2.54,,
1S03A,06/18/2015,7.36,,,96,58,2.31,,
1S03B,06/18/2015,7.56,,,101,58,2.1,,
1S04,06/18/2015,7.41,,,99,58,2.16,,
1SCL1,06/18/2015,7.59,,,326,52,2.16,,
1S03A,06/18/2016,7.32,,,87,60,2.31,,
1S03B,06/18/2016,7.65,,,92,60,2.34,,
1S07,06/18/2016,7.46,,,91,60,2.04,,
1SCL1,06/18/2016,7.32,,,414,57,2.44,,
1S03,06/18/2017,7.36,,,98,59,2.06,,
1S03A,06/18/2017,7.25,,,94,60,2.05,,
1S03B,06/18/2017,7.41,,,97,60,2.02,,
1S03,06/18/2018,7.38,,,93,56,2.05,,
1S03A,06/18/2018,7.54,,,92,57,2.14,,
1S03B,06/18/2018,7.78,,,94,56,2.09,,
1SCL1,06/18/2018,7.31,,,507,53,2.2,,
1S03,06/18/2019,7.35,,,85,58,2.17,,
1S03A,06/18/2019,7.38,,,83,57,1.83,,
1S03B,06/18/2019,7.6,,,87,58,2.04,,
1S03,06/18/2020,7.49,,,91,61,2.19,,
1S03A,06/18/2020,7.4,,,86,61,2.23,,
1S03B,06/18/2020,7.63,,,89,61,2.08,,
1S03,06/18/2021,7.46,,,94,59,2.14,,
1S03A,06/18/2021,7.41,,,93,59,2.09,,
1S03B,06/18/2021,7.59,,,95,59,2.11,,
1SCL1,06/18/2021,7.32,,,414,55,2.15,,
1S03,06/18/2022,7.28,,,92,63,2.39,,
1S03A,06/18/2022,7.37,,,90,61,2.24,,
1S03B,06/18/2022,7.66,,,92,63,2.52,,
1SCH3,06/18/2022,7.62,,,92,63,2.66,,
1SCL1,06/18/2022,7.58,,,92,64,2.59,,
1S03,06/18/2023,7.24,,,89,61,2.42,,
1S03A,06/18/2023,7.43,,,88,61,2.43,,
1S03B,06/18/2023,7.53,,,91,61,2.53,,
1S03,06/18/2024,7.34,,,83,63,2.42,,
1S03A,06/18/2024,7.4,,,81,63,2.49,,
1S03B,06/18/2024,7.66,,,86,63,2.53,,
1S03A,06/19/2015,7.36,,,98,59,2.24,,
1S03B,06/19/2015,7.51,,,100,59,2.02,,
1S04,06/19/2015,7.38,,,99,59,2.13,,
1SCL1,06/19/2015,7.57,,,378,52,2.07,,
1S03A,06/19/2016,7.59,,,86,60,2.19,,
1S03B,06/19/2016,7.82,,,91,60,2.06,,
1S07,06/19/2016,7.4,,,89,60,1.84,,
1SCL1,06/19/2016,7.36,,,402,57,2.29,,
1S03,06/19/2017,7.3,,,98,58,2.02,,
1S03A,06/19/2017,7.41,,,94,58,2.07,,
1S03B,06/19/2017,7.5,,,97,59,2.01,,
1S03,06/19/2018,7.41,,,92,58,2.08,,
1S03A,06/19/2018,7.41,,,91,57,2.04,,
1S03B,06/19/2018,7.62,,,94,59,2.11,,
1SCL1,06/19/2018,7.39,,,513,53,2.28,,
1S03,06/19/2019,7.31,,,87,58,2.15,,
1S03A,06/19/2019,7.39,,,84,57,1.95,,
1S03B,06/19/2019,7.62,,,88,59,1.93,,
1S03,06/19/2020,7.51,,,90,63,2.12,,
1S03A,06/19/2020,7.51,,,86,63,2.07,,
1S03B,06/19/2020,7.73,,,90,61,1.98,,
1S03,06/19/2021,7.43,,,95,59,2.13,,
1S03A,06/19/2021,7.31,,,90,59,2.17,,
1S03B,06/19/2021,7.53,,,93,59,2.24,,
1SCL1,06/19/2021,7.27,,,401,55,2.15,,
1S03,06/19/2022,7.19,,,94,63,2.42,,
1S03A,06/19/2022,7.39,,,92,61,2.42,,
1S03B,06/19/2022,7.44,,,96,63,2.67,,
1SCH3,06/19/2022,7.57,,,95,61,2.5,,
1SCL1,06/19/2022,7.46,,,95,64,2.54,,
1S03,06/19/2023,7.23,,,89,61,2.44,,
1S03A,06/19/2023,7.47,,,89,61,2.49,,
1S03B,06/19/2023,7.51,,,91,61,2.6,,
1S03,06/19/2024,7.37,,,84,64,2.35,,
1S03A,06/19/2024,7.41,,,82,63,2.5,,
1S03B,06/19/2024,7.72,,,86,64,2.48,,
1S03A,06/20/2015,7.28,,,97,58,2.15,,
1S03B,06/20/2015,7.52,,,101,58,1.98,,
1S04,06/20/2015,7.34,,,99,58,2.19,,
1SCL1,06/20/2015,7.44,,,344,52,2.1,,
1S03A,06/20/2016,7.33,,,87,60,2.04,,
1S03B,06/20/2016,7.72,,,91,60,2.13,,
1S07,06/20/2016,7.4,,,91,60,2.1,,
1SCL1,06/20/2016,7.28,,,394,57,2.39,,
1S03,06/20/2017,7.38,,,99,60,1.99,,
1S03A,06/20/2017,7.41,,,95,58,2.12,,
1S03B,06/20/2017,7.53,,,98,59,1.92,,
1S03,06/20/2018,7.4,,,92,58,2.03,,
1S03A,06/20/2018,7.36,,,91,56,2.01,,
1S03B,06/20/2018,7.4,,,93,57,2,,
1SCL1,06/20/2018,7.3,,,508,54,2.41,,
1S03,06/20/2019,7.49,,,86,58,2.06,,
1S03A,06/20/2019,7.39,,,84,57,1.95,,
1S03B,06/20/2019,7.56,,,87,59,2.08,,
1S03,06/20/2020,7.62,,,89,63,1.73,,
1S03A,06/20/2020,7.3,,,86,61,2,,
1S03B,06/20/2020,7.57,,,89,63,1.98,,
1S03,06/20/2021,7.33,,,95,61,2.24,,
1S03A,06/20/2021,7.44,,,91,59,2.19,,
1S03B,06/20/2021,7.61,,,95,59,2.25,,
1SCL1,06/20/2021,7.17,,,415,55,2.31,,
1S03,06/20/2022,7.28,,,94,61,2.41,,
1S03A,06/20/2022,7.35,,,91,61,2.52,,
1S03B,06/20/2022,7.65,,,95,61,2.51,,
1SCH3,06/20/2022,7.51,,,95,61,2.56,,
1SCL1,06/20/2022,7.53,,,95,64,2.54,,
1S03,06/20/2023,7.29,,,88,63,2.31,,
1S03A,06/20/2023,7.51,,,87,61,2.4,,
1S03B,06/20/2023,7.74,,,89,61,2.5,,
1S03,06/20/2024,7.35,,,85,64,2.4,,
1S03A,06/20/2024,7.35,,,82,63,2.47,,
1S03B,06/20/2024,7.68,,,85,64,2.47,,
1S03A,06/21/2015,7.23,,,98,59,2.06,,
1S03B,06/21/2015,7.58,,,102,59,1.98,,
1S04,06/21/2015,7.65,,,100,58,2.03,,
1SCL1,06/21/2015,7.51,,,430,50,2.09,,
1S03A,06/21/2016,7.4,,,86,60,2.14,,
1S03B,06/21/2016,7.68,,,90,60,2.1,,
1S07,06/21/2016,7.44,,,89,63,1.99,,
1SCL1,06/21/2016,7.27,,,401,59,2.26,,
1S03,06/21/2017,7.42,,,98,59,2.05,,
1S03A,06/21/2017,7.4,,,95,58,2.11,,
1S03B,06/21/2017,7.48,,,99,59,1.97,,
1S03,06/21/2018,7.31,,,92,57,1.94,,
1S03A,06/21/2018,7.45,,,92,58,1.94,,
1S03B,06/21/2018,7.52,,,94,58,2.05,,
1SCL1,06/21/2018,7.3,,,502,53,2.24,,
1S03,06/21/2019,7.36,,,87,58,2.01,,
1S03A,06/21/2019,7.33,,,83,57,2,,
1S03B,06/21/2019,7.55,,,87,59,2.09,,
1S03,06/21/2020,7.4,,,89,63,2.08,,
1S03A,06/21/2020,7.33,,,85,61,2.05,,
1S03B,06/21/2020,7.55,,,89,61,1.98,,
1S03,06/21/2021,7.44,,,93,61,2.07,,
1S03A,06/21/2021,7.44,,,89,59,2.11,,
1S03B,06/21/2021,7.66,,,93,59,2.31,,
1SCL1,06/21/2021,7.26,,,390,54,2.08,,
1S03,06/21/2022,7.31,,,94,63,2.37,,
1S03A,06/21/2022,7.32,,,91,63,2.45,,
1S03B,06/21/2022,7.52,,,95,63,2.52,,
1SCH3,06/21/2022,7.44,,,95,63,2.56,,
1SCL1,06/21/2022,7.55,,,95,64,2.62,,
1S03,06/21/2023,7.22,,,88,61,2.5,,
1S03A,06/21/2023,7.35,,,87,61,2.49,,
1S03B,06/21/2023,7.5,,,90,61,2.51,,
1S03,06/21/2024,7.34,,,86,64,2.46,,
1S03A,06/21/2024,7.49,,,82,64,2.41,,
1S03B,06/21/2024,7.72,,,85,64,2.46,,
1S03A,06/22/2015,7.38,,,97,59,2.17,,
1S03B,06/22/2015,7.6,,,101,59,2.16,,
1S04,06/22/2015,7.51,,,101,63,2.05,,
1SCL1,06/22/2015,7.52,,,391,51,2,,
1S03A,06/22/2016,7.39,,,86,60,2.05,,
1S03B,06/22/2016,7.56,,,91,60,2.01,,
1S07,06/22/2016,7.4,,,85,59,1.79,,
1SCL1,06/22/2016,7.27,,,381,57,2.23,,
1S03,06/22/2017,7.36,,,98,59,1.86,,
1S03A,06/22/2017,7.4,,,95,58,2.11,,
1S03B,06/22/2017,7.51,,,99,59,1.97,,
1S03,06/22/2018,7.33,,,92,58,2.03,,
1S03A,06/22/2018,7.48,,,92,59,2.04,,
1S03B,06/22/2018,7.49,,,93,59,1.98,,
1SCL1,06/22/2018,7.26,,,508,53,2.31,,
1S03,06/22/2019,7.37,,,86,59,2.09,,
1S03A,06/22/2019,7.33,,,83,58,2.18,,
1S03B,06/22/2019,7.57,,,87,58,2.04,,
1S03,06/22/2020,7.42,,,90,64,2.09,,
1S03A,06/22/2020,7.3,,,85,63,1.9,,
1S03B,06/22/2020,7.48,,,89,63,1.97,,
1S03,06/22/2021,7.28,,,95,61,2.05,,
1S03A,06/22/2021,7.36,,,90,59,2.04,,
1S03B,06/22/2021,7.59,,,94,61,2.15,,
1SCL1,06/22/2021,7.3,,,442,54,2.08,,
1S03,06/22/2022,7.43,,,94,63,2.47,,
1S03A,06/22/2022,7.25,,,90,63,2.46,,
1S03B,06/22/2022,7.54,,,94,63,2.54,,
1SCH3,06/22/2022,7.66,,,93,63,2.5,,
1SCL1,06/22/2022,7.62,,,93,64,2.55,,
1S03,06/22/2023,7.23,,,89,63,2.4,,
1S03A,06/22/2023,7.4,,,87,61,2.44,,
1S03B,06/22/2023,7.49,,,90,63,2.42,,
1S03,06/22/2024,7.38,,,84,66,2.45,,
1S03A,06/22/2024,7.44,,,82,64,2.49,,
1S03B,06/22/2024,7.72,,,85,64,2.47,,
1S03A,06/23/2015,7.37,,,96,65,2,,
1S03B,06/23/2015,7.68,,,102,63,2.09,,
1S04,06/23/2015,7.49,,,100,60,2.16,,
1SCL1,06/23/2015,7.36,,,477,51,2.16,,
1S03A,06/23/2016,7.34,,,84,61,2.1,,
1S03B,06/23/2016,7.62,,,90,60,2.04,,
1S07,06/23/2016,7.39,,,88,61,2.09,,
1SCL1,06/23/2016,7.33,,,461,57,2.42,,
1S03,06/23/2017,7.34,,,98,59,1.82,,
1S03A,06/23/2017,7.2,,,93,62,2.08,,
1S03B,06/23/2017,7.4,,,97,61,1.92,,
1S03,06/23/2018,7.33,,,92,57,2.05,,
1S03A,06/23/2018,7.52,,,92,57,2.09,,
1S03B,06/23/2018,7.51,,,94,56,2.16,,
1SCL1,06/23/2018,7.36,,,465,54,2.33,,
1S03,06/23/2019,7.23,,,86,60,1.84,,
1S03A,06/23/2019,7.25,,,84,57,2.08,,
1S03B,06/23/2019,7.45,,,88,59,1.95,,
1S03,06/23/2020,7.37,,,89,63,2.18,,
1S03A,06/23/2020,7.42,,,84,63,2.06,,
1S03B,06/23/2020,7.6,,,86,63,2.17,,
1S03,06/23/2021,7.32,,,95,61,2.14,,
1S03A,06/23/2021,7.34,,,92,61,2.12,,
1S03B,06/23/2021,7.57,,,96,61,2.16,,
1SCL1,06/23/2021,7.22,,,399,55,2.18,,
1S03,06/23/2022,7.32,,,94,63,2.4,,
1S03A,06/23/2022,7.32,,,91,63,2.59,,
1S03B,06/23/2022,7.61,,,95,64,2.5,,
1SCH3,06/23/2022,7.59,,,95,63,2.44,,
1SCL1,06/23/2022,7.58,,,94,64,2.49,,
1S03,06/23/2023,7.26,,,88,63,2.41,,
1S03A,06/23/2023,7.44,,,87,61,2.44,,
1S03B,06/23/2023,7.51,,,90,61,2.53,,
1S03,06/23/2024,7.38,,,84,64,2.5,,
1S03A,06/23/2024,7.42,,,81,64,2.49,,
1S03B,06/23/2024,7.76,,,84,64,2.47,,
1S03A,06/24/2015,7.33,,,97,62,2.13,,
1S03B,06/24/2015,7.62,,,101,63,1.99,,
1S04,06/24/2015,7.26,,,100,60,2.06,,
1SCL1,06/24/2015,7.47,,,310,54,2.16,,
1S03A,06/24/2016,7.34,,,86,61,2.12,,
1S03B,06/24/2016,7.54,,,90,60,2.11,,
1S07,06/24/2016,7.39,,,88,61,2.21,,
1SCL1,06/24/2016,7.31,,,462,55,2.46,,
1S03,06/24/2017,7.29,,,98,60,1.86,,
1S03A,06/24/2017,7.24,,,94,59,2.13,,
1S03B,06/24/2017,7.42,,,96,59,2.04,,
1S03,06/24/2018,7.2,,,92,57,2.09,,
1S03A,06/24/2018,7.3,,,91,57,2.09,,
1S03B,06/24/2018,7.45,,,93,57,2.14,,
1SCL1,06/24/2018,7.32,,,388,53,2.28,,
1S03,06/24/2019,7.28,,,86,60,2.15,,
1S03A,06/24/2019,7.34,,,84,57,2.02,,
1S03B,06/24/2019,7.46,,,88,59,2.12,,
1S03,06/24/2020,7.36,,,89,63,1.93,,
1S03A,06/24/2020,7.28,,,84,63,2.11,,
1S03B,06/24/2020,7.47,,,86,63,2.12,,
1S03,06/24/2021,7.42,,,95,61,2.14,,
1S03A,06/24/2021,7.43,,,92,59,2.15,,
1S03B,06/24/2021,7.67,,,95,59,2.2,,
1SCL1,06/24/2021,7.23,,,455,54,2.24,,
1S03,06/24/2022,7.34,,,94,63,2.39,,
1S03A,06/24/2022,7.31,,,90,63,2.63,,
1S03B,06/24/2022,7.58,,,95,63,2.76,,
1SCH3,06/24/2022,7.62,,,93,63,2.49,,
1SCL1,06/24/2022,7.58,,,93,64,2.52,,
1S03,06/24/2023,7.26,,,88,61,2.37,,
1S03A,06/24/2023,7.4,,,87,61,2.5,,
1S03B,06/24/2023,7.63,,,90,61,2.48,,
1S03,06/24/2024,7.26,,,84,64,2.5,,
1S03A,06/24/2024,7.41,,,81,63,2.5,,
1S03B,06/24/2024,7.64,,,85,64,2.4,,
1S03A,06/25/2015,7.22,,,96,59,2.2,,
1S03B,06/25/2015,7.58,,,102,59,1.99,,
1S04,06/25/2015,7.45,,,100,59,1.94,,
1SCL1,06/25/2015,7.5,,,362,55,2.18,,
1S03A,06/25/2016,7.45,,,86,61,1.99,,
1S03B,06/25/2016,7.58,,,90,61,2.37,,
1S07,06/25/2016,7.34,,,89,64,2.12,,
1SCL1,06/25/2016,7.28,,,442,57,2.22,,
1S03,06/25/2017,7.46,,,97,61,1.51,,
1S03A,06/25/2017,7.34,,,93,61,2.11,,
1S03B,06/25/2017,7.48,,,97,61,2.03,,
1S03,06/25/2018,7.24,,,93,58,2.09,,
1S03A,06/25/2018,7.31,,,90,57,2.18,,
1S03B,06/25/2018,7.41,,,93,57,2.15,,
1SCL1,06/25/2018,7.33,,,508,54,2.35,,
1S03,06/25/2019,7.46,,,86,59,2.18,,
1S03A,06/25/2019,7.34,,,84,58,2.07,,
1S03B,06/25/2019,7.5,,,87,59,2.01,,
1S03,06/25/2020,7.47,,,88,64,2.01,,
1S03A,06/25/2020,7.45,,,85,64,1.98,,
1S03B,06/25/2020,7.56,,,89,64,2.38,,
1S03,06/25/2021,7.4,,,95,61,2.1,,
1S03A,06/25/2021,7.39,,,91,59,2.14,,
1S03B,06/25/2021,7.61,,,94,59,2.18,,
1SCL1,06/25/2021,7.25,,,405,55,2.17,,
1S03,06/25/2022,7.33,,,93,64,2.5,,
1S03A,06/25/2022,7.29,,,89,63,2.52,,
1S03B,06/25/2022,7.49,,,93,63,2.57,,
1SCH3,06/25/2022,7.58,,,91,63,2.73,,
1SCL1,06/25/2022,7.54,,,92,64,2.54,,
1S03,06/25/2023,7.26,,,88,63,2.39,,
1S03A,06/25/2023,7.36,,,86,61,2.49,,
1S03B,06/25/2023,7.56,,,89,61,2.5,,
1S03,06/25/2024,7.29,,,83,64,2.46,,
1S03A,06/25/2024,7.42,,,82,64,2.39,,
1S03B,06/25/2024,7.65,,,85,64,2.39,,
1S03A,06/26/2015,7.41,,,96,60,2.11,,
1S03B,06/26/2015,7.71,,,102,60,2.01,,
1S04,06/26/2015,7.46,,,101,61,2.06,,
1SCL1,06/26/2015,7.62,,,323,53,2.12,,
1S03A,06/26/2016,7.45,,,87,60,2.2,,
1S03B,06/26/2016,7.7,,,90,60,2.05,,
1S07,06/26/2016,7.44,,,89,63,1.96,,
1SCL1,06/26/2016,7.38,,,445,57,2.4,,
1S03,06/26/2017,7.3,,,97,59,1.92,,
1S03A,06/26/2017,7.33,,,94,60,2.13,,
1S03B,06/26/2017,7.35,,,97,59,2.03,,
1S03,06/26/2018,7.33,,,92,57,1.89,,
1S03A,06/26/2018,7.35,,,90,59,2.11,,
1S03B,06/26/2018,7.44,,,93,58,2.07,,
1SCL1,06/26/2018,7.35,,,507,53,2.26,,
1S03,06/26/2019,7.38,,,86,59,2.14,,
1S03A,06/26/2019,7.27,,,83,58,2.02,,
1S03B,06/26/2019,7.47,,,87,60,2,,
1S03,06/26/2020,7.4,,,87,64,1.91,,
1S03A,06/26/2020,7.36,,,85,63,2.09,,
1S03B,06/26/2020,7.64,,,88,63,2.09,,
1S03,06/26/2021,7.38,,,97,63,2.14,,
1S03A,06/26/2021,7.48,,,91,59,2.17,,
1S03B,06/26/2021,7.62,,,95,61,2.2,,
1SCL1,06/26/2021,7.26,,,434,55,2.37,,
1S03,06/26/2022,7.43,,,93,63,2.4,,
1S03A,06/26/2022,7.5,,,90,63,2.52,,
1S03B,06/26/2022,7.56,,,93,64,2.53,,
1SCH3,06/26/2022,7.47,,,92,63,2.58,,
1SCL1,06/26/2022,7.51,,,92,64,2.54,,
1S03,06/26/2023,7.17,,,87,63,2.4,,
1S03A,06/26/2023,7.4,,,85,61,2.47,,
1S03B,06/26/2023,7.52,,,87,63,2.75,,
1S03,06/26/2024,7.32,,,83,64,2.45,,
1S03A,06/26/2024,7.52,,,82,63,2.48,,
1S03B,06/26/2024,7.78,,,85,64,2.51,,
1S03A,06/27/2015,7.24,,,96,59,2.04,,
1S03B,06/27/2015,7.73,,,101,59,1.94,,
1S07,06/27/2015,7.51,,,100,60,2.07,,
1SCL1,06/27/2015,7.54,,,362,53,2.13,,
1S03A,06/27/2016,7.47,,,87,61,2.22,,
1S03B,06/27/2016,7.63,,,89,61,2.32,,
1S07,06/27/2016,7.46,,,89,62,2.09,,
1SCL1,06/27/2016,7.35,,,461,58,2.38,,
1S03,06/27/2017,7.42,,,95,61,2.04,,
1S03A,06/27/2017,7.4,,,93,59,2.17,,
1S03B,06/27/2017,7.57,,,96,59,2.17,,
1S03,06/27/2018,7.23,,,91,59,2.11,,
1S03A,06/27/2018,7.43,,,90,58,2.16,,
1S03B,06/27/2018,7.54,,,93,58,2,,
1SCL1,06/27/2018,7.35,,,505,55,2.26,,
1S03,06/27/2019,7.34,,,86,59,2.19,,
1S03A,06/27/2019,7.29,,,84,58,2.16,,
1S03B,06/27/2019,7.5,,,88,60,2.04,,
1S03,06/27/2020,7.44,,,86,63,2.22,,
1S03A,06/27/2020,7.48,,,83,63,2.09,,
1S03B,06/27/2020,7.66,,,85,63,2.13,,
1S03,06/27/2021,7.44,,,95,61,2.1,,
1S03A,06/27/2021,7.44,,,90,59,2.11,,
1S03B,06/27/2021,7.56,,,92,59,2.22,,
1SCL1,06/27/2021,7.3,,,423,55,2.03,,
1S03,06/27/2022,7.31,,,93,64,2.42,,
1S03A,06/27/2022,7.38,,,89,63,2.48,,
1S03B,06/27/2022,7.56,,,93,64,2.56,,
1SCH3,06/27/2022,7.62,,,91,64,2.62,,
1SCL1,06/27/2022,7.57,,,91,64,2.69,,
1S03,06/27/2023,7.22,,,87,63,2.38,,
1S03A,06/27/2023,7.33,,,85,61,2.48,,
1S03B,06/27/2023,7.5,,,88,63,2.48,,
1S03,06/27/2024,7.39,,,81,64,2.46,,
1S03A,06/27/2024,7.49,,,80,64,2.12,,
1S03B,06/27/2024,7.58,,,85,64,2.26,,
1S03A,06/28/2015,7.43,,,97,59,2.16,,
1S03B,06/28/2015,7.77,,,100,59,1.93,,
1S07,06/28/2015,7.42,,,99,61,2.31,,
1SCL1,06/28/2015,7.38,,,383,53,2.23,,
1S03A,06/28/2016,7.41,,,87,61,2.36,,
1S03B,06/28/2016,7.65,,,90,61,2.09,,
1S07,06/28/2016,7.37,,,89,64,2.21,,
1SCL1,06/28/2016,7.29,,,401,59,2.42,,
1S03,06/28/2017,7.23,,,96,60,2.05,,
1S03A,06/28/2017,7.4,,,93,59,2.11,,
1S03B,06/28/2017,7.42,,,97,61,1.96,,
1S03,06/28/2018,7.2,,,92,59,2.4,,
1S03A,06/28/2018,7.35,,,90,58,1.88,,
1S03B,06/28/2018,7.52,,,93,59,1.86,,
1SCL1,06/28/2018,7.31,,,504,55,2.22,,
1S03,06/28/2019,7.34,,,87,60,2.31,,
1S03A,06/28/2019,7.46,,,84,60,2,,
1S03B,06/28/2019,7.65,,,88,62,2.05,,
1S03,06/28/2020,7.34,,,86,64,2.1,,
1S03A,06/28/2020,7.42,,,83,63,2.12,,
1S03B,06/28/2020,7.66,,,85,63,2.17,,
1S03,06/28/2021,7.34,,,94,61,2.13,,
1S03A,06/28/2021,7.4,,,89,79,2.12,,
1S03B,06/28/2021,7.58,,,95,63,2.23,,
1SCL1,06/28/2021,7.26,,,371,57,2.39,,
1S03,06/28/2022,7.23,,,92,64,2.34,,
1S03A,06/28/2022,7.35,,,89,63,2.58,,
1S03B,06/28/2022,7.55,,,92,63,2.35,,
1SCH3,06/28/2022,7.5,,,93,64,2.33,,
1SCL1,06/28/2022,7.53,,,92,64,2.3,,
1S03,06/28/2023,7.18,,,86,63,2.42,,
1S03A,06/28/2023,7.25,,,85,61,2.39,,
1S03B,06/28/2023,7.4,,,87,63,2.5,,
1S03,06/28/2024,7.27,,,83,64,2.46,,
1S03A,06/28/2024,7.42,,,81,64,2.48,,
1S03B,06/28/2024,7.76,,,84,64,2.57,,
1S03A,06/29/2015,7.23,,,95,59,2.19,,
1S03B,06/29/2015,7.55,,,99,59,2.15,,
1S07,06/29/2015,7.58,,,98,61,2.07,,
1SCL1,06/29/2015,7.42,,,372,57,2.28,,
1S03A,06/29/2016,7.45,,,86,61,2.11,,
1S03B,06/29/2016,7.61,,,90,61,2.06,,
1S07,06/29/2016,7.31,,,89,63,1.89,,
1SCL1,06/29/2016,7.37,,,392,58,2.47,,
1S03,06/29/2017,7.21,,,95,58,2.03,,
1S03A,06/29/2017,7.3,,,87,59,2.09,,
1S03B,06/29/2017,7.39,,,95,61,1.91,,
1S03,06/29/2018,7.3,,,92,58,1.98,,
1S03A,06/29/2018,7.31,,,90,59,2.17,,
1S03B,06/29/2018,7.5,,,93,59,1.9,,
1SCL1,06/29/2018,7.35,,,402,56,2.2,,
1S03,06/29/2019,7.31,,,86,61,2.16,,
1S03A,06/29/2019,7.53,,,84,60,2.06,,
1S03B,06/29/2019,7.67,,,88,61,2.04,,
1S03,06/29/2020,7.39,,,86,64,2.13,,
1S03A,06/29/2020,7.29,,,84,64,2.07,,
1S03B,06/29/2020,7.76,,,87,64,2.2,,
1S03,06/29/2021,7.31,,,93,63,2.08,,
1S03A,06/29/2021,7.43,,,90,61,2.01,,
1S03B,06/29/2021,7.52,,,92,61,2.25,,
1SCL1,06/29/2021,7.23,,,410,55,2.14,,
1S03,06/29/2022,7.22,,,93,64,2.43,,
1S03A,06/29/2022,7.42,,,90,64,2.75,,
1S03B,06/29/2022,7.51,,,94,64,2.52,,
1SCH3,06/29/2022,7.63,,,92,63,2.71,,
1SCL1,06/29/2022,7.49,,,93,64,2.61,,
1S03,06/29/2023,7.2,,,86,63,2.43,,
1S03A,06/29/2023,7.23,,,84,61,2.45,,
1S03B,06/29/2023,7.46,,,87,63,2.49,,
1S03,06/29/2024,7.32,,,83,64,2.47,,
1S03A,06/29/2024,7.42,,,81,64,2.49,,
1S03B,06/29/2024,7.72,,,84,64,2.51,,
1S03A,06/30/2015,7.28,,,96,59,2.16,,
1S03B,06/30/2015,7.57,,,100,59,2.13,,
1S07,06/30/2015,7.45,,,98,66,2.25,,
1SCL1,06/30/2015,7.27,,,400,52,2.17,,
1S03A,06/30/2016,7.46,,,87,61,2.21,,
1S03B,06/30/2016,7.63,,,92,61,2.07,,
1S07,06/30/2016,7.26,,,88,64,2.13,,
1SCL1,06/30/2016,7.27,,,382,59,2.33,,
1S03,06/30/2017,7.17,,,93,58,1.95,,
1S03A,06/30/2017,7.34,,,88,59,1.99,,
1S03B,06/30/2017,7.47,,,92,58,1.83,,
1S03,06/30/2018,7.3,,,92,57,1.94,,
1S03A,06/30/2018,7.39,,,89,58,2.12,,
1S03B,06/30/2018,7.49,,,91,58,2.08,,
1SCL1,06/30/2018,7.32,,,488,54,2.28,,
1S03,06/30/2019,7.36,,,87,61,2.12,,
1S03A,06/30/2019,7.36,,,84,61,2.08,,
1S03B,06/30/2019,7.59,,,88,61,2.05,,
1S03,06/30/2020,7.29,,,86,64,1.86,,
1S03A,06/30/2020,7.29,,,86,64,2.18,,
1S03B,06/30/2020,7.59,,,86,64,2.13,,
1S03,06/30/2021,7.38,,,94,63,2.09,,
1S03A,06/30/2021,7.41,,,90,61,2.08,,
1S03B,06/30/2021,7.55,,,94,63,2.12,,
1SCL1,06/30/2021,7.29,,,423,55,2.09,,
1S03,06/30/2022,7.28,,,92,66,2.49,,
1S03A,06/30/2022,7.33,,,89,64,2.57,,
1S03B,06/30/2022,7.5,,,93,64,2.67,,
1SCH3,06/30/2022,7.51,,,90,64,2.64,,
1SCL1,06/30/2022,7.47,,,91,64,2.65,,
1S03,06/30/2023,7.18,,,86,63,2.33,,
1S03A,06/30/2023,7.42,,,86,63,2.48,,
1S03B,06/30/2023,7.49,,,87,63,2.5,,
1S03,06/30/2024,7.33,,,83,66,2.44,,
1S03A,06/30/2024,7.37,,,80,64,2.48,,
1S03B,06/30/2024,7.63,,,84,64,2.49,,
1S03A,07/13/2014,7.11,,,83,61,2.05,,
1S03B,07/13/2014,7.44,,,87,61,2.03,,
1S04,07/13/2014,7.35,,,85,62,2.01,,
1S03A,07/13/2015,7.37,,,95,61,2.22,,
1S03B,07/13/2015,7.6,,,99,61,1.98,,
1S07,07/13/2015,7.47,,,98,62,1.89,,
1SCL1,07/13/2015,7.54,,,306,56,2.12,,
1S03A,07/13/2016,7.43,,,87,62,2.17,,
1S03B,07/13/2016,7.58,,,90,62,2.11,,
1S07,07/13/2016,7.53,,,90,63,2.25,,
1SCH3,07/13/2016,7.49,,,90,62,2.04,,
1SCL1,07/13/2016,7.31,,,450,58,2.29,,
1S03,07/13/2018,7.37,,,92,60,1.97,,
1S03A,07/13/2018,7.34,,,90,61,2.06,,
1S03B,07/13/2018,7.63,,,94,61,1.97,,
1SCL1,07/13/2018,7.29,,,501,56,2.38,,
1S03,07/13/2019,7.36,,,95,63,2.2,,
1S03A,07/13/2019,7.4,,,91,63,2,,
1S03B,07/13/2019,7.59,,,94,63,2.04,,
1S03,07/13/2020,7.39,,,85,66,2.1,,
1S03A,07/13/2020,7.5,,,83,64,2.08,,
1S03B,07/13/2020,7.89,,,86,66,2.16,,
1S03,07/13/2021,7.37,,,95,63,2.1,,
1S03A,07/13/2021,7.35,,,93,63,2.16,,
1S03B,07/13/2021,7.6,,,97,63,2.2,,
1SCL1,07/13/2021,7.19,,,413,57,2.1,,
1S03,07/13/2022,7.23,,,90,68,2.41,,
1S03A,07/13/2022,7.37,,,88,66,2.48,,
1S03B,07/13/2022,7.56,,,92,66,2.33,,
1SCH3,07/13/2022,7.61,,,91,66,2.36,,
1SCL1,07/13/2022,7.59,,,91,68,2.31,,
1S03,07/13/2023,7.27,,,88,66,2.44,,
1S03A,07/13/2023,7.34,,,85,64,2.49,,
1S03B,07/13/2023,7.54,,,88,64,2.48,,
1S03,07/13/2024,7.33,,,82,68,2.41,,
1S03A,07/13/2024,7.41,,,80,66,2.5,,
1S03B,07/13/2024,7.68,,,83,66,2.49,,
1S03A,07/14/2014,7.1,,,82,61,2.14,,
1S03B,07/14/2014,7.31,,,86,62,2.02,,
1S04,07/14/2014,7.09,,,85,62,2.02,,
1S03A,07/14/2015,7.42,,,94,61,2.11,,
1S03B,07/14/2015,7.57,,,98,61,2.07,,
1S07,07/14/2015,7.4,,,97,63,2.13,,
1SCL1,07/14/2015,7.55,,,289,58,2.14,,
1S03A,07/14/2016,7.4,,,88,63,2.34,,
1S03B,07/14/2016,7.48,,,90,63,2.2,,
1S07,07/14/2016,7.33,,,89,64,1.82,,
1SCH3,07/14/2016,7.42,,,90,63,2.17,,
1SCL1,07/14/2016,7.24,,,464,59,2.39,,
1S03,07/14/2018,7.48,,,92,60,1.94,,
1S03A,07/14/2018,7.42,,,90,60,2.09,,
1S03B,07/14/2018,7.76,,,93,60,1.98,,
1SCL1,07/14/2018,7.33,,,509,55,2.39,,
1S03,07/14/2019,7.38,,,94,64,2.3,,
1S03A,07/14/2019,7.41,,,92,63,2.22,,
1S03B,07/14/2019,7.59,,,95,64,2.1,,
1S03,07/14/2020,7.34,,,85,66,2.1,,
1S03A,07/14/2020,7.49,,,83,66,2.07,,
1S03B,07/14/2020,7.79,,,86,66,2.08,,
1S03,07/14/2021,7.48,,,96,63,2.27,,
1S03A,07/14/2021,7.43,,,92,61,2.16,,
1S03B,07/14/2021,7.71,,,97,63,2.13,,
1SCL1,07/14/2021,7.18,,,421,57,2.24,,
1S03,07/14/2022,7.24,,,90,68,2.71,,
1S03A,07/14/2022,7.34,,,87,66,2.52,,
1S03B,07/14/2022,7.53,,,91,68,2.65,,
1SCH3,07/14/2022,7.6,,,89,66,2.69,,
1SCL1,07/14/2022,7.52,,,90,68,2.64,,
1S03,07/14/2023,7.22,,,87,66,2.4,,
1S03A,07/14/2023,7.31,,,84,64,2.41,,
1S03B,07/14/2023,7.54,,,87,64,2.54,,
1S03,07/14/2024,7.34,,,82,68,2.47,,
1S03A,07/14/2024,7.39,,,80,68,2.5,,
1S03B,07/14/2024,7.66,,,83,68,2.58,,
1S03A,07/15/2014,7.26,,,83,62,2.36,,
1S03B,07/15/2014,7.32,,,86,63,2.01,,
1S04,07/15/2014,7.29,,,83,63,2.03,,
1S03A,07/15/2015,7.32,,,94,61,2.09,,
1S03B,07/15/2015,7.52,,,99,62,2.09,,
1S07,07/15/2015,7.41,,,97,62,2.24,,
1SCL1,07/15/2015,7.43,,,438,52,2.15,,
1S03A,07/15/2016,7.38,,,87,65,2.11,,
1S03B,07/15/2016,7.49,,,91,65,1.96,,
1S07,07/15/2016,7.36,,,90,64,1.94,,
1SCH3,07/15/2016,7.53,,,91,63,1.96,,
1SCL1,07/15/2016,7.24,,,457,58,2.36,,
1S03,07/15/2018,7.33,,,92,61,2.08,,
1S03A,07/15/2018,7.34,,,88,61,2.06,,
1S03B,07/15/2018,7.61,,,93,61,1.89,,
1SCL1,07/15/2018,7.37,,,430,57,2.31,,
1S03,07/15/2019,7.41,,,94,63,2.21,,
1S03A,07/15/2019,7.37,,,90,63,2.23,,
1S03B,07/15/2019,7.52,,,95,64,2.2,,
1S03,07/15/2020,7.38,,,85,66,2.11,,
1S03A,07/15/2020,7.43,,,84,66,2.14,,
1S03B,07/15/2020,7.57,,,87,66,2.15,,
1S03,07/15/2021,7.34,,,94,63,1.93,,
1S03A,07/15/2021,7.36,,,90,63,2.08,,
1S03B,07/15/2021,7.53,,,94,63,2.19,,
1SCL1,07/15/2021,7.14,,,397,57,2.14,,
1S03,07/15/2022,7.29,,,91,68,2.41,,
1S03A,07/15/2022,7.4,,,88,66,2.47,,
1S03B,07/15/2022,7.63,,,89,66,2.6,,
1SCH3,07/15/2022,7.61,,,91,66,2.6,,
1SCL1,07/15/2022,7.59,,,91,68,2.69,,
1S03,07/15/2023,7.27,,,88,66,2.42,,
1S03A,07/15/2023,7.33,,,86,64,2.4,,
1S03B,07/15/2023,7.5,,,89,66,2.53,,
1S03,07/15/2024,7.36,,,81,68,2.44,,
1S03A,07/15/2024,7.39,,,80,68,2.5,,
1S03B,07/15/2024,7.68,,,84,68,2.55,,
1S03A,07/16/2014,7.31,,,85,62,2.16,,
1S03B,07/16/2014,7.45,,,87,62,1.92,,
1S04,07/16/2014,7.26,,,84,62,2.12,,
1S03A,07/16/2015,7.31,,,95,61,2.12,,
1S03B,07/16/2015,7.54,,,99,61,2.16,,
1S07,07/16/2015,7.36,,,97,62,2.19,,
1SCL1,07/16/2015,7.45,,,343,54,2.1,,
1S03A,07/16/2016,7.43,,,88,63,2.12,,
1S03B,07/16/2016,7.63,,,91,65,2.15,,
1S07,07/16/2016,7.39,,,89,64,1.99,,
1SCH3,07/16/2016,7.83,,,89,61,1.95,,
1SCL1,07/16/2016,7.47,,,348,58,2.28,,
1S03,07/16/2018,7.45,,,92,60,2.15,,
1S03A,07/16/2018,7.33,,,87,62,2.04,,
1S03B,07/16/2018,7.7,,,93,63,1.9,,
1SCL1,07/16/2018,7.42,,,508,56,2.08,,
1S03,07/16/2019,7.41,,,94,64,2.12,,
1S03A,07/16/2019,7.34,,,90,63,2.06,,
1S03B,07/16/2019,7.56,,,94,63,2.1,,
1S03,07/16/2020,7.43,,,86,68,2.26,,
1S03A,07/16/2020,7.51,,,83,66,2.08,,
1S03B,07/16/2020,7.74,,,87,66,2.17,,
1S03,07/16/2021,7.44,,,95,64,2.1,,
1S03A,07/16/2021,7.45,,,91,63,2.07,,
1S03B,07/16/2021,7.6,,,94,63,2.16,,
1SCL1,07/16/2021,7.27,,,383,59,2.1,,
1S03,07/16/2022,7.31,,,90,68,2.21,,
1S03A,07/16/2022,7.34,,,88,66,2.36,,
1S03B,07/16/2022,7.59,,,90,66,2.56,,
1SCH3,07/16/2022,7.69,,,90,66,2.28,,
1SCL1,07/16/2022,7.63,,,90,68,2.56,,
1S03,07/16/2023,7.28,,,88,66,2.39,,
1S03A,07/16/2023,7.31,,,86,64,2.5,,
1S03B,07/16/2023,7.5,,,88,66,2.56,,
1S03,07/16/2024,7.28,,,83,68,2.34,,
1S03A,07/16/2024,7.39,,,80,68,2.42,,
1S03B,07/16/2024,7.69,,,83,68,2.45,,
1S03A,07/17/2014,7.11,,,84,61,2.13,,
1S03B,07/17/2014,7.29,,,88,62,1.95,,
1S04,07/17/2014,7.13,,,86,63,2.22,,
1S03A,07/17/2015,7.36,,,94,61,2.05,,
1S03B,07/17/2015,7.57,,,99,61,2.01,,
1S07,07/17/2015,7.37,,,97,62,2.09,,
1SCL1,07/17/2015,7.53,,,286,56,2.09,,
1S03A,07/17/2016,7.5,,,91,64,2.22,,
1S03B,07/17/2016,7.63,,,93,64,2.34,,
1S07,07/17/2016,7.57,,,91,65,1.88,,
1SCH3,07/17/2016,7.66,,,93,63,2.31,,
1SCL1,07/17/2016,7.37,,,408,57,2.36,,
1S03,07/17/2018,7.36,,,91,60,2.06,,
1S03A,07/17/2018,7.33,,,89,64,2.05,,
1S03B,07/17/2018,7.67,,,92,64,2.04,,
1SCL1,07/17/2018,7.29,,,505,56,2.4,,
1S03,07/17/2019,7.46,,,93,64,2.22,,
1S03A,07/17/2019,7.37,,,88,64,2.09,,
1S03B,07/17/2019,7.61,,,93,64,2.09,,
1S03,07/17/2020,7.47,,,86,68,2.12,,
1S03A,07/17/2020,7.56,,,83,66,2.16,,
1S03B,07/17/2020,7.71,,,86,66,2.2,,
1S03,07/17/2021,7.49,,,94,63,2.05,,
1S03A,07/17/2021,7.46,,,91,63,2.16,,
1S03B,07/17/2021,7.57,,,93,63,2.19,,
1SCL1,07/17/2021,7.2,,,391,57,2.29,,
1S03,07/17/2022,7.4,,,90,68,2.56,,
1S03A,07/17/2022,7.44,,,88,68,2.37,,
1S03B,07/17/2022,7.69,,,91,68,2.61,,
1SCH3,07/17/2022,7.71,,,90,68,2.49,,
1SCL1,07/17/2022,7.63,,,91,70,2.72,,
1S03,07/17/2023,7.31,,,87,66,2.38,,
1S03A,07/17/2023,7.34,,,85,64,2.5,,
1S03B,07/17/2023,7.47,,,88,66,2.53,,
1S03,07/17/2024,7.25,,,81,68,2.58,,
1S03A,07/17/2024,7.42,,,81,68,2.35,,
1S03B,07/17/2024,7.6,,,84,68,2.54,,
1S03A,07/18/2014,7.11,,,83,62,2.11,,
1S03B,07/18/2014,7.34,,,87,61,1.99,,
1S04,07/18/2014,7.16,,,85,64,2.04,,
1S03A,07/18/2015,7.37,,,94,62,2.12,,
1S03B,07/18/2015,7.68,,,97,62,1.97,,
1S07,07/18/2015,7.5,,,97,63,2.05,,
1SCL1,07/18/2015,7.54,,,252,57,2.21,,
1S03A,07/18/2016,7.43,,,93,68,2.03,,
1S03B,07/18/2016,7.67,,,94,66,1.85,,
1S07,07/18/2016,7.56,,,91,65,2.15,,
1SCH3,07/18/2016,7.81,,,95,64,2.08,,
1SCL1,07/18/2016,7.31,,,462,56,2.3,,
1S03,07/18/2018,7.27,,,91,62,2.24,,
1S03A,07/18/2018,7.34,,,90,62,2.12,,
1S03B,07/18/2018,7.6,,,94,62,2,,
1SCL1,07/18/2018,7.42,,,508,56,2.1,,
1S03,07/18/2019,7.36,,,92,64,2.13,,
1S03A,07/18/2019,7.3,,,89,63,2.17,,
1S03B,07/18/2019,7.6,,,93,64,2.17,,
1S03,07/18/2020,7.44,,,85,68,2.06,,
1S03A,07/18/2020,7.47,,,82,66,2.12,,
1S03B,07/18/2020,7.73,,,86,66,2.08,,
1S03,07/18/2021,7.39,,,94,63,2.06,,
1S03A,07/18/2021,7.33,,,91,63,2.01,,
1S03B,07/18/2021,7.36,,,94,63,2.19,,
1SCL1,07/18/2021,7.31,,,427,57,2.41,,
1S03,07/18/2022,7.27,,,89,68,2.37,,
1S03A,07/18/2022,7.43,,,87,68,2.36,,
1S03B,07/18/2022,7.61,,,91,68,2.51,,
1SCH3,07/18/2022,7.73,,,90,68,2.47,,
1SCL1,07/18/2022,7.57,,,90,68,2.5,,
1S03,07/18/2023,7.2,,,87,66,2.39,,
1S03A,07/18/2023,7.24,,,85,61,2.5,,
1S03B,07/18/2023,7.41,,,88,63,2.52,,
1S03,07/18/2024,7.3,,,82,70,2.41,,
1S03A,07/18/2024,7.33,,,80,68,2.36,,
1S03B,07/18/2024,7.57,,,83,68,,,
1S03A,07/19/2014,7.17,,,85,62,2.2,,
1S03B,07/19/2014,7.41,,,88,62,2.14,,
1S04,07/19/2014,7.16,,,86,62,2.2,,
1S03A,07/19/2015,7.37,,,94,64,2.04,,
1S03B,07/19/2015,7.6,,,98,64,2.04,,
1S07,07/19/2015,7.42,,,97,62,2.22,,
1SCL1,07/19/2015,7.48,,,305,56,2.28,,
1S03A,07/19/2016,7.42,,,93,67,2.13,,
1S03B,07/19/2016,7.6,,,96,66,2.11,,
1S07,07/19/2016,7.47,,,94,65,2.1,,
1SCH3,07/19/2016,7.67,,,94,64,2.22,,
1SCL1,07/19/2016,7.38,,,462,57,2.24,,
1S03,07/19/2018,7.38,,,91,60,2.15,,
1S03A,07/19/2018,7.42,,,90,61,2.06,,
1S03B,07/19/2018,7.59,,,93,61,2.21,,
1SCL1,07/19/2018,7.41,,,506,57,2.36,,
1S03,07/19/2019,7.32,,,93,64,2.29,,
1S03A,07/19/2019,7.3,,,89,63,2.23,,
1S03B,07/19/2019,7.58,,,93,64,2.14,,
1S03,07/19/2020,7.44,,,85,68,2.12,,
1S03A,07/19/2020,7.5,,,82,66,2.08,,
1S03B,07/19/2020,7.7,,,84,66,2.12,,
1S03,07/19/2021,7.34,,,94,63,2.11,,
1S03A,07/19/2021,7.34,,,92,63,2.06,,
1S03B,07/19/2021,7.53,,,94,63,2.2,,
1SCL1,07/19/2021,7.19,,,422,57,2.23,,
1S03,07/19/2022,7.27,,,89,68,2.66,,
1S03A,07/19/2022,7.37,,,87,68,2.49,,
1S03B,07/19/2022,7.56,,,90,68,2.59,,
1SCH3,07/19/2022,7.6,,,90,68,2.9,,
1SCL1,07/19/2022,7.57,,,90,70,2.57,,
1S03,07/19/2023,7.28,,,88,63,2.45,,
1S03A,07/19/2023,7.29,,,86,61,2.5,,
1S03B,07/19/2023,7.33,,,89,63,2.46,,
1S03,07/19/2024,7.35,,,82,70,2.46,,
1S03A,07/19/2024,7.47,,,81,68,2.5,,
1S03B,07/19/2024,7.65,,,84,68,2.44,,
1S03A,07/20/2014,7.4,,,85,63,2.02,,
1S03B,07/20/2014,7.55,,,88,62,2.07,,
1S04,07/20/2014,7.37,,,86,63,1.81,,
1S03A,07/20/2015,7.4,,,93,63,2.16,,
1S03B,07/20/2015,7.67,,,97,63,2.13,,
1S07,07/20/2015,7.59,,,97,63,2.06,,
1SCL1,07/20/2015,7.41,,,515,51,2.21,,
1S03A,07/20/2016,7.4,,,96,67,2.23,,
1S03B,07/20/2016,7.56,,,98,66,1.93,,
1S07,07/20/2016,7.55,,,96,65,1.96,,
1SCH3,07/20/2016,7.92,,,98,64,1.83,,
1SCL1,07/20/2016,7.5,,,448,57,2.39,,
1S03,07/20/2018,7.4,,,90,60,2.03,,
1S03A,07/20/2018,7.54,,,90,61,2.15,,
1S03B,07/20/2018,7.59,,,93,62,2.09,,
1SCL1,07/20/2018,7.37,,,504,56,2.37,,
1S03,07/20/2019,7.44,,,92,64,2.23,,
1S03A,07/20/2019,7.34,,,87,64,2.02,,
1S03B,07/20/2019,7.64,,,92,64,2.09,,
1S03,07/20/2020,7.39,,,86,68,2.1,,
1S03A,07/20/2020,7.48,,,83,66,2.21,,
1S03B,07/20/2020,7.72,,,85,68,2.11,,
1S03,07/20/2021,7.3,,,95,64,1.96,,
1S03A,07/20/2021,7.32,,,92,63,2.07,,
1S03B,07/20/2021,7.51,,,95,63,2.16,,
1SCL1,07/20/2021,7.12,,,389,59,2.24,,
1S03,07/20/2022,7.21,,,89,68,2.49,,
1S03A,07/20/2022,7.35,,,84,68,2.46,,
1S03B,07/20/2022,7.48,,,89,68,2.52,,
1SCH3,07/20/2022,7.71,,,90,68,2.59,,
1SCL1,07/20/2022,7.62,,,90,70,2.83,,
1S03,07/20/2023,7.28,,,88,63,2.45,,
1S03A,07/20/2023,7.36,,,87,61,2.44,,
1S03B,07/20/2023,7.51,,,90,63,2.54,,
1S03,07/20/2024,7.37,,,83,70,2.44,,
1S03A,07/20/2024,7.49,,,81,68,2.49,,
1S03B,07/20/2024,7.75,,,84,68,2.48,,
1S03A,07/21/2014,7.28,,,84,62,2.08,,
1S03B,07/21/2014,7.46,,,87,62,2.05,,
1S04,07/21/2014,7.29,,,86,62,2.04,,
1S03A,07/21/2015,7.44,,,92,63,2.17,,
1S03B,07/21/2015,7.65,,,98,63,2.01,,
1S07,07/21/2015,7.25,,,96,63,1.98,,
1SCL1,07/21/2015,7.49,,,509,50,2.31,,
1S03A,07/21/2016,7.47,,,99,67,2.07,,
1S03B,07/21/2016,7.74,,,100,66,1.94,,
1S07,07/21/2016,7.48,,,98,66,2.08,,
1SCH3,07/21/2016,7.71,,,96,65,2.17,,
1SCL1,07/21/2016,7.39,,,431,58,2.23,,
1S03,07/21/2018,7.44,,,91,62,1.95,,
1S03A,07/21/2018,7.54,,,91,62,2.13,,
1S03B,07/21/2018,7.65,,,93,62,2,,
1SCL1,07/21/2018,7.47,,,507,57,2.37,,
1S03,07/21/2019,7.4,,,91,66,2.13,,
1S03A,07/21/2019,7.42,,,86,66,2.14,,
1S03B,07/21/2019,7.64,,,91,68,2.09,,
1S03,07/21/2020,7.34,,,86,68,2.19,,
1S03A,07/21/2020,7.37,,,83,68,2.1,,
1S03B,07/21/2020,7.49,,,85,68,2.16,,
1S03,07/21/2021,7.4,,,95,64,2.02,,
1S03A,07/21/2021,7.38,,,92,63,2.06,,
1S03B,07/21/2021,7.53,,,94,63,2.22,,
1SCL1,07/21/2021,7.16,,,383,59,2.2,,
1S03,07/21/2022,7.28,,,89,68,2.35,,
1S03A,07/21/2022,7.42,,,87,68,2.4,,
1S03B,07/21/2022,7.69,,,90,70,2.21,,
1SCH3,07/21/2022,7.73,,,90,68,1.8,,
1SCL1,07/21/2022,7.69,,,91,70,2.4,,
1S03,07/21/2023,7.33,,,89,64,2.45,,
1S03A,07/21/2023,7.41,,,88,63,2.43,,
1S03B,07/21/2023,7.61,,,90,63,2.48,,
1S03,07/21/2024,7.36,,,82,70,2.45,,
1S03A,07/21/2024,7.42,,,80,68,2.49,,
1S03B,07/21/2024,7.65,,,83,68,2.55,,
1S03A,07/22/2014,7.3,,,85,63,2.07,,
1S03B,07/22/2014,7.45,,,88,62,1.96,,
1S04,07/22/2014,7.24,,,85,63,2.04,,
1S03A,07/22/2015,7.49,,,93,63,2.21,,
1S03B,07/22/2015,7.69,,,98,63,2.25,,
1S07,07/22/2015,7.41,,,96,63,1.84,,
1SCL1,07/22/2015,7.33,,,500,50,2.35,,
1S03A,07/22/2016,7.58,,,98,67,2.12,,
1S03B,07/22/2016,7.88,,,101,67,1.66,,
1S07,07/22/2016,7.63,,,98,66,1.83,,
1SCH3,07/22/2016,7.67,,,100,65,1.78,,
1SCL1,07/22/2016,7.41,,,433,58,2.28,,
1S03,07/22/2018,7.38,,,91,60,2.26,,
1S03A,07/22/2018,7.42,,,90,59,2.11,,
1S03B,07/22/2018,7.52,,,92,60,2.12,,
1SCL1,07/22/2018,7.32,,,495,58,2.48,,
1S03,07/22/2019,7.41,,,91,64,2.24,,
1S03A,07/22/2019,7.37,,,87,64,2.04,,
1S03B,07/22/2019,7.57,,,91,66,2.13,,
1S03,07/22/2020,7.33,,,86,68,2.15,,
1S03A,07/22/2020,7.38,,,83,68,2.06,,
1S03B,07/22/2020,7.62,,,84,68,2.22,,
1S03,07/22/2021,7.48,,,94,63,2.11,,
1S03A,07/22/2021,7.38,,,91,63,2.12,,
1S03B,07/22/2021,7.61,,,94,63,2.2,,
1SCL1,07/22/2021,7.24,,,405,59,2.17,,
1S03,07/22/2022,7.29,,,89,70,2.49,,
1S03A,07/22/2022,7.42,,,87,68,2.41,,
1S03B,07/22/2022,7.58,,,90,68,2.45,,
1SCH3,07/22/2022,7.64,,,90,68,2.31,,
1SCL1,07/22/2022,7.65,,,91,70,2.27,,
1S03,07/22/2023,7.33,,,89,64,2.44,,
1S03A,07/22/2023,7.32,,,87,63,2.42,,
1S03B,07/22/2023,7.48,,,90,63,2.57,,
1S03,07/22/2024,7.36,,,82,70,2.35,,
1S03A,07/22/2024,7.35,,,79,68,2.46,,
1S03B,07/22/2024,7.62,,,84,70,2.54,,
1S03A,07/23/2014,7.3,,,84,62,2.13,,
1S03B,07/23/2014,7.47,,,88,63,1.84,,
1S04,07/23/2014,7.27,,,86,64,2.1,,
1S03A,07/23/2015,7.47,,,92,62,2.28,,
1S03B,07/23/2015,7.55,,,97,62,1.99,,
1S07,07/23/2015,7.13,,,94,63,2.03,,
1SCL1,07/23/2015,7.25,,,345,55,2.33,,
1S03A,07/23/2016,7.46,,,97,67,2.06,,
1S03B,07/23/2016,7.65,,,101,67,2.21,,
1S07,07/23/2016,7.42,,,100,68,1.9,,
1SCH3,07/23/2016,7.69,,,99,65,2.47,,
1SCL1,07/23/2016,7.38,,,431,59,2.3,,
1S03,07/23/2018,7.31,,,89,59,2.05,,
1S03A,07/23/2018,7.43,,,90,59,1.99,,
1S03B,07/23/2018,7.49,,,93,60,2.08,,
1SCL1,07/23/2018,7.32,,,500,58,2.26,,
1S03,07/23/2019,7.35,,,89,66,2.3,,
1S03A,07/23/2019,7.39,,,84,64,2.12,,
1S03B,07/23/2019,7.58,,,90,66,2.13,,
1S03,07/23/2020,7.4,,,87,70,2.07,,
1S03A,07/23/2020,7.37,,,83,68,2.09,,
1S03B,07/23/2020,7.65,,,85,70,2,,
1S03,07/23/2021,7.38,,,95,64,2.13,,
1S03A,07/23/2021,7.41,,,93,63,2.12,,
1S03B,07/23/2021,7.55,,,94,63,2.2,,
1SCL1,07/23/2021,7.21,,,436,59,2.22,,
1S03,07/23/2022,7.33,,,89,70,2.49,,
1S03A,07/23/2022,7.4,,,87,68,2.5,,
1S03B,07/23/2022,7.07,,,83,70,2.53,,
1SCH3,07/23/2022,7.13,,,84,68,2.46,,
1SCL1,07/23/2022,7.68,,,90,70,2.51,,
1S03,07/23/2023,7.38,,,89,64,2.48,,
1S03A,07/23/2023,7.37,,,87,63,2.48,,
1S03B,07/23/2023,7.53,,,90,64,2.56,,
1S03,07/23/2024,7.28,,,83,70,2.32,,
1S03A,07/23/2024,7.38,,,80,70,2.48,,
1S03B,07/23/2024,7.65,,,84,70,2.51,,
1S03A,07/24/2014,7.32,,,85,63,2.11,,
1S03B,07/24/2014,7.5,,,88,63,1.74,,
1S04,07/24/2014,7.29,,,86,64,1.98,,
1S03A,07/24/2015,7.4,,,93,62,2.15,,
1S03B,07/24/2015,7.64,,,98,62,2.1,,
1S07,07/24/2015,7.21,,,96,63,1.83,,
1SCL1,07/24/2015,7.18,,,332,56,2.26,,
1S03A,07/24/2016,7.44,,,97,68,2.06,,
1S03B,07/24/2016,7.59,,,101,67,1.99,,
1S07,07/24/2016,7.51,,,100,68,1.9,,
1SCH3,07/24/2016,7.68,,,98,66,2.17,,
1SCL1,07/24/2016,7.36,,,442,59,2.35,,
1S03,07/24/2018,7.31,,,94,61,2.05,,
1S03A,07/24/2018,7.54,,,91,62,2.05,,
1S03B,07/24/2018,7.55,,,95,62,2.16,,
1SCL1,07/24/2018,7.33,,,503,59,2.38,,
1S03,07/24/2019,7.44,,,89,64,2.21,,
1S03A,07/24/2019,7.4,,,87,64,2.06,,
1S03B,07/24/2019,7.61,,,91,66,2.11,,
1S03,07/24/2020,7.39,,,85,68,2.09,,
1S03A,07/24/2020,7.35,,,83,68,2.01,,
1S03B,07/24/2020,7.55,,,86,68,2.06,,
1S03,07/24/2021,7.32,,,95,63,2.17,,
1S03A,07/24/2021,7.32,,,92,63,2.15,,
1S03B,07/24/2021,7.54,,,94,64,2.22,,
1SCL1,07/24/2021,7.16,,,446,57,2.26,,
1S03,07/24/2022,7.34,,,91,70,2.49,,
1S03A,07/24/2022,7.41,,,87,68,2.44,,
1S03B,07/24/2022,7.68,,,92,70,2.58,,
1SCH3,07/24/2022,7.76,,,89,68,2.23,,
1SCL1,07/24/2022,7.7,,,90,70,2.6,,
1S03,07/24/2023,7.33,,,88,63,2.46,,
1S03A,07/24/2023,7.34,,,86,63,2.41,,
1S03B,07/24/2023,7.5,,,89,64,2.7,,
1S03,07/24/2024,7.28,,,83,70,2.47,,
1S03A,07/24/2024,7.3,,,80,68,2.47,,
1S03B,07/24/2024,7.57,,,84,70,2.57,,
1S03A,07/25/2014,7.27,,,85,62,2.22,,
1S03B,07/25/2014,7.43,,,89,63,1.98,,
1S04,07/25/2014,7.24,,,87,63,2.19,,
1S03A,07/25/2015,7.37,,,93,63,2.07,,
1S03B,07/25/2015,7.71,,,98,63,2.07,,
1S07,07/25/2015,7.47,,,96,64,1.8,,
1SCL1,07/25/2015,7.35,,,333,58,2.24,,
1S03A,07/25/2016,7.46,,,96,71,2.1,,
1S03B,07/25/2016,7.56,,,101,70,2.09,,
1S07,07/25/2016,7.29,,,101,68,2.01,,
1SCH3,07/25/2016,7.69,,,98,66,1.9,,
1SCL1,07/25/2016,7.45,,,410,60,2.21,,
1S03,07/25/2018,7.26,,,92,62,1.96,,
1S03A,07/25/2018,7.6,,,91,63,2.09,,
1S03B,07/25/2018,7.74,,,95,63,1.8,,
1SCL1,07/25/2018,7.3,,,503,58,2.38,,
1S03,07/25/2019,7.28,,,89,64,2.25,,
1S03A,07/25/2019,7.43,,,87,64,2.03,,
1S03B,07/25/2019,7.62,,,91,66,2.13,,
1S03,07/25/2020,7.3,,,86,70,2.1,,
1S03A,07/25/2020,7.3,,,83,68,1.98,,
1S03B,07/25/2020,7.58,,,85,68,2.14,,
1S03,07/25/2021,7.29,,,95,64,2.17,,
1S03A,07/25/2021,7.33,,,91,63,2.11,,
1S03B,07/25/2021,7.43,,,93,63,2.22,,
1SCL1,07/25/2021,7.13,,,440,59,2.23,,
1S03,07/25/2022,7.36,,,90,70,2.34,,
1S03A,07/25/2022,7.35,,,86,70,2.43,,
1S03B,07/25/2022,7.66,,,90,70,2.46,,
1SCH3,07/25/2022,7.67,,,90,70,2.49,,
1SCL1,07/25/2022,7.7,,,90,72,2.47,,
1S03,07/25/2023,7.31,,,88,63,2.39,,
1S03A,07/25/2023,7.25,,,86,59,2.44,,
1S03B,07/25/2023,7.43,,,89,63,2.5,,
1S03,07/25/2024,7.33,,,82,70,2.41,,
1S03A,07/25/2024,7.31,,,80,70,2.45,,
1S03B,07/25/2024,7.59,,,84,70,2.52,,
1S03A,07/26/2014,7.31,,,84,63,2.1,,
1S03B,07/26/2014,7.51,,,88,63,1.96,,
1S04,07/26/2014,7.3,,,86,63,2.13,,
1S03A,07/26/2015,7.56,,,92,64,2.46,,
1S03B,07/26/2015,7.77,,,98,64,2.38,,
1S07,07/26/2015,7.56,,,96,65,1.72,,
1SCL1,07/26/2015,7.49,,,271,58,2.26,,
1S03A,07/26/2016,7.4,,,107,65,2.16,,
1S03B,07/26/2016,7.64,,,104,68,1.99,,
1S07,07/26/2016,7.38,,,101,68,1.77,,
1SCH3,07/26/2016,7.55,,,105,65,2.07,,
1SCL1,07/26/2016,7.35,,,441,60,2.23,,
1S03,07/26/2018,7.46,,,91,63,2.16,,
1S03A,07/26/2018,7.45,,,90,64,2.1,,
1S03B,07/26/2018,7.69,,,94,63,1.98,,
1SCL1,07/26/2018,7.32,,,504,60,2.36,,
1S03,07/26/2019,7.35,,,90,66,2.2,,
1S03A,07/26/2019,7.44,,,88,64,2.05,,
1S03B,07/26/2019,7.6,,,92,66,2.19,,
1S03,07/26/2020,7.36,,,86,70,2.08,,
1S03A,07/26/2020,7.43,,,82,68,2.14,,
1S03B,07/26/2020,7.37,,,86,68,1.91,,
1S03,07/26/2021,7.38,,,94,63,2.19,,
1S03A,07/26/2021,7.29,,,90,63,2.2,,
1S03B,07/26/2021,7.46,,,94,64,2.16,,
1SCL1,07/26/2021,7.19,,,398,59,2.23,,
1S03,07/26/2022,7.22,,,90,70,2.49,,
1S03A,07/26/2022,7.37,,,87,70,2.51,,
1S03B,07/26/2022,7.57,,,91,70,2.48,,
1SCH3,07/26/2022,7.69,,,90,68,2.56,,
1SCL1,07/26/2022,7.6,,,90,70,2.57,,
1S03,07/26/2023,7.31,,,88,63,2.43,,
1S03A,07/26/2023,7.37,,,88,59,2.34,,
1S03B,07/26/2023,7.49,,,89,63,2.47,,
1S03,07/26/2024,7.31,,,83,70,2.44,,
1S03A,07/26/2024,7.42,,,81,68,2.46,,
1S03B,07/26/2024,7.64,,,84,68,2.53,,
1S03A,07/27/2014,7.34,,,85,63,2.12,,
1S03B,07/27/2014,7.48,,,88,66,1.94,,
1S04,07/27/2014,7.35,,,86,64,1.99,,
1S03A,07/27/2015,6.82,,,83,66,2.02,,
1S03B,07/27/2015,7.49,,,96,66,2.05,,
1S07,07/27/2015,7.44,,,96,64,1.93,,
1SCL1,07/27/2015,7.31,,,318,57,2.32,,
1S03A,07/27/2016,7.48,,,100,68,2.05,,
1S03B,07/27/2016,7.71,,,104,67,1.99,,
1S07,07/27/2016,7.37,,,102,68,1.96,,
1SCH3,07/27/2016,7.6,,,104,67,2.06,,
1SCL1,07/27/2016,7.24,,,477,59,2.23,,
1S03,07/27/2018,7.44,,,93,62,2.08,,
1S03A,07/27/2018,7.37,,,89,63,2.25,,
1S03B,07/27/2018,7.69,,,93,62,1.91,,
1SCL1,07/27/2018,7.27,,,506,58,2.42,,
1S03,07/27/2019,7.19,,,90,66,2.19,,
1S03A,07/27/2019,7.44,,,87,66,2.1,,
1S03B,07/27/2019,7.62,,,91,66,2.13,,
1S03,07/27/2020,7.45,,,86,70,2.08,,
1S03A,07/27/2020,7.41,,,83,68,2.07,,
1S03B,07/27/2020,7.53,,,86,68,2.09,,
1S03,07/27/2021,7.43,,,94,63,2.25,,
1S03A,07/27/2021,7.38,,,91,63,2.14,,
1S03B,07/27/2021,7.55,,,94,64,2.17,,
1SCL1,07/27/2021,7.18,,,436,57,2.33,,
1S03,07/27/2022,7.36,,,89,70,2.79,,
1S03A,07/27/2022,7.25,,,87,68,2.52,,
1S03B,07/27/2022,7.56,,,91,70,2.68,,
1SCH3,07/27/2022,7.63,,,91,68,2.56,,
1SCL1,07/27/2022,7.55,,,91,70,2.66,,
1S03,07/27/2023,7.35,,,89,63,2.44,,
1S03A,07/27/2023,7.4,,,88,61,2.42,,
1S03B,07/27/2023,7.51,,,90,63,2.48,,
1S03,07/27/2024,7.23,,,83,70,2.49,,
1S03A,07/27/2024,7.39,,,81,68,2.45,,
1S03B,07/27/2024,7.66,,,83,68,,,
1S03A,07/28/2014,7.31,,,83,63,2.12,,
1S03B,07/28/2014,7.5,,,86,63,1.96,,
1S04,07/28/2014,7.28,,,85,63,2.07,,
1S03A,07/28/2015,7.4,,,92,67,2.13,,
1S03B,07/28/2015,7.62,,,98,66,2.05,,
1S07,07/28/2015,7.52,,,96,64,1.69,,
1SCL1,07/28/2015,7.38,,,377,57,2.34,,
1S03A,07/28/2016,7.49,,,101,68,2.14,,
1S03B,07/28/2016,7.71,,,104,68,2.16,,
1S07,07/28/2016,7.37,,,102,69,1.85,,
1SCH3,07/28/2016,7.62,,,101,65,2.25,,
1SCL1,07/28/2016,7.33,,,471,59,2.13,,
1S03,07/28/2018,7.48,,,93,62,2.15,,
1S03A,07/28/2018,7.43,,,91,63,2.07,,
1S03B,07/28/2018,7.67,,,94,62,1.91,,
1SCL1,07/28/2018,7.37,,,500,59,2.44,,
1S03,07/28/2019,7.45,,,90,66,2.22,,
1S03A,07/28/2019,7.35,,,87,64,2.13,,
1S03B,07/28/2019,7.64,,,90,66,2.13,,
1S03,07/28/2020,7.35,,,86,70,2.02,,
1S03A,07/28/2020,7.37,,,83,68,2.18,,
1S03B,07/28/2020,7.55,,,86,68,2.24,,
1S03,07/28/2021,7.35,,,94,64,2.1,,
1S03A,07/28/2021,7.38,,,91,63,2.12,,
1S03B,07/28/2021,7.48,,,94,64,2.18,,
1SCL1,07/28/2021,7.22,,,421,57,2.14,,
1S03,07/28/2022,7.19,,,90,70,2.43,,
1S03A,07/28/2022,7.25,,,86,64,2.45,,
1S03B,07/28/2022,7.52,,,91,68,2.57,,
1SCH3,07/28/2022,7.53,,,88,64,2.49,,
1SCL1,07/28/2022,7.49,,,89,68,2.5,,
1S03,07/28/2023,7.26,,,90,63,2.34,,
1S03A,07/28/2023,7.31,,,88,61,2.39,,
1S03B,07/28/2023,7.51,,,90,64,2.41,,
1S03,07/28/2024,7.2,,,83,70,2.44,,
1S03A,07/28/2024,7.44,,,81,68,2.39,,
1S03B,07/28/2024,7.55,,,84,68,2.56,,
1S03A,07/29/2014,7.31,,,83,62,2.16,,
1S03B,07/29/2014,7.48,,,87,62,2.03,,
1S04,07/29/2014,7.27,,,84,63,2.14,,
1S03A,07/29/2015,7.41,,,95,67,2.14,,
1S03B,07/29/2015,7.65,,,99,66,2.03,,
1S07,07/29/2015,7.45,,,97,66,2.05,,
1SCL1,07/29/2015,7.36,,,321,57,2.1,,
1S03A,07/29/2016,7.4,,,99,68,2.13,,
1S03B,07/29/2016,7.67,,,104,68,2.08,,
1S07,07/29/2016,7.46,,,102,70,1.95,,
1SCH3,07/29/2016,7.76,,,104,68,2.01,,
1SCL1,07/29/2016,7.49,,,472,58,2.18,,
1S03,07/29/2018,7.49,,,93,63,2.14,,
1S03A,07/29/2018,7.54,,,91,64,2.08,,
1S03B,07/29/2018,7.79,,,94,63,2.02,,
1SCL1,07/29/2018,7.35,,,504,58,2.38,,
1S03,07/29/2019,7.28,,,89,68,2.32,,
1S03A,07/29/2019,7.22,,,85,64,2.11,,
1S03B,07/29/2019,7.61,,,89,64,2.1,,
1S03,07/29/2020,7.4,,,86,70,2.09,,
1S03A,07/29/2020,7.41,,,82,68,2.08,,
1S03B,07/29/2020,7.67,,,87,68,2.06,,
1S03,07/29/2021,7.38,,,95,64,2.11,,
1S03A,07/29/2021,7.35,,,91,64,2.11,,
1S03B,07/29/2021,7.57,,,97,64,2.33,,
1SCL1,07/29/2021,7.22,,,435,57,2.26,,
1S03,07/29/2022,7.18,,,88,66,2.3,,
1S03A,07/29/2022,7.34,,,87,63,2.27,,
1S03B,07/29/2022,7.5,,,90,66,2.55,,
1SCH3,07/29/2022,7.55,,,89,64,2.28,,
1SCL1,07/29/2022,7.44,,,89,68,2.56,,
1S03,07/29/2023,7.3,,,90,63,2.47,,
1S03A,07/29/2023,7.33,,,88,61,2.39,,
1S03B,07/29/2023,7.47,,,90,63,2.5,,
1S03,07/29/2024,7.29,,,81,70,2.4,,
1S03A,07/29/2024,7.36,,,81,68,2.41,,
1S03B,07/29/2024,7.52,,,83,68,,,
1S03A,07/30/2014,7.31,,,84,62,2.12,,
1S03B,07/30/2014,7.52,,,88,62,1.86,,
1S04,07/30/2014,7.28,,,86,63,1.96,,
1S03A,07/30/2015,7.37,,,95,68,2.1,,
1S03B,07/30/2015,7.48,,,100,65,1.97,,
1S07,07/30/2015,7.41,,,97,65,1.9,,
1SCL1,07/30/2015,7.34,,,301,59,2.22,,
1S03A,07/30/2016,7.35,,,99,68,2.22,,
1S03B,07/30/2016,7.62,,,103,68,1.94,,
1S07,07/30/2016,7.39,,,103,70,1.91,,
1SCH3,07/30/2016,7.52,,,103,68,1.94,,
1SCL1,07/30/2016,7.35,,,471,59,2.21,,
1S03,07/30/2018,7.44,,,93,62,2.08,,
1S03A,07/30/2018,7.45,,,93,63,2.09,,
1S03B,07/30/2018,7.72,,,95,63,1.93,,
1SCL1,07/30/2018,7.3,,,504,58,2.37,,
1S03,07/30/2019,7.35,,,89,66,2.13,,
1S03A,07/30/2019,7.53,,,86,66,2.02,,
1S03B,07/30/2019,7.63,,,89,66,2.12,,
1S03,07/30/2020,7.48,,,86,70,1.86,,
1S03A,07/30/2020,7.33,,,83,68,2.1,,
1S03B,07/30/2020,7.61,,,87,70,2.02,,
1S03,07/30/2021,7.35,,,94,64,2.08,,
1S03A,07/30/2021,7.3,,,91,63,2.15,,
1S03B,07/30/2021,7.42,,,95,63,2.18,,
1SCL1,07/30/2021,7.25,,,320,61,2.23,,
1S03,07/30/2022,7.23,,,89,66,2.53,,
1S03A,07/30/2022,7.39,,,87,63,2.53,,
1S03B,07/30/2022,7.56,,,90,64,2.57,,
1SCH3,07/30/2022,7.56,,,90,64,2.72,,
1SCL1,07/30/2022,7.59,,,90,66,2.58,,
1S03,07/30/2023,7.26,,,89,64,2.43,,
1S03A,07/30/2023,7.34,,,88,61,2.39,,
1S03B,07/30/2023,7.46,,,89,63,2.55,,
1S03,07/30/2024,7.28,,,83,70,2.44,,
1S03A,07/30/2024,7.45,,,81,70,2.4,,
1S03B,07/30/2024,7.61,,,84,70,2.51,,
1S03A,07/31/2014,7.26,,,84,63,2.11,,
1S03B,07/31/2014,7.53,,,88,63,2,,
1S04,07/31/2014,7.36,,,86,63,2.05,,
1S03A,07/31/2015,7.48,,,95,66,2.32,,
1S03B,07/31/2015,7.73,,,100,65,2.05,,
1S07,07/31/2015,7.46,,,98,66,2.01,,
1SCL1,07/31/2015,7.47,,,309,59,2.17,,
1S03A,07/31/2016,7.4,,,101,68,2.04,,
1S03B,07/31/2016,7.6,,,103,68,1.98,,
1S07,07/31/2016,7.4,,,104,69,1.7,,
1SCH3,07/31/2016,7.5,,,104,67,2.14,,
1SCL1,07/31/2016,7.34,,,470,59,2.32,,
1S03,07/31/2018,7.4,,,94,63,2.02,,
1S03A,07/31/2018,7.47,,,93,64,2.1,,
1S03B,07/31/2018,7.75,,,95,63,2.03,,
1SCL1,07/31/2018,7.37,,,504,59,2.34,,
1S03,07/31/2019,7.27,,,88,68,2.19,,
1S03A,07/31/2019,7.44,,,85,66,2.04,,
1S03B,07/31/2019,7.7,,,90,66,2.1,,
1S03,07/31/2020,7.33,,,86,70,2.08,,
1S03A,07/31/2020,7.41,,,83,68,2.27,,
1S03B,07/31/2020,7.6,,,87,68,2.18,,
1S03,07/31/2021,7.39,,,95,64,2.08,,
1S03A,07/31/2021,7.45,,,92,64,2.07,,
1S03B,07/31/2021,7.6,,,94,63,2.15,,
1SCL1,07/31/2021,7.23,,,449,59,2.23,,
1S03,07/31/2022,7.28,,,88,64,2.47,,
1S03A,07/31/2022,7.33,,,87,63,2.55,,
1S03B,07/31/2022,7.79,,,90,63,2.54,,
1SCH3,07/31/2022,7.73,,,90,64,2.8,,
1SCL1,07/31/2022,7.49,,,90,66,2.61,,
1S03,07/31/2023,7.29,,,89,63,2.48,,
1S03A,07/31/2023,7.33,,,86,61,2.49,,
1S03B,07/31/2023,7.48,,,90,63,2.53,,
1S03,07/31/2024,7.29,,,83,70,2.29,,
1S03A,07/31/2024,7.39,,,81,68,2.66,,
1S03B,07/31/2024,7.55,,,84,70,2.74,,
1S03A,08/13/2014,7.23,,,83,65,2.06,,
1S03B,08/13/2014,7.47,,,86,64,2.21,,
1S04,08/13/2014,7.23,,,85,64,2.01,,
1S03A,08/13/2015,7.4,,,98,67,2.24,,
1S03B,08/13/2015,7.61,,,102,66,2.11,,
1S07,08/13/2015,7.44,,,101,67,2.2,,
1SCL1,08/13/2015,7.4,,,520,51,2.18,,
1S03A,08/13/2016,7.42,,,90,67,1.98,,
1S03B,08/13/2016,7.55,,,94,66,1.99,,
1S07,08/13/2016,7.44,,,93,68,1.73,,
1SCH3,08/13/2016,7.46,,,90,65,2.16,,
1SCL1,08/13/2016,7.31,,,477,59,2.32,,
1S03,08/13/2018,7.44,,,93,64,1.89,,
1S03A,08/13/2018,7.36,,,92,64,2.18,,
1S03B,08/13/2018,7.61,,,95,65,1.91,,
1SCL1,08/13/2018,7.37,,,499,61,2.37,,
1S03,08/13/2019,7.38,,,88,66,2.22,,
1S03A,08/13/2019,7.48,,,85,66,2.06,,
1S03B,08/13/2019,7.6,,,89,66,2.1,,
1S03,08/13/2020,7.41,,,86,70,2.04,,
1S03A,08/13/2020,7.42,,,83,68,2.13,,
1S03B,08/13/2020,7.67,,,86,70,2.11,,
1S03,08/13/2021,7.41,,,93,66,2.26,,
1S03A,08/13/2021,7.38,,,89,64,2.14,,
1S03B,08/13/2021,7.53,,,91,64,2.2,,
1SCL1,08/13/2021,7.29,,,424,61,2.15,,
1S03,08/13/2022,7.17,,,90,70,2.49,,
1S03A,08/13/2022,7.33,,,88,70,2.42,,
1S03B,08/13/2022,7.45,,,91,70,2.5,,
1SCH3,08/13/2022,7.47,,,89,70,2.52,,
1SCL1,08/13/2022,7.47,,,89,72,2.52,,
1S03,08/13/2023,7.37,,,89,68,2.46,,
1S03A,08/13/2023,7.45,,,89,66,2.36,,
1S03B,08/13/2023,7.67,,,92,66,2.61,,
1S03,08/13/2024,7.35,,,84,70,2.43,,
1S03A,08/13/2024,7.37,,,83,68,2.47,,
1S03B,08/13/2024,7.55,,,86,68,2.48,,
1S03A,08/14/2014,7.18,,,82,64,2.14,,
1S03B,08/14/2014,7.44,,,87,64,2.02,,
1S04,08/14/2014,7.33,,,84,64,2.03,,
1S03A,08/14/2015,7.37,,,98,66,2.18,,
1S03B,08/14/2015,7.65,,,102,66,1.84,,
1S07,08/14/2015,7.48,,,101,64,1.88,,
1SCL1,08/14/2015,7.33,,,517,52,2.23,,
1S03A,08/14/2016,7.16,,,89,68,2.11,,
1S03B,08/14/2016,7.38,,,94,67,2.05,,
1S07,08/14/2016,7.42,,,94,68,1.85,,
1SCH3,08/14/2016,7.46,,,89,66,2.17,,
1SCL1,08/14/2016,7.52,,,414,60,2.05,,
1S03,08/14/2018,7.35,,,94,64,2.13,,
1S03A,08/14/2018,7.33,,,92,64,2.03,,
1S03B,08/14/2018,7.57,,,95,64,2.04,,
1SCL1,08/14/2018,7.25,,,489,61,2.16,,
1S03,08/14/2019,7.4,,,88,66,2.22,,
1S03A,08/14/2019,7.38,,,85,66,2.13,,
1S03B,08/14/2019,7.64,,,89,66,2.11,,
1S03,08/14/2020,7.31,,,86,70,2.06,,
1S03A,08/14/2020,7.45,,,85,68,2.08,,
1S03B,08/14/2020,7.72,,,86,68,1.94,,
1S03,08/14/2021,7.4,,,93,66,2.17,,
1S03A,08/14/2021,7.36,,,89,64,2.05,,
1S03B,08/14/2021,7.57,,,93,64,2.14,,
1SCL1,08/14/2021,7.26,,,449,59,1.93,,
1S03,08/14/2022,7.3,,,91,70,2.42,,
1S03A,08/14/2022,7.3,,,87,70,2.41,,
1S03B,08/14/2022,7.48,,,90,70,2.5,,
1SCH3,08/14/2022,7.49,,,88,70,2.53,,
1SCL1,08/14/2022,7.5,,,90,72,2.28,,
1S03,08/14/2023,7.27,,,89,66,2.42,,
1S03A,08/14/2023,7.45,,,89,66,2.48,,
1S03B,08/14/2023,7.63,,,91,66,2.49,,
1S03,08/14/2024,7.3,,,84,68,2.49,,
1S03A,08/14/2024,7.22,,,81,68,2.54,,
1S03B,08/14/2024,7.37,,,86,68,2.46,,
1S03A,08/15/2014,7.43,,,84,64,2.14,,
1S03B,08/15/2014,7.47,,,87,63,1.92,,
1S04,08/15/2014,7.21,,,84,64,1.97,,
1S03A,08/15/2015,7.38,,,100,66,2.27,,
1S03B,08/15/2015,7.65,,,100,66,1.76,,
1S07,08/15/2015,7.5,,,101,68,2.07,,
1SCL1,08/15/2015,7.36,,,512,51,1.99,,
1S03A,08/15/2016,7.4,,,90,66,2.1,,
1S03B,08/15/2016,7.48,,,93,66,2.09,,
1S07,08/15/2016,7.54,,,93,68,1.82,,
1SCH3,08/15/2016,7.52,,,91,66,2.16,,
1SCL1,08/15/2016,7.32,,,467,60,2.1,,
1S03,08/15/2018,7.34,,,93,64,2.24,,
1S03A,08/15/2018,7.47,,,92,66,2.1,,
1S03B,08/15/2018,7.46,,,95,65,2.14,,
1S03,08/15/2019,7.41,,,88,66,2.19,,
1S03A,08/15/2019,7.2,,,86,66,2.13,,
1S03B,08/15/2019,7.68,,,90,68,2.14,,
1S03,08/15/2020,7.26,,,84,70,2.06,,
1S03A,08/15/2020,7.39,,,83,68,2.12,,
1S03B,08/15/2020,7.75,,,86,68,2.17,,
1S03,08/15/2021,7.38,,,93,66,2.17,,
1S03A,08/15/2021,7.33,,,89,64,2.19,,
1S03B,08/15/2021,7.6,,,92,64,2.23,,
1SCL1,08/15/2021,7.33,,,441,59,2.24,,
1S03,08/15/2022,7.27,,,91,70,2.48,,
1S03A,08/15/2022,7.36,,,87,70,2.44,,
1S03B,08/15/2022,7.54,,,91,70,2.54,,
1SCH3,08/15/2022,7.52,,,92,70,2.53,,
1SCL1,08/15/2022,7.59,,,91,72,2.56,,
1S03,08/15/2023,7.29,,,91,68,2.4,,
1S03A,08/15/2023,7.43,,,91,66,2.49,,
1S03B,08/15/2023,7.62,,,93,68,2.53,,
1S03,08/15/2024,7.33,,,84,70,2.41,,
1S03A,08/15/2024,7.34,,,83,68,2.36,,
1S03B,08/15/2024,7.56,,,86,68,2.58,,
1S03A,08/16/2014,7.43,,,84,64,2.12,,
1S03B,08/16/2014,7.57,,,86,63,2.02,,
1S04,08/16/2014,7.36,,,84,63,1.99,,
1S03A,08/16/2015,7.57,,,98,67,2.28,,
1S03B,08/16/2015,7.61,,,101,67,2,,
1S07,08/16/2015,7.43,,,101,67,1.95,,
1SCL1,08/16/2015,7.46,,,516,51,2.23,,
1S03A,08/16/2016,7.28,,,91,67,2.23,,
1S03B,08/16/2016,7.44,,,95,67,2.15,,
1S07,08/16/2016,7.42,,,93,67,1.89,,
1SCH3,08/16/2016,7.41,,,94,65,1.99,,
1SCL1,08/16/2016,7.47,,,390,60,2.14,,
1S03,08/16/2018,7.41,,,94,63,1.98,,
1S03A,08/16/2018,7.37,,,92,65,2.06,,
1S03B,08/16/2018,7.54,,,94,64,1.88,,
1S03,08/16/2019,7.45,,,88,68,2.22,,
1S03A,08/16/2019,7.4,,,87,68,2.18,,
1S03B,08/16/2019,7.69,,,90,66,2.18,,
1S03,08/16/2020,7.3,,,85,70,2.01,,
1S03A,08/16/2020,7.4,,,83,68,2.02,,
1S03B,08/16/2020,7.6,,,86,70,2.1,,
1S03,08/16/2021,7.39,,,93,66,2.16,,
1S03A,08/16/2021,7.37,,,90,64,2.09,,
1S03B,08/16/2021,7.61,,,95,64,2.17,,
1SCL1,08/16/2021,7.22,,,466,59,2.3,,
1S03,08/16/2022,7.31,,,90,70,2.47,,
1S03A,08/16/2022,7.32,,,87,68,2.45,,
1S03B,08/16/2022,7.52,,,91,68,2.45,,
1SCH3,08/16/2022,7.48,,,87,70,2.32,,
1SCL1,08/16/2022,7.46,,,88,72,2.78,,
1S03,08/16/2023,7.3,,,91,66,2.46,,
1S03A,08/16/2023,7.37,,,91,66,2.46,,
1S03B,08/16/2023,7.53,,,94,68,2.47,,
1S03,08/16/2024,7.4,,,84,68,2.45,,
1S03A,08/16/2024,7.43,,,83,68,2.47,,
1S03B,08/16/2024,7.61,,,87,68,2.5,,
1S03A,08/17/2014,7.37,,,84,65,2.11,,
1S03B,08/17/2014,7.55,,,86,63,2.12,,
1S04,08/17/2014,7.3,,,84,63,1.94,,
1S03A,08/17/2015,7.42,,,98,67,2.19,,
1S03B,08/17/2015,7.57,,,101,67,2.03,,
1S07,08/17/2015,7.53,,,94,67,1.97,,
1SCL1,08/17/2015,7.51,,,517,54,2.22,,
1S03A,08/17/2016,7.32,,,90,66,2.3,,
1S03B,08/17/2016,7.47,,,94,67,2.07,,
1S07,08/17/2016,7.41,,,94,68,1.93,,
1SCH3,08/17/2016,7.45,,,93,65,2.1,,
1SCL1,08/17/2016,7.5,,,443,63,2.49,,
1S03,08/17/2018,7.38,,,94,63,2.04,,
1S03A,08/17/2018,7.42,,,92,64,1.89,,
1S03B,08/17/2018,7.51,,,94,64,1.91,,
1S03,08/17/2019,7.39,,,88,68,2.21,,
1S03A,08/17/2019,7.42,,,88,66,2.18,,
1S03B,08/17/2019,7.59,,,90,66,2.16,,
1S03,08/17/2020,7.31,,,86,68,2.01,,
1S03A,08/17/2020,7.42,,,84,68,2.1,,
1S03B,08/17/2020,7.54,,,87,68,2.03,,
1S03,08/17/2021,7.44,,,93,66,2.16,,
1S03A,08/17/2021,7.39,,,88,66,2.16,,
1S03B,08/17/2021,7.68,,,93,66,2.25,,
1SCL1,08/17/2021,7.2,,,468,61,2.34,,
1S03,08/17/2022,7.31,,,92,70,2.64,,
1S03A,08/17/2022,7.37,,,86,68,2.5,,
1S03B,08/17/2022,7.61,,,90,70,2.42,,
1SCH3,08/17/2022,7.56,,,90,70,2.5,,
1SCL1,08/17/2022,7.59,,,91,72,2.43,,
1S03,08/17/2023,7.29,,,91,68,2.4,,
1S03A,08/17/2023,7.34,,,91,66,2.28,,
1S03B,08/17/2023,7.51,,,94,68,2.38,,
1S03,08/17/2024,7.43,,,85,68,2.43,,
1S03A,08/17/2024,7.4,,,83,68,2.5,,
1S03B,08/17/2024,7.66,,,86,68,2.51,,
1S03A,08/18/2014,7.39,,,84,63,2.16,,
1S03B,08/18/2014,7.58,,,87,63,2.12,,
1S04,08/18/2014,7.31,,,85,64,2.03,,
1S03A,08/18/2015,7.2,,,97,67,2.14,,
1S03B,08/18/2015,7.39,,,101,67,1.99,,
1S07,08/18/2015,7.63,,,100,68,1.94,,
1SCL1,08/18/2015,7.31,,,512,51,2.02,,
1S03A,08/18/2016,7.32,,,92,66,2.15,,
1S03B,08/18/2016,7.42,,,95,66,2.19,,
1S07,08/18/2016,7.35,,,93,67,2.08,,
1SCH3,08/18/2016,7.49,,,95,66,2.03,,
1SCL1,08/18/2016,7.34,,,462,57,2.05,,
1S03,08/18/2018,7.4,,,93,65,2.16,,
1S03A,08/18/2018,7.47,,,89,66,2.02,,
1S03B,08/18/2018,7.54,,,94,66,2.06,,
1S03,08/18/2019,7.44,,,89,68,2.16,,
1S03A,08/18/2019,7.46,,,90,68,2.18,,
1S03B,08/18/2019,7.66,,,91,68,2.06,,
1S03,08/18/2020,7.28,,,85,68,2.02,,
1S03A,08/18/2020,7.43,,,84,68,2.06,,
1S03B,08/18/2020,7.67,,,86,68,2.2,,
1S03,08/18/2021,7.4,,,93,66,1.98,,
1S03A,08/18/2021,7.51,,,90,66,2.02,,
1S03B,08/18/2021,7.65,,,93,66,2.15,,
1SCL1,08/18/2021,7.26,,,453,59,2.19,,
1S03,08/18/2022,7.26,,,90,70,2.48,,
1S03A,08/18/2022,7.42,,,87,68,2.57,,
1S03B,08/18/2022,7.63,,,90,68,2.26,,
1SCH3,08/18/2022,7.67,,,90,70,2.36,,
1SCL1,08/18/2022,7.69,,,90,70,2.41,,
1S03,08/18/2023,7.28,,,93,68,2.47,,
1S03A,08/18/2023,7.42,,,93,68,2.26,,
1S03B,08/18/2023,7.63,,,93,68,2.6,,
1S03,08/18/2024,7.36,,,85,68,2.46,,
1S03A,08/18/2024,7.4,,,83,68,2.48,,
1S03B,08/18/2024,7.71,,,85,68,2.47,,
1S03A,08/19/2014,7.43,,,83,64,2.27,,
1S03B,08/19/2014,7.61,,,87,64,2.14,,
1S04,08/19/2014,7.43,,,85,65,2.24,,
1S03A,08/19/2015,7.39,,,96,68,2.19,,
1S03B,08/19/2015,7.6,,,102,67,2.17,,
1S07,08/19/2015,7.56,,,100,68,2.12,,
1SCL1,08/19/2015,7.39,,,514,55,2.17,,
1S03A,08/19/2016,7.29,,,93,66,2,,
1S03B,08/19/2016,7.39,,,95,67,1.98,,
1S07,08/19/2016,7.29,,,95,68,2.17,,
1SCH3,08/19/2016,7.44,,,95,65,2.14,,
1SCL1,08/19/2016,7.39,,,396,59,2.12,,
1S03,08/19/2018,7.32,,,93,64,2.2,,
1S03A,08/19/2018,7.37,,,92,64,2.05,,
1S03B,08/19/2018,7.45,,,94,64,2.04,,
1S03,08/19/2019,7.45,,,90,70,2.22,,
1S03A,08/19/2019,7.53,,,91,68,2.19,,
1S03B,08/19/2019,7.59,,,92,68,2.11,,
1S03,08/19/2020,7.33,,,85,70,2.01,,
1S03A,08/19/2020,7.39,,,85,68,2.05,,
1S03B,08/19/2020,7.58,,,88,68,2,,
1S03,08/19/2021,7.4,,,92,66,2.11,,
1S03A,08/19/2021,7.37,,,90,66,2.19,,
1S03B,08/19/2021,7.53,,,91,66,2.22,,
1SCL1,08/19/2021,7.21,,,446,61,2.22,,
1S03,08/19/2022,7.26,,,89,70,2.47,,
1S03A,08/19/2022,7.22,,,86,68,2.41,,
1S03B,08/19/2022,7.5,,,90,68,2.4,,
1SCH3,08/19/2022,7.56,,,90,70,2.43,,
1SCL1,08/19/2022,7.57,,,89,70,2.5,,
1S03,08/19/2023,7.33,,,93,68,2.43,,
1S03A,08/19/2023,7.39,,,93,66,2.51,,
1S03B,08/19/2023,7.61,,,96,66,2.47,,
1S03,08/19/2024,7.36,,,85,68,2.42,,
1S03A,08/19/2024,7.36,,,84,68,2.49,,
1S03B,08/19/2024,7.58,,,87,68,2.48,,
1S03A,08/20/2014,7.41,,,84,65,2.14,,
1S03B,08/20/2014,7.6,,,87,64,2.09,,
1S04,08/20/2014,7.47,,,85,65,1.97,,
1S03A,08/20/2015,7.4,,,96,67,2.23,,
1S03B,08/20/2015,7.53,,,101,67,2.09,,
1S07,08/20/2015,7.3,,,99,68,2.02,,
1SCL1,08/20/2015,7.18,,,385,59,2.16,,
1S03A,08/20/2016,7.37,,,92,68,2.03,,
1S03B,08/20/2016,7.46,,,95,67,1.98,,
1S07,08/20/2016,7.37,,,94,68,1.9,,
1SCH3,08/20/2016,7.38,,,96,66,2.1,,
1SCL1,08/20/2016,7.39,,,447,60,2.05,,
1S03,08/20/2018,7.36,,,93,64,1.93,,
1S03A,08/20/2018,7.42,,,93,64,2.05,,
1S03B,08/20/2018,7.5,,,95,64,2.02,,
1S03,08/20/2019,7.35,,,91,68,2.27,,
1S03A,08/20/2019,7.4,,,90,68,2.17,,
1S03B,08/20/2019,7.61,,,92,68,2.14,,
1S03,08/20/2020,7.34,,,86,68,2.01,,
1S03A,08/20/2020,7.33,,,83,68,2.16,,
1S03B,08/20/2020,7.62,,,89,68,2.07,,
1S03,08/20/2021,7.38,,,92,66,2.12,,
1S03A,08/20/2021,7.31,,,91,64,2.15,,
1S03B,08/20/2021,7.47,,,95,66,2.11,,
1SCL1,08/20/2021,7.33,,,465,61,2.22,,
1S03,08/20/2022,7.29,,,90,70,2.49,,
1S03A,08/20/2022,7.34,,,87,68,2.44,,
1S03B,08/20/2022,7.44,,,90,70,2.48,,
1SCH3,08/20/2022,7.56,,,88,68,2.54,,
1SCL1,08/20/2022,7.6,,,88,70,2.59,,
1S03,08/20/2023,7.31,,,94,68,2.41,,
1S03A,08/20/2023,7.37,,,94,66,2.47,,
1S03B,08/20/2023,7.55,,,97,66,2.49,,
1S03,08/20/2024,7.31,,,84,68,2.46,,
1S03A,08/20/2024,7.38,,,83,68,2.49,,
1S03B,08/20/2024,7.57,,,87,68,2.49,,
1S03A,08/21/2014,7.42,,,81,64,2.24,,
1S03B,08/21/2014,7.68,,,86,64,2.09,,
1S04,08/21/2014,7.43,,,83,64,1.93,,
1S03A,08/21/2015,7.15,,,96,67,2.25,,
1S03B,08/21/2015,7.33,,,103,67,2.12,,
1S07,08/21/2015,7.4,,,99,68,2.03,,
1SCL1,08/21/2015,7.23,,,371,57,2.11,,
1S03A,08/21/2016,7.36,,,92,68,2.06,,
1S03B,08/21/2016,7.41,,,94,68,2.11,,
1S07,08/21/2016,7.37,,,93,67,2,,
1SCH3,08/21/2016,7.51,,,94,65,1.98,,
1SCL1,08/21/2016,7.49,,,406,60,2.03,,
1S03,08/21/2018,7.31,,,93,64,2,,
1S03A,08/21/2018,7.41,,,93,64,2.06,,
1S03B,08/21/2018,7.56,,,95,64,1.88,,
1S03,08/21/2019,7.44,,,93,70,2.18,,
1S03A,08/21/2019,7.5,,,91,68,2.25,,
1S03B,08/21/2019,7.62,,,94,70,2.11,,
1S03,08/21/2020,7.35,,,87,68,2.02,,
1S03A,08/21/2020,7.47,,,85,68,2.1,,
1S03B,08/21/2020,7.64,,,88,68,2,,
1S03,08/21/2021,7.38,,,93,66,2.11,,
1S03A,08/21/2021,7.43,,,91,66,2.14,,
1S03B,08/21/2021,7.61,,,93,66,2.19,,
1SCL1,08/21/2021,7.28,,,452,61,2.19,,
1S03,08/21/2022,7.33,,,89,70,2.47,,
1S03A,08/21/2022,7.32,,,86,68,2.5,,
1S03B,08/21/2022,7.57,,,90,68,2.53,,
1SCH3,08/21/2022,7.55,,,86,68,2.66,,
1SCL1,08/21/2022,7.52,,,88,70,2.53,,
1S03,08/21/2023,7.31,,,95,68,2.46,,
1S03A,08/21/2023,7.37,,,93,68,2.43,,
1S03B,08/21/2023,7.58,,,97,68,2.43,,
1S03,08/21/2024,7.23,,,86,68,2.46,,
1S03A,08/21/2024,7.39,,,84,66,2.42,,
1S03B,08/21/2024,7.67,,,87,66,2.5,,
1S03A,08/22/2014,7.43,,,83,65,2.1,,
1S03B,08/22/2014,7.71,,,85,64,2.03,,
1S04,08/22/2014,7.34,,,84,65,2.07,,
1S03A,08/22/2015,7.34,,,96,67,2.34,,
1S03B,08/22/2015,7.48,,,101,67,2.13,,
1S07,08/22/2015,7.32,,,99,68,1.85,,
1SCL1,08/22/2015,7.18,,,474,55,2.24,,
1S03A,08/22/2016,7.39,,,92,66,2.09,,
1S03B,08/22/2016,7.42,,,95,67,2.04,,
1S07,08/22/2016,7.07,,,93,68,1.97,,
1SCH3,08/22/2016,7.3,,,95,66,1.98,,
1SCL1,08/22/2016,7.3,,,423,61,1.99,,
1S03,08/22/2018,7.42,,,94,65,1.84,,
1S03A,08/22/2018,7.36,,,92,65,2.05,,
1S03B,08/22/2018,7.54,,,95,65,1.86,,
1S03,08/22/2019,7.39,,,92,70,2.21,,
1S03A,08/22/2019,7.33,,,90,68,2.12,,
1S03B,08/22/2019,7.44,,,94,70,2.25,,
1S03,08/22/2020,7.27,,,85,70,1.99,,
1S03A,08/22/2020,7.23,,,83,70,2.1,,
1S03B,08/22/2020,7.63,,,85,68,2.19,,
1S03,08/22/2021,7.41,,,93,66,2.16,,
1S03A,08/22/2021,7.42,,,90,66,2.07,,
1S03B,08/22/2021,7.59,,,92,66,2.17,,
1SCL1,08/22/2021,7.3,,,437,61,2.17,,
1S03,08/22/2022,7.32,,,91,70,2.38,,
1S03A,08/22/2022,7.31,,,87,68,2.47,,
1S03B,08/22/2022,7.58,,,92,70,2.5,,
1SCH3,08/22/2022,7.5,,,91,70,2.51,,
1SCL1,08/22/2022,7.56,,,92,70,2.46,,
1S03,08/22/2023,7.34,,,97,68,2.42,,
1S03A,08/22/2023,7.43,,,94,68,2.49,,
1S03B,08/22/2023,7.62,,,97,68,2.58,,
1S03,08/22/2024,7.37,,,86,66,2.47,,
1S03A,08/22/2024,7.39,,,84,66,2.47,,
1S03B,08/22/2024,7.67,,,87,66,2.41,,
1S03A,08/23/2014,7.31,,,84,63,2.15,,
1S03B,08/23/2014,7.56,,,87,63,2.08,,
1S04,08/23/2014,7.34,,,87,64,2.11,,
1S03A,08/23/2015,7.41,,,96,68,2.37,,
1S03B,08/23/2015,7.62,,,100,67,1.99,,
1S07,08/23/2015,7.39,,,99,68,1.75,,
1SCL1,08/23/2015,7.37,,,399,57,2.24,,
1S03A,08/23/2016,7.34,,,92,65,2.01,,
1S03B,08/23/2016,7.39,,,96,66,2.13,,
1S07,08/23/2016,7.22,,,93,67,1.81,,
1SCH3,08/23/2016,7.32,,,93,64,2.04,,
1SCL1,08/23/2016,7.11,,,475,59,2.03,,
1S03,08/23/2018,7.42,,,95,64,1.95,,
1S03A,08/23/2018,7.38,,,93,64,2.06,,
1S03B,08/23/2018,7.52,,,96,65,1.95,,
1S03,08/23/2019,7.37,,,92,70,2.14,,
1S03A,08/23/2019,7.37,,,92,68,2.06,,
1S03B,08/23/2019,7.6,,,94,70,2.1,,
1S03,08/23/2020,7.36,,,85,68,1.95,,
1S03A,08/23/2020,7.43,,,84,68,2.09,,
1S03B,08/23/2020,7.7,,,87,68,2.07,,
1S03,08/23/2021,7.35,,,91,66,1.98,,
1S03A,08/23/2021,7.44,,,88,68,2.18,,
1S03B,08/23/2021,7.54,,,91,66,2.14,,
1SCL1,08/23/2021,7.3,,,450,61,2.19,,
1S03,08/23/2022,7.28,,,90,70,2.56,,
1S03A,08/23/2022,7.26,,,87,68,2.67,,
1S03B,08/23/2022,7.49,,,90,68,2.68,,
1SCH3,08/23/2022,7.47,,,91,70,2.67,,
1SCL1,08/23/2022,7.5,,,91,70,2.68,,
1S03,08/23/2023,7.3,,,96,68,2.44,,
1S03A,08/23/2023,7.49,,,96,68,2.42,,
1S03B,08/23/2023,7.72,,,98,68,2.35,,
1S03,08/23/2024,7.34,,,87,66,2.45,,
1S03A,08/23/2024,7.31,,,84,66,2.42,,
1S03B,08/23/2024,7.59,,,88,66,2.46,,
1S03A,08/24/2014,7.19,,,83,64,2.14,,
1S03B,08/24/2014,7.33,,,86,64,2.26,,
1S04,08/24/2014,7.16,,,84,64,1.94,,
1S03A,08/24/2015,7.4,,,96,68,2.27,,
1S03B,08/24/2015,7.58,,,102,67,2.29,,
1S07,08/24/2015,7.56,,,98,68,1.99,,
1SCL1,08/24/2015,7.29,,,388,57,2.18,,
1S03A,08/24/2016,7.34,,,92,66,2.06,,
1S03B,08/24/2016,7.4,,,95,66,2.04,,
1S07,08/24/2016,7.3,,,94,67,1.9,,
1SCH3,08/24/2016,7.37,,,95,66,2.05,,
1SCL1,08/24/2016,7.4,,,104,66,2.17,,
1S03,08/24/2018,7.41,,,95,64,2.05,,
1S03A,08/24/2018,7.44,,,93,64,2.02,,
1S03B,08/24/2018,7.59,,,97,65,1.93,,
1S03,08/24/2019,7.3,,,93,70,2.22,,
1S03A,08/24/2019,7.4,,,92,68,2.14,,
1S03B,08/24/2019,7.58,,,94,70,2.13,,
1S03,08/24/2020,7.29,,,86,70,2.1,,
1S03A,08/24/2020,7.45,,,85,70,2.05,,
1S03B,08/24/2020,7.6,,,88,68,2.03,,
1S03,08/24/2021,7.31,,,91,66,2.17,,
1S03A,08/24/2021,7.39,,,89,64,2.08,,
1S03B,08/24/2021,7.53,,,92,64,2.13,,
1SCL1,08/24/2021,7.27,,,444,61,2.2,,
1S03,08/24/2022,7.27,,,91,68,2.46,,
1S03A,08/24/2022,7.44,,,87,68,2.56,,
1S03B,08/24/2022,7.56,,,92,70,2.59,,
1SCH3,08/24/2022,7.46,,,89,68,2.62,,
1SCL1,08/24/2022,7.47,,,90,70,2.62,,
1S03,08/24/2023,7.22,,,97,68,2.54,,
1S03A,08/24/2023,7.41,,,94,68,2.49,,
1S03B,08/24/2023,7.54,,,98,68,2.49,,
1S03,08/24/2024,7.37,,,86,68,2.45,,
1S03A,08/24/2024,7.39,,,84,68,2.48,,
1S03B,08/24/2024,7.62,,,88,68,2.47,,
1S03A,08/25/2014,7.3,,,82,66,2.12,,
1S03B,08/25/2014,7.54,,,86,64,2.17,,
1S04,08/25/2014,7.29,,,83,65,2.08,,
1S03A,08/25/2015,7.34,,,96,68,2.26,,
1S03B,08/25/2015,7.58,,,101,68,2.17,,
1S07,08/25/2015,7.57,,,99,69,1.87,,
1SCL1,08/25/2015,7.38,,,404,56,2.05,,
1S03A,08/25/2016,7.32,,,91,66,2.18,,
1S03B,08/25/2016,7.37,,,95,66,2.09,,
1S07,08/25/2016,7.35,,,94,68,1.97,,
1SCH3,08/25/2016,7.44,,,95,66,2.02,,
1SCL1,08/25/2016,7.43,,,97,66,2.11,,
1S03,08/25/2018,7.42,,,96,65,1.97,,
1S03A,08/25/2018,7.44,,,93,65,2.09,,
1S03B,08/25/2018,7.64,,,96,64,2.02,,
1S03,08/25/2019,7.27,,,94,68,2.1,,
1S03A,08/25/2019,7.33,,,94,68,2.08,,
1S03B,08/25/2019,7.53,,,95,68,2.15,,
1S03,08/25/2020,7.41,,,87,70,1.95,,
1S03A,08/25/2020,7.42,,,84,68,2.03,,
1S03B,08/25/2020,7.67,,,88,70,2.15,,
1S03,08/25/2021,7.39,,,91,66,2.12,,
1S03A,08/25/2021,7.42,,,90,66,2.09,,
1S03B,08/25/2021,7.49,,,93,66,2.22,,
1SCL1,08/25/2021,7.22,,,455,61,2.25,,
1S03,08/25/2022,7.26,,,90,70,2.49,,
1S03A,08/25/2022,7.29,,,87,68,2.47,,
1S03B,08/25/2022,7.51,,,92,68,2.51,,
1SCH3,08/25/2022,7.48,,,90,68,2.53,,
1SCL1,08/25/2022,7.53,,,91,70,2.61,,
1S03,08/25/2023,7.29,,,96,68,2.45,,
1S03A,08/25/2023,7.4,,,94,68,2.49,,
1S03B,08/25/2023,7.61,,,98,68,2.61,,
1S03,08/25/2024,7.41,,,86,68,2.42,,
1S03A,08/25/2024,7.43,,,84,68,2.49,,
1S03B,08/25/2024,7.68,,,87,68,2.54,,
1S03A,08/26/2014,7.26,,,82,65,2.11,,
1S03B,08/26/2014,7.54,,,86,65,2.09,,
1S04,08/26/2014,7.37,,,84,65,2.1,,
1S03A,08/26/2015,6.85,,,88,67,2.27,,
1S03B,08/26/2015,7.44,,,99,67,2.07,,
1S07,08/26/2015,7.5,,,97,68,1.85,,
1SCL1,08/26/2015,7.33,,,333,57,2.15,,
1S03A,08/26/2016,7.33,,,92,67,2.2,,
1S03B,08/26/2016,7.44,,,95,67,2.16,,
1S07,08/26/2016,7.32,,,94,68,1.84,,
1SCH3,08/26/2016,7.43,,,95,67,1.97,,
1SCL1,08/26/2016,7.44,,,96,67,1.79,,
1S03,08/26/2018,7.51,,,96,64,1.96,,
1S03A,08/26/2018,7.4,,,93,67,2.19,,
1S03B,08/26/2018,7.66,,,97,66,2.02,,
1S03,08/26/2019,7.3,,,94,70,2.4,,
1S03A,08/26/2019,7.44,,,95,70,2.08,,
1S03B,08/26/2019,7.43,,,97,68,2.06,,
1S03,08/26/2020,7.21,,,87,70,2.33,,
1S03A,08/26/2020,7.17,,,86,68,2.05,,
1S03B,08/26/2020,7.32,,,89,68,2.11,,
1S03,08/26/2021,7.45,,,93,66,2.22,,
1S03A,08/26/2021,7.38,,,90,66,2.07,,
1S03B,08/26/2021,7.55,,,92,66,2.19,,
1SCL1,08/26/2021,7.3,,,427,61,2.28,,
1S03,08/26/2022,7.27,,,90,70,2.44,,
1S03A,08/26/2022,7.31,,,87,68,2.37,,
1S03B,08/26/2022,7.48,,,91,72,2.48,,
1SCH3,08/26/2022,7.55,,,89,68,2.5,,
1SCL1,08/26/2022,7.56,,,89,70,2.69,,
1S03,08/26/2023,7.3,,,96,68,2.47,,
1S03A,08/26/2023,7.39,,,94,68,2.47,,
1S03B,08/26/2023,7.54,,,98,68,2.52,,
1S03,08/26/2024,7.34,,,86,68,2.48,,
1S03A,08/26/2024,7.36,,,83,68,2.52,,
1S03B,08/26/2024,7.59,,,88,68,2.49,,
1S03A,08/27/2014,7.22,,,82,66,2.29,,
1S03B,08/27/2014,7.55,,,86,65,2.19,,
1S04,08/27/2014,7.29,,,85,66,2.14,,
1S03A,08/27/2015,7.31,,,94,68,2.23,,
1S03B,08/27/2015,7.47,,,100,67,2.18,,
1S07,08/27/2015,7.68,,,100,68,1.99,,
1SCL1,08/27/2015,7.11,,,323,59,2.11,,
1S03A,08/27/2016,7.36,,,91,67,2.07,,
1S03B,08/27/2016,7.51,,,95,67,2.12,,
1S07,08/27/2016,7.54,,,94,68,1.76,,
1SCH3,08/27/2016,7.46,,,93,66,2.18,,
1SCL1,08/27/2016,7.5,,,93,66,2.13,,
1S03,08/27/2018,7.46,,,95,64,2.22,,
1S03A,08/27/2018,7.46,,,92,66,2.18,,
1S03B,08/27/2018,7.63,,,96,65,1.8,,
1S03,08/27/2019,7.4,,,94,70,2.12,,
1S03A,08/27/2019,7.36,,,93,70,2.06,,
1S03B,08/27/2019,7.58,,,96,68,2.05,,
1S03,08/27/2020,7.38,,,87,70,2.02,,
1S03A,08/27/2020,7.39,,,85,68,2.11,,
1S03B,08/27/2020,7.66,,,88,68,2.2,,
1S03,08/27/2021,7.42,,,93,68,2.09,,
1S03A,08/27/2021,7.33,,,88,68,2.08,,
1S03B,08/27/2021,7.53,,,91,66,2.19,,
1SCL1,08/27/2021,7.25,,,417,61,2.33,,
1S03,08/27/2022,7.29,,,90,70,2.48,,
1S03A,08/27/2022,7.51,,,88,68,2.47,,
1S03B,08/27/2022,7.63,,,91,68,2.56,,
1SCH3,08/27/2022,7.69,,,91,70,2.56,,
1SCL1,08/27/2022,7.66,,,90,68,2.5,,
1S03,08/27/2023,7.29,,,96,70,2.42,,
1S03A,08/27/2023,7.38,,,95,68,2.5,,
1S03B,08/27/2023,7.6,,,98,68,2.45,,
1S03,08/27/2024,7.42,,,87,68,2.41,,
1S03A,08/27/2024,7.38,,,84,68,2.44,,
1S03B,08/27/2024,7.67,,,88,68,2.49,,
1S03A,08/28/2014,7.18,,,82,65,2.1,,
1S03B,08/28/2014,7.38,,,86,65,2.26,,
1S04,08/28/2014,7.05,,,84,65,2.13,,
1S03A,08/28/2015,7.28,,,94,68,2.14,,
1S03B,08/28/2015,7.42,,,99,67,2.07,,
1S07,08/28/2015,7.39,,,97,66,1.89,,
1SCL1,08/28/2015,7.21,,,365,57,2.1,,
1S03A,08/28/2016,7.45,,,92,66,2.04,,
1S03B,08/28/2016,7.64,,,94,66,1.98,,
1S07,08/28/2016,7.34,,,93,67,1.9,,
1SCH3,08/28/2016,7.51,,,94,66,1.97,,
1SCL1,08/28/2016,7.54,,,94,66,2.1,,
1S03,08/28/2018,7.49,,,95,65,1.87,,
1S03A,08/28/2018,7.43,,,92,66,2.2,,
1S03B,08/28/2018,7.7,,,95,66,1.95,,
1S03,08/28/2019,7.28,,,93,70,2.16,,
1S03A,08/28/2019,7.39,,,92,68,2.06,,
1S03B,08/28/2019,7.52,,,95,70,2.07,,
1S03,08/28/2020,7.24,,,87,70,2.02,,
1S03A,08/28/2020,7.36,,,87,68,2.06,,
1S03B,08/28/2020,7.75,,,90,70,2.08,,
1S03,08/28/2021,7.34,,,94,68,2.1,,
1S03A,08/28/2021,7.3,,,90,66,2.12,,
1S03B,08/28/2021,7.48,,,94,66,2.21,,
1SCL1,08/28/2021,7.25,,,458,61,2.24,,
1S03,08/28/2022,7.29,,,90,70,2.06,,
1S03A,08/28/2022,7.34,,,87,68,2.44,,
1S03B,08/28/2022,7.49,,,91,70,2.52,,
1SCH3,08/28/2022,7.52,,,91,70,2.56,,
1SCL1,08/28/2022,7.51,,,91,70,2.51,,
1S03,08/28/2023,7.26,,,96,68,2.47,,
1S03A,08/28/2023,7.42,,,95,68,2.47,,
1S03B,08/28/2023,7.52,,,98,68,2.48,,
1S03,08/28/2024,7.35,,,86,68,2.44,,
1S03A,08/28/2024,7.35,,,84,68,2.47,,
1S03B,08/28/2024,7.65,,,88,68,2.49,,
1S03A,08/29/2014,7.43,,,83,65,2.08,,
1S03B,08/29/2014,7.76,,,87,65,1.79,,
1S04,08/29/2014,7.44,,,84,65,2.04,,
1S03A,08/29/2015,7.28,,,94,67,2.27,,
1S03B,08/29/2015,7.33,,,97,66,2.02,,
1S07,08/29/2015,7.51,,,97,68,1.77,,
1SCL1,08/29/2015,7.16,,,356,58,2.07,,
1S03A,08/29/2016,7.31,,,92,67,2.18,,
1S03B,08/29/2016,7.51,,,95,66,2.16,,
1S07,08/29/2016,7.33,,,93,69,1.8,,
1SCH3,08/29/2016,7.48,,,95,67,2.01,,
1SCL1,08/29/2016,7.5,,,96,67,1.85,,
1S03,08/29/2018,7.44,,,95,66,2.19,,
1S03A,08/29/2018,7.39,,,91,65,2.03,,
1S03B,08/29/2018,7.62,,,95,65,1.89,,
1S03,08/29/2019,7.28,,,94,70,2.14,,
1S03A,08/29/2019,7.34,,,92,68,2.09,,
1S03B,08/29/2019,7.52,,,96,70,2.15,,
1S03,08/29/2020,7.33,,,86,70,1.96,,
1S03A,08/29/2020,7.47,,,84,68,2.18,,
1S03B,08/29/2020,7.7,,,86,70,2.04,,
1S03,08/29/2021,7.4,,,94,68,2.11,,
1S03A,08/29/2021,7.29,,,91,66,2.05,,
1S03B,08/29/2021,7.58,,,95,68,2.23,,
1SCL1,08/29/2021,7.35,,,434,63,2.26,,
1S03,08/29/2022,7.24,,,91,70,2.34,,
1S03A,08/29/2022,7.28,,,87,70,2.55,,
1S03B,08/29/2022,7.52,,,92,70,2.48,,
1SCH3,08/29/2022,7.54,,,90,70,2.49,,
1SCL1,08/29/2022,7.51,,,89,70,2.48,,
1S03,08/29/2023,7.32,,,96,68,2.44,,
1S03A,08/29/2023,7.4,,,94,68,2.48,,
1S03B,08/29/2023,7.53,,,97,68,2.5,,
1S03,08/29/2024,7.23,,,87,68,2.4,,
1S03A,08/29/2024,7.29,,,84,68,2.43,,
1S03B,08/29/2024,7.54,,,87,68,2.39,,
1S03A,08/30/2014,7.37,,,83,65,2.03,,
1S03B,08/30/2014,7.61,,,86,65,2.08,,
1S04,08/30/2014,7.33,,,84,65,1.8,,
1S03A,08/30/2015,7.31,,,94,67,2.14,,
1S03B,08/30/2015,7.36,,,97,66,2.2,,
1S07,08/30/2015,7.26,,,94,68,1.7,,
1SCL1,08/30/2015,7.02,,,463,56,2.13,,
1S03A,08/30/2016,7.38,,,91,68,2.2,,
1S03B,08/30/2016,7.55,,,96,67,1.86,,
1S07,08/30/2016,7.35,,,93,67,1.91,,
1SCH3,08/30/2016,7.5,,,94,66,1.96,,
1SCL1,08/30/2016,7.49,,,94,66,1.93,,
1S03,08/30/2018,7.44,,,95,66,1.99,,
1S03A,08/30/2018,7.39,,,92,65,1.96,,
1S03B,08/30/2018,7.52,,,95,65,2.01,,
1S03,08/30/2019,7.39,,,94,70,2.19,,
1S03A,08/30/2019,7.55,,,94,70,2.13,,
1S03B,08/30/2019,7.62,,,97,70,2.08,,
1S03,08/30/2020,7.22,,,86,70,1.99,,
1S03A,08/30/2020,7.21,,,85,68,2.06,,
1S03B,08/30/2020,7.55,,,88,68,1.97,,
1S03,08/30/2021,7.36,,,92,68,2.1,,
1S03A,08/30/2021,7.38,,,90,66,2.25,,
1S03B,08/30/2021,7.55,,,93,66,2.06,,
1SCL1,08/30/2021,7.29,,,172,66,1.85,,
1S03,08/30/2022,7.27,,,91,70,2.44,,
1S03A,08/30/2022,7.34,,,86,68,2.45,,
1S03B,08/30/2022,7.35,,,91,70,2.54,,
1SCH3,08/30/2022,7.47,,,91,70,2.61,,
1SCL1,08/30/2022,7.53,,,91,72,2.52,,
1S03,08/30/2023,7.24,,,95,68,2.4,,
1S03A,08/30/2023,7.43,,,93,68,2.49,,
1S03B,08/30/2023,7.56,,,96,70,2.45,,
1S03,08/30/2024,7.37,,,85,68,2.43,,
1S03A,08/30/2024,7.32,,,84,68,2.49,,
1S03B,08/30/2024,7.55,,,87,68,2.64,,
1S03A,08/31/2014,7.18,,,83,66,2.07,,
1S03B,08/31/2014,7.45,,,84,66,2.28,,
1S04,08/31/2014,7.26,,,84,67,2.04,,
1S03A,08/31/2015,7.31,,,93,66,2.13,,
1S03B,08/31/2015,7.32,,,97,66,1.98,,
1S07,08/31/2015,7.25,,,94,67,1.76,,
1SCL1,08/31/2015,7.04,,,495,53,2.08,,
1S03A,08/31/2016,7.39,,,91,66,2.13,,
1S03B,08/31/2016,7.49,,,95,66,1.97,,
1S07,08/31/2016,7.33,,,93,68,1.69,,
1SCH3,08/31/2016,7.46,,,95,67,1.93,,
1SCL1,08/31/2016,7.48,,,96,67,1.91,,
1S03,08/31/2018,7.37,,,94,65,2.24,,
1S03A,08/31/2018,7.47,,,92,65,2,,
1S03B,08/31/2018,7.6,,,94,64,1.95,,
1S03,08/31/2019,7.3,,,95,68,2.1,,
1S03A,08/31/2019,7.32,,,93,66,2.1,,
1S03B,08/31/2019,7.54,,,96,68,2.07,,
1S03,08/31/2020,7.27,,,86,70,2.02,,
1S03A,08/31/2020,7.53,,,85,68,2.06,,
1S03B,08/31/2020,7.58,,,88,68,2.05,,
1S03,08/31/2021,7.41,,,92,68,2.09,,
1S03A,08/31/2021,7.37,,,88,68,2.12,,
1S03B,08/31/2021,7.55,,,92,68,2.12,,
1SCL1,08/31/2021,7.4,,,428,63,2.18,,
1S03,08/31/2022,7.24,,,91,70,2.63,,
1S03A,08/31/2022,7.26,,,87,68,2.61,,
1S03B,08/31/2022,7.44,,,92,70,2.66,,
1SCH3,08/31/2022,7.39,,,91,70,2.61,,
1SCL1,08/31/2022,7.47,,,91,70,2.5,,
1S03,08/31/2023,7.18,,,94,70,2.45,,
1S03A,08/31/2023,7.34,,,93,68,2.4,,
1S03B,08/31/2023,7.5,,,96,68,2.42,,
1S03,08/31/2024,7.34,,,86,68,2.44,,
1S03A,08/31/2024,7.35,,,84,68,2.5,,
1S03B,08/31/2024,7.57,,,87,68,2.54,,
1S03A,09/13/2014,7.34,,,83,66,2.07,,
1S03B,09/13/2014,7.48,,,88,65,2.02,,
1S04,09/13/2014,7.31,,,85,66,1.94,,
1S03A,09/13/2015,7.34,,,94,66,2.13,,
1S03B,09/13/2015,7.34,,,97,65,2.17,,
1S07,09/13/2015,7.24,,,97,67,2.01,,
1SCL1,09/13/2015,7.28,,,405,58,2.12,,
1S03A,09/13/2016,7.28,,,91,67,2.14,,
1S03B,09/13/2016,7.37,,,93,66,2,,
1S07,09/13/2016,7.36,,,92,68,1.95,,
1SCH3,09/13/2016,7.5,,,94,66,2.11,,
1SCL1,09/13/2016,7.54,,,94,67,2.1,,
1S03,09/13/2018,7.47,,,94,66,2.02,,
1S03A,09/13/2018,7.33,,,92,65,1.99,,
1S03B,09/13/2018,7.61,,,96,65,1.97,,
1S03,09/13/2019,7.49,,,96,66,2.21,,
1S03A,09/13/2019,7.57,,,96,66,2.12,,
1S03B,09/13/2019,7.66,,,98,66,2.13,,
1S03,09/13/2020,7.34,,,87,70,1.85,,
1S03A,09/13/2020,7.33,,,84,70,2.1,,
1S03B,09/13/2020,7.46,,,87,68,2.17,,
1S03,09/13/2021,7.33,,,91,64,2.1,,
1S03A,09/13/2021,7.4,,,90,64,2.11,,
1S03B,09/13/2021,7.54,,,94,64,2.12,,
1SCH3,09/13/2021,7.25,,,469,59,2.08,,
1SCL1,09/13/2021,7.21,,,469,61,2.16,,
1S03,09/13/2022,7.3,,,91,68,2.32,,
1S03A,09/13/2022,7.24,,,87,68,2.51,,
1S03B,09/13/2022,7.57,,,92,68,2.62,,
1SCH3,09/13/2022,7.48,,,91,68,2.54,,
1SCL1,09/13/2022,7.48,,,91,70,2.54,,
1S03,09/13/2023,7.26,,,93,70,2.31,,
1S03A,09/13/2023,7.27,,,91,68,2.48,,
1S03B,09/13/2023,7.52,,,94,70,2.57,,
1S02B,09/13/2024,7.66,,,90,68,2.66,,
1S03,09/13/2024,7.38,,,87,68,2.47,,
1S03A,09/13/2024,7.39,,,86,66,2.5,,
1S03B,09/13/2024,7.31,,,360,61,2.45,,
1SCH3,09/13/2024,7.36,,,370,61,2.47,,
1SCL1,09/13/2024,7.31,,,361,61,2.38,,
1S03A,09/14/2014,7.1,,,83,65,2.14,,
1S03B,09/14/2014,7.34,,,86,65,2.19,,
1S04,09/14/2014,7.39,,,85,66,1.93,,
1S03A,09/14/2015,7.23,,,93,66,2.2,,
1S03B,09/14/2015,7.28,,,96,66,2.14,,
1S07,09/14/2015,7.44,,,96,65,2.04,,
1SCL1,09/14/2015,7.28,,,349,58,2.13,,
1S03A,09/14/2016,7.34,,,90,67,2.1,,
1S03B,09/14/2016,7.37,,,94,66,1.97,,
1S07,09/14/2016,7.37,,,93,67,1.95,,
1SCH3,09/14/2016,7.49,,,94,67,1.99,,
1SCL1,09/14/2016,7.55,,,95,67,2.02,,
1S03,09/14/2018,7.46,,,93,65,2.02,,
1S03A,09/14/2018,7.34,,,91,65,2.08,,
1S03B,09/14/2018,7.54,,,94,65,2.12,,
1S03,09/14/2019,7.37,,,96,66,2.19,,
1S03A,09/14/2019,7.38,,,93,64,2.15,,
1S03B,09/14/2019,7.61,,,97,66,2.18,,
1S03,09/14/2020,7.27,,,86,70,2.04,,
1S03A,09/14/2020,7.44,,,84,70,2.09,,
1S03B,09/14/2020,7.32,,,87,70,2.13,,
1S03,09/14/2021,7.33,,,90,64,2.1,,
1S03A,09/14/2021,7.39,,,88,66,2.04,,
1S03B,09/14/2021,7.54,,,92,64,2.1,,
1SCH3,09/14/2021,7.29,,,477,59,2.32,,
1SCL1,09/14/2021,7.27,,,471,61,2.16,,
1S03,09/14/2022,7.27,,,90,68,2.49,,
1S03A,09/14/2022,7.47,,,88,68,2.52,,
1S03B,09/14/2022,7.57,,,93,68,2.57,,
1SCH3,09/14/2022,7.43,,,92,68,2.57,,
1SCL1,09/14/2022,7.48,,,93,70,2.5,,
1S03,09/14/2023,7.28,,,94,70,2.5,,
1S03A,09/14/2023,7.28,,,93,70,2.49,,
1S03B,09/14/2023,7.54,,,94,68,2.48,,
1S02B,09/14/2024,7.67,,,89,68,2.56,,
1S03,09/14/2024,7.31,,,88,68,2.31,,
1S03A,09/14/2024,7.35,,,86,66,2.49,,
1S03B,09/14/2024,7.32,,,362,61,2.47,,
1SCH3,09/14/2024,7.36,,,366,61,2.42,,
1SCL1,09/14/2024,7.23,,,365,61,2.5,,
1S03A,09/15/2014,7.42,,,84,67,2.14,,
1S03B,09/15/2014,7.6,,,88,66,2.16,,
1S04,09/15/2014,7.35,,,84,66,2.14,,
1S03A,09/15/2015,7.18,,,94,66,2.07,,
1S03B,09/15/2015,7.22,,,97,66,2.22,,
1S07,09/15/2015,7.2,,,95,66,2.21,,
1SCL1,09/15/2015,7.25,,,375,59,2.07,,
1S03A,09/15/2016,7.33,,,91,67,2.13,,
1S03B,09/15/2016,7.37,,,95,67,1.96,,
1S07,09/15/2016,7.32,,,93,67,2.1,,
1SCH3,09/15/2016,7.49,,,95,68,1.93,,
1SCL1,09/15/2016,7.51,,,96,67,1.97,,
1S03,09/15/2018,7.42,,,94,65,2.2,,
1S03A,09/15/2018,7.36,,,92,65,2.23,,
1S03B,09/15/2018,7.57,,,95,65,2.1,,
1S03,09/15/2019,7.49,,,96,64,2.15,,
1S03A,09/15/2019,7.4,,,93,64,2.16,,
1S03B,09/15/2019,7.51,,,97,64,2.25,,
1S03,09/15/2020,7.2,,,86,68,1.99,,
1S03A,09/15/2020,7.43,,,85,68,2.04,,
1S03B,09/15/2020,7.47,,,88,68,2.05,,
1S03,09/15/2021,7.43,,,91,64,2.16,,
1S03A,09/15/2021,7.36,,,89,64,2.23,,
1S03B,09/15/2021,7.47,,,91,64,2.16,,
1SCH3,09/15/2021,7.35,,,473,59,2.3,,
1SCL1,09/15/2021,7.35,,,474,59,2.13,,
1S03,09/15/2022,7.26,,,91,68,2.51,,
1S03A,09/15/2022,7.28,,,87,68,2.37,,
1S03B,09/15/2022,7.54,,,94,68,2.42,,
1SCH3,09/15/2022,7.56,,,93,68,2.5,,
1SCL1,09/15/2022,7.66,,,94,70,2.43,,
1S03,09/15/2023,7.25,,,94,68,2.44,,
1S03A,09/15/2023,7.42,,,92,68,2.54,,
1S03B,09/15/2023,7.57,,,97,68,2.56,,
1S02B,09/15/2024,7.65,,,89,68,2.58,,
1S03,09/15/2024,7.38,,,87,68,2.51,,
1S03A,09/15/2024,7.45,,,86,66,2.55,,
1S03B,09/15/2024,7.37,,,366,59,2.5,,
1SCH3,09/15/2024,7.37,,,370,61,2.47,,
1SCL1,09/15/2024,7.34,,,366,63,2.49,,
1S03A,09/16/2014,7.27,,,83,65,2.12,,
1S03B,09/16/2014,7.52,,,87,65,2.17,,
1S04,09/16/2014,7.25,,,85,65,2.22,,
1S03A,09/16/2015,7.26,,,93,66,2.2,,
1S03B,09/16/2015,7.24,,,98,66,2.05,,
1S07,09/16/2015,7.23,,,97,67,2.09,,
1SCL1,09/16/2015,7.32,,,362,60,2.16,,
1S03A,09/16/2016,7.45,,,92,67,2,,
1S03B,09/16/2016,7.51,,,95,66,1.96,,
1S07,09/16/2016,7.37,,,94,67,2.06,,
1SCH3,09/16/2016,7.47,,,95,66,1.97,,
1SCL1,09/16/2016,7.41,,,96,67,1.91,,
1S03,09/16/2018,7.34,,,93,65,1.83,,
1S03A,09/16/2018,7.37,,,93,67,2.05,,
1S03B,09/16/2018,7.49,,,95,63,1.96,,
1S03,09/16/2019,7.38,,,95,66,2.21,,
1S03A,09/16/2019,7.46,,,93,66,2.17,,
1S03B,09/16/2019,7.64,,,96,66,2.19,,
1S03,09/16/2020,7.26,,,86,68,2.04,,
1S03A,09/16/2020,7.32,,,84,68,2.08,,
1S03B,09/16/2020,7.48,,,89,68,2,,
1S03,09/16/2021,7.28,,,90,64,2.09,,
1S03A,09/16/2021,7.22,,,89,64,2.13,,
1S03B,09/16/2021,7.5,,,92,64,2.06,,
1SCH3,09/16/2021,7.27,,,472,59,2.12,,
1SCL1,09/16/2021,7.24,,,473,61,2.1,,
1S03,09/16/2022,7.24,,,91,68,2.35,,
1S03A,09/16/2022,7.31,,,87,68,2.43,,
1S03B,09/16/2022,7.61,,,93,68,2.52,,
1SCH3,09/16/2022,7.61,,,92,68,2.45,,
1SCL1,09/16/2022,7.6,,,91,70,2.48,,
1S03,09/16/2023,7.26,,,95,68,2.32,,
1S03A,09/16/2023,7.32,,,91,68,2.34,,
1S03B,09/16/2023,7.59,,,95,68,2.61,,
1S02B,09/16/2024,7.68,,,89,68,2.61,,
1S03,09/16/2024,7.43,,,87,68,2.47,,
1S03A,09/16/2024,7.41,,,87,68,2.45,,
1S03B,09/16/2024,7.25,,,365,59,2.42,,
1SCH3,09/16/2024,7.33,,,369,61,2.52,,
1SCL1,09/16/2024,7.31,,,365,61,2.56,,
1S03A,09/17/2014,7.3,,,80,66,2.18,,
1S03B,09/17/2014,7.51,,,86,65,2.14,,
1S04,09/17/2014,7.39,,,83,65,2.02,,
1S03A,09/17/2015,7.15,,,94,66,2.83,,
1S03B,09/17/2015,7.22,,,97,66,2.12,,
1S07,09/17/2015,7.23,,,96,67,2.09,,
1SCL1,09/17/2015,7.13,,,506,55,1.97,,
1S03A,09/17/2016,7.41,,,91,66,2.06,,
1S03B,09/17/2016,7.44,,,94,66,1.86,,
1S07,09/17/2016,7.38,,,93,68,1.82,,
1SCH3,09/17/2016,7.33,,,92,66,2.02,,
1SCL1,09/17/2016,7.38,,,92,66,2.03,,
1S03,09/17/2018,7.34,,,92,65,2.19,,
1S03A,09/17/2018,7.34,,,91,66,2.16,,
1S03B,09/17/2018,7.56,,,94,65,2.16,,
1S03,09/17/2019,7.46,,,94,66,2.2,,
1S03A,09/17/2019,7.49,,,90,66,2.13,,
1S03B,09/17/2019,7.63,,,95,66,2.24,,
1S03,09/17/2020,7.35,,,88,70,2.06,,
1S03A,09/17/2020,7.33,,,84,70,2.21,,
1S03B,09/17/2020,7.51,,,89,68,2.09,,
1S03,09/17/2021,7.2,,,89,64,2.13,,
1S03A,09/17/2021,7.36,,,88,64,2.08,,
1S03B,09/17/2021,7.37,,,92,64,2.12,,
1SCH3,09/17/2021,7.2,,,474,59,2.1,,
1SCL1,09/17/2021,7.19,,,474,61,2.16,,
1S03,09/17/2022,7.3,,,91,68,2.37,,
1S03A,09/17/2022,7.27,,,87,68,2.29,,
1S03B,09/17/2022,7.58,,,93,68,2.48,,
1SCH3,09/17/2022,7.7,,,90,68,2.46,,
1SCL1,09/17/2022,7.58,,,91,70,2.42,,
1S03,09/17/2023,7.32,,,95,68,2.47,,
1S03A,09/17/2023,7.36,,,91,68,2.45,,
1S03B,09/17/2023,7.61,,,95,68,2.56,,
1S02B,09/17/2024,7.64,,,88,66,,,
1S03,09/17/2024,7.37,,,85,68,2.49,,
1S03A,09/17/2024,7.27,,,84,66,2.5,,
1S03B,09/17/2024,7.28,,,358,59,2.25,,
1SCH3,09/17/2024,7.36,,,374,61,2.4,,
1SCL1,09/17/2024,7.32,,,363,63,2.46,,
1S03A,09/18/2014,7.37,,,79,66,2.3,,
1S03B,09/18/2014,7.66,,,86,66,2.15,,
1S04,09/18/2014,7.52,,,84,66,2.26,,
1S03A,09/18/2015,7.2,,,93,66,2.19,,
1S03B,09/18/2015,7.21,,,97,66,2.22,,
1S07,09/18/2015,7.19,,,97,67,2.39,,
1SCL1,09/18/2015,7.25,,,509,53,2.21,,
1S03A,09/18/2016,7.37,,,91,66,1.99,,
1S03B,09/18/2016,7.36,,,94,66,1.9,,
1S07,09/18/2016,7.34,,,93,68,1.95,,
1SCH3,09/18/2016,7.43,,,92,66,1.96,,
1SCL1,09/18/2016,7.43,,,93,66,1.87,,
1S03,09/18/2018,7.31,,,94,65,2.07,,
1S03A,09/18/2018,7.3,,,91,66,2.17,,
1S03B,09/18/2018,7.57,,,94,65,2.03,,
1S03,09/18/2019,7.39,,,93,66,2.18,,
1S03A,09/18/2019,7.5,,,92,66,2.26,,
1S03B,09/18/2019,7.59,,,95,66,2.18,,
1S03,09/18/2020,7.38,,,88,68,2.08,,
1S03A,09/18/2020,7.38,,,84,68,2,,
1S03B,09/18/2020,7.59,,,89,68,2.03,,
1S03,09/18/2021,7.35,,,93,64,2.09,,
1S03A,09/18/2021,7.37,,,91,64,2.11,,
1S03B,09/18/2021,7.47,,,93,64,2.13,,
1SCH3,09/18/2021,7.34,,,475,59,2.18,,
1SCL1,09/18/2021,7.3,,,475,61,2.06,,
1S03,09/18/2022,7.35,,,91,68,2.38,,
1S03A,09/18/2022,7.29,,,87,68,2.46,,
1S03B,09/18/2022,7.67,,,92,68,2.5,,
1SCH3,09/18/2022,7.66,,,92,68,2.5,,
1SCL1,09/18/2022,7.67,,,92,70,2.48,,
1S03,09/18/2023,7.38,,,95,68,2.47,,
1S03A,09/18/2023,7.4,,,90,68,2.53,,
1S03B,09/18/2023,7.65,,,96,68,2.63,,
1S02B,09/18/2024,7.57,,,87,68,2.44,,
1S03,09/18/2024,7.38,,,86,68,2.39,,
1S03A,09/18/2024,7.36,,,84,66,2.45,,
1S03B,09/18/2024,7.35,,,361,61,2.46,,
1SCH3,09/18/2024,7.34,,,370,61,2.57,,
1SCL1,09/18/2024,7.34,,,362,61,2.49,,
1S03A,09/19/2014,7.3,,,82,66,2.2,,
1S03B,09/19/2014,7.55,,,86,65,2.12,,
1S04,09/19/2014,7.32,,,83,65,2.02,,
1S03A,09/19/2015,7.3,,,93,66,2.15,,
1S03B,09/19/2015,7.33,,,96,66,2.04,,
1S07,09/19/2015,7.37,,,96,68,2.14,,
1SCL1,09/19/2015,7.12,,,509,56,2.07,,
1S03A,09/19/2016,7.43,,,89,66,2.14,,
1S03B,09/19/2016,7.5,,,93,66,2.06,,
1S07,09/19/2016,7.34,,,91,68,2.09,,
1SCH3,09/19/2016,7.51,,,93,67,2.05,,
1SCL1,09/19/2016,7.55,,,94,67,1.98,,
1S03,09/19/2018,7.32,,,92,65,1.95,,
1S03A,09/19/2018,7.3,,,90,65,2.16,,
1S03B,09/19/2018,7.49,,,94,65,1.95,,
1S03,09/19/2019,7.26,,,94,64,2.16,,
1S03A,09/19/2019,7.33,,,92,64,2.07,,
1S03B,09/19/2019,7.44,,,96,64,2.15,,
1S03,09/19/2020,7.37,,,90,68,2.03,,
1S03A,09/19/2020,7.32,,,85,68,2.05,,
1S03B,09/19/2020,7.62,,,88,68,2.16,,
1S03,09/19/2021,7.33,,,92,64,2.13,,
1S03A,09/19/2021,7.15,,,90,64,2.12,,
1S03B,09/19/2021,7.5,,,92,64,2.15,,
1SCH3,09/19/2021,7.14,,,476,59,2.06,,
1SCL1,09/19/2021,7.08,,,476,61,2,,
1S03,09/19/2022,7.27,,,94,68,2.48,,
1S03A,09/19/2022,7.3,,,92,68,2.48,,
1S03B,09/19/2022,7.61,,,96,68,2.49,,
1SCH3,09/19/2022,7.54,,,96,68,2.57,,
1SCL1,09/19/2022,7.54,,,96,70,2.53,,
1S03,09/19/2023,7.36,,,96,68,2.37,,
1S03A,09/19/2023,7.26,,,91,68,2.47,,
1S03B,09/19/2023,7.64,,,97,68,2.5,,
1S02B,09/19/2024,7.65,,,88,68,2.63,,
1S03,09/19/2024,7.37,,,87,68,2.47,,
1S03A,09/19/2024,7.35,,,84,66,2.47,,
1S03B,09/19/2024,7.65,,,87,66,2.41,,
1SCH3,09/19/2024,7.31,,,372,59,2.57,,
1SCL1,09/19/2024,7.31,,,370,61,2.43,,
1S03A,09/20/2014,7.3,,,82,67,1.97,,
1S03B,09/20/2014,7.64,,,87,65,2.17,,
1S04,09/20/2014,7.38,,,84,66,2.08,,
1S03A,09/20/2015,7.29,,,95,66,2.06,,
1S03B,09/20/2015,7.29,,,97,66,2.11,,
1S07,09/20/2015,7.31,,,96,67,1.92,,
1SCL1,09/20/2015,7.28,,,508,53,2.25,,
1S03A,09/20/2016,7.33,,,91,66,2.06,,
1S03B,09/20/2016,7.43,,,93,66,1.91,,
1S07,09/20/2016,7.36,,,91,67,2.12,,
1SCH3,09/20/2016,7.28,,,92,66,1.88,,
1SCL1,09/20/2016,7.29,,,91,66,1.98,,
1S03,09/20/2018,7.36,,,94,65,2.12,,
1S03A,09/20/2018,7.31,,,91,65,2.18,,
1S03B,09/20/2018,7.48,,,93,65,2.08,,
1S03,09/20/2019,7.25,,,94,64,2.2,,
1S03A,09/20/2019,7.3,,,92,64,2.11,,
1S03B,09/20/2019,7.44,,,95,64,2.17,,
1S03,09/20/2020,7.36,,,89,68,2.33,,
1S03A,09/20/2020,7.38,,,84,68,2.16,,
1S03B,09/20/2020,7.56,,,90,66,1.95,,
1S03,09/20/2021,7.28,,,91,64,2.09,,
1S03A,09/20/2021,7.27,,,86,64,2.09,,
1S03B,09/20/2021,7.31,,,91,64,2.14,,
1SCH3,09/20/2021,7.2,,,471,59,2.01,,
1SCL1,09/20/2021,7.25,,,470,59,2.09,,
1S03,09/20/2022,7.31,,,93,68,2.48,,
1S03A,09/20/2022,7.31,,,90,68,2.49,,
1S03B,09/20/2022,7.6,,,95,68,2.56,,
1SCH3,09/20/2022,7.57,,,95,68,2.52,,
1SCL1,09/20/2022,7.57,,,95,70,2.57,,
1S03,09/20/2023,7.42,,,95,68,2.4,,
1S03A,09/20/2023,7.5,,,93,68,2.37,,
1S03B,09/20/2023,7.67,,,98,66,2.61,,
1S02B,09/20/2024,7.7,,,88,68,2.13,,
1S03,09/20/2024,7.43,,,86,68,2.03,,
1S03A,09/20/2024,7.38,,,83,66,1.98,,
1S03B,09/20/2024,7.74,,,87,66,2.08,,
1SCH3,09/20/2024,7.36,,,372,59,2.08,,
1SCL1,09/20/2024,7.32,,,371,61,2.12,,
1S03A,09/21/2014,7.41,,,82,66,2.04,,
1S03B,09/21/2014,7.73,,,85,66,2.11,,
1S04,09/21/2014,7.41,,,83,66,2.3,,
1S03A,09/21/2015,7.26,,,94,66,2.14,,
1S03B,09/21/2015,7.29,,,98,65,2.17,,
1S07,09/21/2015,7.31,,,96,67,1.93,,
1SCL1,09/21/2015,7.47,,,472,54,2.27,,
1S03A,09/21/2016,7.29,,,89,66,2.22,,
1S03B,09/21/2016,7.43,,,93,66,1.98,,
1S07,09/21/2016,7.28,,,92,67,2.18,,
1SCH3,09/21/2016,7.45,,,93,66,1.95,,
1SCL1,09/21/2016,7.46,,,95,67,1.97,,
1S03,09/21/2018,7.34,,,93,65,2.18,,
1S03A,09/21/2018,7.33,,,91,65,2.15,,
1S03B,09/21/2018,7.55,,,94,65,2.09,,
1S03,09/21/2019,7.27,,,93,64,2.31,,
1S03A,09/21/2019,7.39,,,92,64,2.16,,
1S03B,09/21/2019,7.47,,,95,64,2.21,,
1S03,09/21/2020,7.38,,,88,66,2.06,,
1S03A,09/21/2020,7.32,,,83,66,2.1,,
1S03B,09/21/2020,7.62,,,89,66,2.01,,
1S03,09/21/2021,7.28,,,91,64,2.14,,
1S03A,09/21/2021,7.33,,,88,64,2.12,,
1S03B,09/21/2021,7.46,,,90,64,2.21,,
1SCH3,09/21/2021,7.27,,,475,59,2.26,,
1SCL1,09/21/2021,7.27,,,473,61,2.22,,
1S03,09/21/2022,7.2,,,93,68,2.46,,
1S03A,09/21/2022,7.35,,,91,68,2.54,,
1S03B,09/21/2022,7.59,,,96,70,2.46,,
1SCH3,09/21/2022,7.61,,,96,68,2.46,,
1SCL1,09/21/2022,7.58,,,95,70,2.51,,
1S03,09/21/2023,7.37,,,94,68,2.49,,
1S03A,09/21/2023,7.48,,,92,68,2.5,,
1S03B,09/21/2023,7.7,,,98,68,2.58,,
1S02B,09/21/2024,7.62,,,86,68,2.13,,
1S03,09/21/2024,7.43,,,86,68,2.02,,
1S03A,09/21/2024,7.35,,,84,66,2.09,,
1S03B,09/21/2024,7.67,,,87,66,2.07,,
1SCH3,09/21/2024,7.37,,,376,59,2.1,,
1SCL1,09/21/2024,7.33,,,372,61,2.15,,
1S03A,09/22/2014,7.26,,,82,66,2.1,,
1S03B,09/22/2014,7.47,,,86,65,2.1,,
1S04,09/22/2014,7.43,,,83,65,2.18,,
1S03A,09/22/2015,7.33,,,94,66,2.19,,
1S03B,09/22/2015,7.29,,,97,66,2.11,,
1S07,09/22/2015,7.22,,,96,66,1.95,,
1SCL1,09/22/2015,7.34,,,499,54,2.17,,
1S03A,09/22/2016,7.36,,,91,66,2.14,,
1S03B,09/22/2016,7.47,,,94,66,1.77,,
1S07,09/22/2016,7.38,,,92,67,1.71,,
1SCH3,09/22/2016,7.46,,,93,66,1.81,,
1SCL1,09/22/2016,7.49,,,94,67,1.81,,
1S03,09/22/2018,7.36,,,94,66,2.03,,
1S03A,09/22/2018,7.37,,,92,65,2.15,,
1S03B,09/22/2018,7.56,,,95,65,1.97,,
1S03,09/22/2019,7.34,,,93,64,2.23,,
1S03A,09/22/2019,7.46,,,90,64,2.15,,
1S03B,09/22/2019,7.56,,,93,66,2.15,,
1S03,09/22/2020,7.37,,,87,66,2.05,,
1S03A,09/22/2020,7.33,,,83,66,2.09,,
1S03B,09/22/2020,7.64,,,90,66,2.1,,
1S03,09/22/2021,7.41,,,91,64,2.13,,
1S03A,09/22/2021,7.28,,,87,64,1.85,,
1S03B,09/22/2021,7.5,,,91,64,2.06,,
1SCH3,09/22/2021,7.25,,,473,59,2.09,,
1SCL1,09/22/2021,7.26,,,470,61,2.14,,
1S03,09/22/2022,7.46,,,93,68,2.44,,
1S03A,09/22/2022,7.46,,,93,68,2.47,,
1S03B,09/22/2022,7.62,,,96,68,2.59,,
1SCH3,09/22/2022,7.74,,,96,68,2.54,,
1SCL1,09/22/2022,7.74,,,96,70,2.54,,
1S03,09/22/2023,7.39,,,96,68,2.45,,
1S03A,09/22/2023,7.43,,,92,68,2.51,,
1S03B,09/22/2023,7.69,,,98,68,2.6,,
1S02B,09/22/2024,7.63,,,85,68,2.14,,
1S03,09/22/2024,7.37,,,86,68,2.01,,
1S03A,09/22/2024,7.38,,,83,66,2.05,,
1S03B,09/22/2024,7.76,,,88,66,2.08,,
1SCH3,09/22/2024,7.33,,,373,59,2.11,,
1SCL1,09/22/2024,7.33,,,372,61,2.12,,
1S03A,09/23/2014,7.47,,,82,65,2.17,,
1S03B,09/23/2014,7.55,,,85,64,1.92,,
1S04,09/23/2014,7.4,,,84,65,2.09,,
1S03A,09/23/2015,7.36,,,93,66,2.03,,
1S03B,09/23/2015,7.43,,,98,65,1.99,,
1S07,09/23/2015,7.31,,,96,66,2.29,,
1SCL1,09/23/2015,7.29,,,503,53,2.08,,
1S03A,09/23/2016,7.39,,,90,66,2.38,,
1S03B,09/23/2016,7.48,,,93,66,1.73,,
1S07,09/23/2016,7.34,,,92,67,1.93,,
1SCH3,09/23/2016,7.56,,,93,66,1.72,,
1SCL1,09/23/2016,7.57,,,95,66,1.65,,
1S03,09/23/2018,7.3,,,94,64,2.25,,
1S03A,09/23/2018,7.43,,,93,64,2.09,,
1S03B,09/23/2018,7.52,,,96,64,1.98,,
1S03,09/23/2019,7.42,,,93,66,2.3,,
1S03A,09/23/2019,7.39,,,90,64,2.11,,
1S03B,09/23/2019,7.44,,,93,68,2.09,,
1S03,09/23/2020,7.32,,,87,66,1.84,,
1S03A,09/23/2020,7.29,,,82,66,2.09,,
1S03B,09/23/2020,7.58,,,89,66,2,,
1S03,09/23/2021,7.36,,,91,64,2.25,,
1S03A,09/23/2021,7.26,,,91,64,2.2,,
1S03B,09/23/2021,7.46,,,92,64,2.16,,
1SCH3,09/23/2021,7.25,,,472,61,2.06,,
1SCL1,09/23/2021,7.1,,,471,63,2.1,,
1S03,09/23/2022,7.19,,,94,68,2.44,,
1S03A,09/23/2022,7.46,,,94,68,2.47,,
1S03B,09/23/2022,7.5,,,97,66,2.5,,
1SCH3,09/23/2022,7.51,,,97,68,2.54,,
1SCL1,09/23/2022,7.62,,,97,70,2.5,,
1S03,09/23/2023,7.39,,,94,66,2.43,,
1S03A,09/23/2023,7.42,,,91,66,2.43,,
1S03B,09/23/2023,7.7,,,96,66,2.55,,
1S02B,09/23/2024,7.67,,,86,68,2.08,,
1S03,09/23/2024,7.35,,,85,66,2.03,,
1S03A,09/23/2024,7.4,,,83,66,2.14,,
1S03B,09/23/2024,7.59,,,87,66,2.16,,
1SCH3,09/23/2024,7.33,,,375,59,2.08,,
1SCL1,09/23/2024,7.32,,,372,61,2.19,,
1S03A,09/24/2014,7.42,,,82,65,2.15,,
1S03B,09/24/2014,7.56,,,86,64,2.27,,
1S04,09/24/2014,7.19,,,83,65,2.28,,
1S03A,09/24/2015,7.4,,,93,66,2.15,,
1S03B,09/24/2015,7.5,,,97,65,2.12,,
1S07,09/24/2015,7.23,,,97,66,2.14,,
1SCL1,09/24/2015,7.28,,,501,52,2.14,,
1S03A,09/24/2016,7.39,,,91,66,2.1,,
1S03B,09/24/2016,7.49,,,93,66,1.95,,
1S07,09/24/2016,7.37,,,92,67,1.94,,
1SCH3,09/24/2016,7.47,,,91,65,2.05,,
1SCL1,09/24/2016,7.49,,,92,66,1.99,,
1S03,09/24/2018,7.35,,,95,64,2,,
1S03A,09/24/2018,7.25,,,93,65,2.08,,
1S03B,09/24/2018,7.43,,,97,64,2.02,,
1S03,09/24/2019,7.38,,,92,64,2.2,,
1S03A,09/24/2019,7.36,,,90,64,2.15,,
1S03B,09/24/2019,7.57,,,93,64,2.16,,
1S03,09/24/2020,7.28,,,87,66,2.01,,
1S03A,09/24/2020,7.36,,,83,66,2.05,,
1S03B,09/24/2020,7.57,,,89,66,2.08,,
1S03,09/24/2021,7.22,,,94,66,2.1,,
1S03A,09/24/2021,7.22,,,90,64,2.09,,
1S03B,09/24/2021,7.38,,,94,64,2.12,,
1SCH3,09/24/2021,7.27,,,474,61,2.21,,
1SCL1,09/24/2021,7.25,,,477,61,2.07,,
1S03,09/24/2022,7.28,,,94,66,2.41,,
1S03A,09/24/2022,7.48,,,92,68,2.43,,
1S03B,09/24/2022,7.55,,,97,66,2.56,,
1SCH3,09/24/2022,7.67,,,94,68,2.57,,
1SCL1,09/24/2022,7.64,,,94,70,2.52,,
1S03,09/24/2023,7.4,,,91,64,2.42,,
1S03A,09/24/2023,7.56,,,87,63,2.49,,
1S03B,09/24/2023,7.67,,,92,64,2.56,,
1S02B,09/24/2024,7.57,,,88,66,2.09,,
1S03,09/24/2024,7.28,,,86,66,2.03,,
1S03A,09/24/2024,7.44,,,83,66,2.06,,
1S03B,09/24/2024,7.7,,,86,66,2.05,,
1SCH3,09/24/2024,7.35,,,373,59,2.12,,
1SCL1,09/24/2024,7.34,,,374,61,2.16,,
1S03A,09/25/2014,7.32,,,81,64,2.19,,
1S03B,09/25/2014,7.62,,,86,64,2.12,,
1S04,09/25/2014,7.29,,,84,64,1.93,,
1S03A,09/25/2015,7.13,,,93,65,2.18,,
1S03B,09/25/2015,7.23,,,98,65,2.18,,
1S07,09/25/2015,7.45,,,96,66,1.92,,
1SCL1,09/25/2015,7.52,,,515,53,2.21,,
1S03A,09/25/2016,7.35,,,90,65,2.12,,
1S03B,09/25/2016,7.43,,,94,65,2.07,,
1S07,09/25/2016,7.2,,,92,66,2.01,,
1SCH3,09/25/2016,7.47,,,94,65,2.12,,
1SCL1,09/25/2016,7.38,,,94,66,2.12,,
1S03,09/25/2018,7.48,,,95,64,1.81,,
1S03A,09/25/2018,7.5,,,92,65,2.16,,
1S03B,09/25/2018,7.64,,,97,64,2,,
1S03,09/25/2019,7.34,,,92,64,2.26,,
1S03A,09/25/2019,7.49,,,90,64,2.18,,
1S03B,09/25/2019,7.51,,,93,64,2.13,,
1S03,09/25/2020,7.27,,,88,66,2,,
1S03A,09/25/2020,7.27,,,84,66,2.32,,
1S03B,09/25/2020,7.43,,,88,66,2.13,,
1S03,09/25/2021,7.29,,,96,64,2.08,,
1S03A,09/25/2021,7.29,,,91,64,2.08,,
1S03B,09/25/2021,7.42,,,94,64,2.11,,
1SCH3,09/25/2021,7.28,,,477,61,2.09,,
1SCL1,09/25/2021,7.27,,,478,63,2.06,,
1S03,09/25/2022,7.25,,,94,66,2.41,,
1S03A,09/25/2022,7.33,,,90,68,2.36,,
1S03B,09/25/2022,7.62,,,96,66,2.36,,
1SCH3,09/25/2022,7.68,,,95,68,2.32,,
1SCL1,09/25/2022,7.71,,,94,70,2.52,,
1S03,09/25/2023,7.37,,,90,64,2.46,,
1S03A,09/25/2023,7.44,,,87,63,2.49,,
1S03B,09/25/2023,7.63,,,92,64,2.52,,
1S02B,09/25/2024,7.69,,,87,68,2.13,,
1S03,09/25/2024,7.3,,,86,66,2.04,,
1S03A,09/25/2024,7.48,,,84,66,2.04,,
1S03B,09/25/2024,7.72,,,86,66,2.06,,
1SCH3,09/25/2024,7.34,,,375,59,2.15,,
1SCL1,09/25/2024,7.34,,,375,61,2.07,,
1S03A,09/26/2014,7.38,,,80,66,2.12,,
1S03B,09/26/2014,7.68,,,86,65,2,,
1S04,09/26/2014,7.46,,,83,66,1.97,,
1S03A,09/26/2015,7.22,,,94,64,2.07,,
1S03B,09/26/2015,7.29,,,97,65,1.95,,
1S07,09/26/2015,7.35,,,96,65,2.1,,
1SCL1,09/26/2015,7.26,,,508,52,2.09,,
1S03A,09/26/2016,7.3,,,91,66,2.19,,
1S03B,09/26/2016,7.46,,,94,65,2.09,,
1S07,09/26/2016,7.28,,,92,66,1.94,,
1SCH3,09/26/2016,7.43,,,94,66,1.98,,
1SCL1,09/26/2016,7.44,,,95,66,1.54,,
1S03,09/26/2018,7.39,,,93,65,1.94,,
1S03A,09/26/2018,7.34,,,90,65,2.06,,
1S03B,09/26/2018,7.66,,,94,64,2.02,,
1S03,09/26/2019,7.36,,,91,64,2.18,,
1S03A,09/26/2019,7.28,,,87,64,2.09,,
1S03B,09/26/2019,7.53,,,91,64,2.08,,
1S03,09/26/2020,7.4,,,88,66,2.01,,
1S03A,09/26/2020,7.34,,,84,66,1.96,,
1S03B,09/26/2020,7.48,,,86,66,1.92,,
1S03,09/26/2021,7.31,,,95,64,2.13,,
1S03A,09/26/2021,7.25,,,90,64,2.26,,
1S03B,09/26/2021,7.46,,,94,64,2.2,,
1SCH3,09/26/2021,7.22,,,475,59,2.1,,
1SCL1,09/26/2021,7.28,,,478,61,2.04,,
1S03,09/26/2022,7.28,,,95,66,2.38,,
1S03A,09/26/2022,7.22,,,91,68,2.47,,
1S03B,09/26/2022,7.61,,,97,66,2.46,,
1SCH3,09/26/2022,7.53,,,96,68,2.47,,
1SCL1,09/26/2022,7.47,,,93,68,2.44,,
1S03,09/26/2023,7.35,,,91,63,2.44,,
1S03A,09/26/2023,7.43,,,87,63,2.49,,
1S03B,09/26/2023,7.68,,,92,63,2.66,,
1S02B,09/26/2024,7.58,,,84,68,2.16,,
1S03,09/26/2024,7.32,,,84,66,2.06,,
1S03A,09/26/2024,7.43,,,83,66,2.05,,
1S03B,09/26/2024,7.72,,,87,66,2.16,,
1SCH3,09/26/2024,7.33,,,369,59,2.09,,
1SCL1,09/26/2024,7.26,,,375,61,2.08,,
1S03A,09/27/2014,7.4,,,81,65,2.07,,
1S03B,09/27/2014,7.7,,,86,65,2.02,,
1S04,09/27/2014,7.43,,,82,65,1.89,,
1S03A,09/27/2015,7.28,,,93,64,2.07,,
1S03B,09/27/2015,7.33,,,94,64,2.13,,
1S07,09/27/2015,7.17,,,96,65,1.98,,
1SCL1,09/27/2015,7.22,,,502,52,2.13,,
1S03A,09/27/2016,7.39,,,90,66,2.24,,
1S03B,09/27/2016,7.42,,,93,65,2.1,,
1S07,09/27/2016,7.34,,,92,66,1.93,,
1SCH3,09/27/2016,7.44,,,92,65,1.98,,
1SCL1,09/27/2016,7.44,,,90,65,1.98,,
1S03,09/27/2018,7.42,,,95,65,1.87,,
1S03A,09/27/2018,7.22,,,90,64,2.18,,
1S03B,09/27/2018,7.38,,,94,64,2.08,,
1SCL1,09/27/2018,7.41,54.6,20.2,351,64,1.97,0,0.017
1S03,09/27/2019,7.33,,,91,64,2.21,,
1S03A,09/27/2019,7.34,,,90,63,2.15,,
1S03B,09/27/2019,7.46,,,92,64,2.15,,
1S03,09/27/2020,7.37,,,88,66,2.09,,
1S03A,09/27/2020,7.27,,,84,66,2.17,,
1S03B,09/27/2020,7.42,,,87,66,2.13,,
1S03,09/27/2021,7.31,,,92,64,2.08,,
1S03A,09/27/2021,7.35,,,90,64,2.04,,
1S03B,09/27/2021,7.5,,,94,64,2.1,,
1SCH3,09/27/2021,7.27,,,466,61,2.07,,
1SCL1,09/27/2021,7.27,,,471,63,2.08,,
1S03,09/27/2022,7.29,,,95,66,2.36,,
1S03A,09/27/2022,7.32,,,91,66,2.34,,
1S03B,09/27/2022,7.61,,,97,66,2.38,,
1SCH3,09/27/2022,7.56,,,94,68,2.43,,
1SCL1,09/27/2022,7.47,,,94,68,2.36,,
1S03,09/27/2023,7.49,,,91,63,2.44,,
1S03A,09/27/2023,7.42,,,89,63,2.39,,
1S03B,09/27/2023,7.67,,,93,63,2.6,,
1S02B,09/27/2024,7.7,,,85,66,2.06,,
1S03,09/27/2024,7.4,,,84,66,2.02,,
1S03A,09/27/2024,7.29,,,81,66,2.01,,
1S03B,09/27/2024,7.66,,,84,66,2.09,,
1SCH3,09/27/2024,7.32,,,379,59,2.17,,
1SCL1,09/27/2024,7.31,,,375,61,2.17,,
1S03A,09/28/2014,7.21,,,82,66,2.09,,
1S03B,09/28/2014,7.52,,,84,65,1.83,,
1S04,09/28/2014,7.29,,,83,65,1.84,,
1S03A,09/28/2015,7.38,,,94,65,2.3,,
1S03B,09/28/2015,7.4,,,97,65,2.14,,
1S07,09/28/2015,7.35,,,96,65,1.99,,
1SCL1,09/28/2015,7.34,,,505,53,2.11,,
1S03A,09/28/2016,7.4,,,90,65,2.38,,
1S03B,09/28/2016,7.58,,,93,65,2.06,,
1S07,09/28/2016,7.26,,,92,66,2,,
1SCH3,09/28/2016,7.43,,,94,65,1.94,,
1SCL1,09/28/2016,7.44,,,94,65,2,,
1S03,09/28/2018,7.36,,,93,64,2.09,,
1S03A,09/28/2018,7.08,,,86,62,2.46,,
1S03B,09/28/2018,7.37,,,92,63,2.32,,
1SCL1,09/28/2018,7.4,,,497,65,1.98,,
1S03,09/28/2019,7.41,,,90,64,2.31,,
1S03A,09/28/2019,7.47,,,89,64,2.16,,
1S03B,09/28/2019,7.55,,,91,66,2.06,,
1S03,09/28/2020,7.32,,,87,66,1.93,,
1S03A,09/28/2020,7.22,,,84,66,2.04,,
1S03B,09/28/2020,7.44,,,88,66,2.06,,
1S03,09/28/2021,7.28,,,92,64,2.12,,
1S03A,09/28/2021,7.25,,,88,64,2.08,,
1S03B,09/28/2021,7.29,,,92,64,2.09,,
1SCH3,09/28/2021,7.26,,,470,59,2.15,,
1SCL1,09/28/2021,7.18,,,471,61,2.11,,
1S03,09/28/2022,7.27,,,95,66,2.47,,
1S03A,09/28/2022,7.33,,,91,66,2.25,,
1S03B,09/28/2022,7.58,,,98,66,2.56,,
1SCH3,09/28/2022,7.54,,,98,66,2.49,,
1SCL1,09/28/2022,7.64,,,96,68,2.48,,
1S03,09/28/2023,7.44,,,90,63,2.44,,
1S03A,09/28/2023,7.39,,,90,64,2.23,,
1S03B,09/28/2023,7.71,,,94,64,2.23,,
1S02B,09/28/2024,7.54,,,86,66,2.14,,
1S03,09/28/2024,7.36,,,87,66,2.07,,
1S03A,09/28/2024,7.33,,,82,66,2.08,,
1S03B,09/28/2024,7.51,,,86,66,2.09,,
1SCH3,09/28/2024,7.34,,,374,59,2.17,,
1SCL1,09/28/2024,7.32,,,377,61,2.2,,
1S03A,09/29/2014,7.24,,,80,65,2.1,,
1S03B,09/29/2014,7.52,,,84,65,2.09,,
1S04,09/29/2014,7.31,,,83,65,1.94,,
1S03A,09/29/2015,7.19,,,93,66,2.09,,
1S03B,09/29/2015,7.26,,,97,66,2.12,,
1S07,09/29/2015,7.33,,,95,66,2.24,,
1SCL1,09/29/2015,7.32,,,508,51,2.15,,
1S03A,09/29/2016,7.42,,,90,65,2.15,,
1S03B,09/29/2016,7.63,,,94,65,2.13,,
1S07,09/29/2016,7.41,,,92,65,1.9,,
1SCH3,09/29/2016,7.51,,,94,65,2.03,,
1SCL1,09/29/2016,7.58,,,93,65,2.07,,
1S03,09/29/2018,7.36,,,91,62,1.92,,
1S03A,09/29/2018,7.32,,,89,62,2.2,,
1S03B,09/29/2018,7.46,,,93,62,1.86,,
1SCL1,09/29/2018,7.33,,,474,65,1.93,,
1S03,09/29/2019,7.36,,,90,64,2.31,,
1S03A,09/29/2019,7.31,,,88,64,2.09,,
1S03B,09/29/2019,7.48,,,91,64,2.16,,
1S03,09/29/2020,7.3,,,87,66,2.02,,
1S03A,09/29/2020,7.45,,,84,66,2.11,,
1S03B,09/29/2020,7.48,,,88,66,2.1,,
1S03,09/29/2021,7.29,,,93,63,2.2,,
1S03A,09/29/2021,7.31,,,91,64,2.01,,
1S03B,09/29/2021,7.49,,,95,63,2.14,,
1SCH3,09/29/2021,7.23,,,471,59,2.16,,
1SCL1,09/29/2021,7.19,,,472,61,2.09,,
1S03,09/29/2022,7.24,,,96,66,2.49,,
1S03A,09/29/2022,7.31,,,92,66,2.51,,
1S03B,09/29/2022,7.55,,,98,66,2.54,,
1SCH3,09/29/2022,7.7,,,95,66,2.59,,
1SCL1,09/29/2022,7.63,,,96,68,2.48,,
1S03,09/29/2023,7.43,,,91,64,2.5,,
1S03A,09/29/2023,7.39,,,88,64,2.48,,
1S03B,09/29/2023,7.67,,,92,64,2.61,,
1S02B,09/29/2024,7.72,,,85,66,2.12,,
1S03,09/29/2024,7.33,,,86,66,2.04,,
1S03A,09/29/2024,7.43,,,83,66,2.1,,
1S03B,09/29/2024,7.75,,,84,66,2.1,,
1SCH3,09/29/2024,7.34,,,374,59,2.18,,
1SCL1,09/29/2024,7.32,,,377,61,2.18,,
1S03A,09/30/2014,7.16,,,81,65,2.18,,
1S03B,09/30/2014,7.4,,,84,65,2.06,,
1S04,09/30/2014,7.26,,,81,65,2.06,,
1S03A,09/30/2015,7.22,,,91,62,2.23,,
1S03B,09/30/2015,7.24,,,94,63,2.12,,
1S07,09/30/2015,7.19,,,93,65,2.4,,
1SCL1,09/30/2015,7.39,,,505,53,2.06,,
1S03A,09/30/2016,7.49,,,89,65,2.15,,
1S03B,09/30/2016,7.53,,,93,65,2.02,,
1S07,09/30/2016,7.4,,,92,65,2.11,,
1SCH3,09/30/2016,7.64,,,93,65,2.18,,
1SCL1,09/30/2016,7.66,,,91,65,2.15,,
1S03,09/30/2018,7.32,,,91,63,1.81,,
1S03A,09/30/2018,7.29,,,88,62,2.14,,
1S03B,09/30/2018,7.48,,,92,62,2.08,,
1SCL1,09/30/2018,7.32,,,489,65,1.95,,
1S03,09/30/2019,7.35,,,91,63,2.25,,
1S03A,09/30/2019,7.37,,,90,64,2.14,,
1S03B,09/30/2019,7.46,,,91,64,2.14,,
1S03,09/30/2020,7.28,,,87,66,2.03,,
1S03A,09/30/2020,7.31,,,84,66,2.15,,
1S03B,09/30/2020,7.49,,,86,66,2.08,,
1S03,09/30/2021,7.37,,,96,63,2.14,,
1S03A,09/30/2021,7.31,,,91,64,2.02,,
1S03B,09/30/2021,7.42,,,96,63,2.07,,
1SCH3,09/30/2021,7.26,,,470,59,2.03,,
1SCL1,09/30/2021,7.28,,,473,61,1.98,,
1S03,09/30/2022,7.27,,,96,66,2.48,,
1S03A,09/30/2022,7.38,,,91,66,2.38,,
1S03B,09/30/2022,7.61,,,98,64,2.46,,
1SCH3,09/30/2022,7.65,,,98,66,2.49,,
1SCL1,09/30/2022,7.69,,,95,68,2.52,,
1S03,09/30/2023,7.39,,,91,64,2.5,,
1S03A,09/30/2023,7.41,,,88,64,2.49,,
1S03B,09/30/2023,7.6,,,92,64,2.54,,
1S02B,09/30/2024,7.66,,,87,66,2.1,,
1S03,09/30/2024,7.31,,,83,66,2.05,,
1S03A,09/30/2024,7.28,,,82,66,2.05,,
1S03B,09/30/2024,7.69,,,85,66,2.06,,
1SCH3,09/30/2024,7.29,,,376,59,2.11,,
1SCL1,09/30/2024,7.34,,,373,61,2.17,,
1S03A,10/13/2014,7.33,,,80,62,2.09,,
1S03B,10/13/2014,7.49,,,86,62,2.18,,
1S04,10/13/2014,7.42,,,84,62,2.08,,
1S03A,10/13/2015,7.27,,,89,66,2.21,,
1S03B,10/13/2015,7.35,,,93,64,2.41,,
1S07,10/13/2015,7.21,,,91,63,1.87,,
1SCL1,10/13/2015,7.16,,,507,54,2.33,,
1S03A,10/13/2016,7.31,,,88,62,2.2,,
1S03B,10/13/2016,7.5,,,92,62,1.99,,
1S07,10/13/2016,7.32,,,90,63,1.85,,
1SCH3,10/13/2016,7.45,,,92,63,1.98,,
1SCL1,10/13/2016,7.49,,,93,63,2.01,,
1S03,10/13/2018,7.35,,,98,62,1.92,,
1S03A,10/13/2018,7.31,,,95,64,2.15,,
1S03B,10/13/2018,7.45,,,99,62,1.84,,
1SCH3,10/13/2018,7.33,,,322,68,2.09,,
1SCL1,10/13/2018,7.38,,,487,68,2.12,,
1S03,10/13/2019,7.44,,,89,63,2.11,,
1S03A,10/13/2019,7.4,,,87,63,2.12,,
1S03B,10/13/2019,7.58,,,90,63,2.14,,
1S03,10/13/2020,7.35,,,89,63,2.05,,
1S03A,10/13/2020,7.29,,,84,63,2.03,,
1S03B,10/13/2020,7.53,,,90,61,2.14,,
1S03,10/13/2021,7.18,,,89,63,2.08,,
1S03A,10/13/2021,7.05,,,85,63,2.03,,
1S03B,10/13/2021,7.3,,,89,63,2.11,,
1SCH3,10/13/2021,7.17,,,376,68,2.17,,
1SCL1,10/13/2021,7.16,,,377,68,2.18,,
1S03,10/13/2022,7.17,,,90,61,2.07,,
1S03A,10/13/2022,7.1,,,86,61,2.23,,
1S03B,10/13/2022,7.31,,,89,63,2.13,,
1SCH3,10/13/2022,7.27,,,441,57,1.9,,
1SCL1,10/13/2022,7.4,,,443,59,1.89,,
1S03,10/13/2023,7.34,,,94,63,1.97,,
1S03A,10/13/2023,7.32,,,90,63,2.09,,
1S03B,10/13/2023,7.59,,,95,63,2.24,,
1S02B,10/13/2024,7.47,,,90,64,2.16,,
1S03,10/13/2024,7.28,,,87,63,1.99,,
1S03A,10/13/2024,7.28,,,84,64,2.07,,
1SCH3,10/13/2024,7.19,,,372,59,2.14,,
1SCL1,10/13/2024,7.21,,,375,61,2.15,,
1S03A,10/14/2014,7.21,,,81,62,2.16,,
1S03B,10/14/2014,7.4,,,86,62,2.1,,
1S04,10/14/2014,7.35,,,85,63,2.08,,
1S03A,10/14/2015,7.27,,,90,64,2.19,,
1S03B,10/14/2015,7.31,,,94,62,2.18,,
1S07,10/14/2015,7.34,,,93,62,1.94,,
1SCL1,10/14/2015,7.2,,,514,55,2.33,,
1S03A,10/14/2016,7.35,,,88,61,2.16,,
1S03B,10/14/2016,7.49,,,92,61,2.09,,
1S07,10/14/2016,7.3,,,89,62,2.06,,
1SCH3,10/14/2016,7.37,,,92,62,2.13,,
1SCL1,10/14/2016,7.43,,,93,62,2,,
1S03,10/14/2018,7.4,,,97,62,1.88,,
1S03A,10/14/2018,7.54,,,95,63,1.68,,
1S03B,10/14/2018,7.55,,,98,62,1.92,,
1S03,10/14/2019,7.46,,,89,63,2.22,,
1S03A,10/14/2019,7.56,,,87,63,2.15,,
1S03B,10/14/2019,7.66,,,90,63,2.15,,
1S03,10/14/2020,7.37,,,89,61,2.12,,
1S03A,10/14/2020,7.31,,,85,63,2.17,,
1S03B,10/14/2020,7.59,,,91,61,2.12,,
1S03,10/14/2021,7.2,,,90,63,2.21,,
1S03A,10/14/2021,7.15,,,86,63,2.14,,
1S03B,10/14/2021,7.35,,,90,63,2.14,,
1SCH3,10/14/2021,7.31,,,379,68,2.19,,
1SCL1,10/14/2021,7.32,,,379,68,2.17,,
1S03,10/14/2022,7.13,,,90,61,2.08,,
1S03A,10/14/2022,7.16,,,86,61,2.14,,
1S03B,10/14/2022,7.34,,,91,61,2.25,,
1SCH3,10/14/2022,7.31,,,435,59,1.99,,
1SCL1,10/14/2022,7.45,,,436,61,1.97,,
1S03,10/14/2023,7.42,,,91,63,2.11,,
1S03A,10/14/2023,7.36,,,90,63,2.13,,
1S03B,10/14/2023,7.71,,,94,63,2.16,,
1S02B,10/14/2024,7.52,,,88,64,2.11,,
1S03,10/14/2024,7.33,,,86,64,1.78,,
1S03A,10/14/2024,7.34,,,84,64,2.03,,
1SCH3,10/14/2024,7.13,,,375,59,2.06,,
1SCL1,10/14/2024,7.18,,,378,61,2.25,,
1S03A,10/15/2014,7.15,,,81,63,2.22,,
1S03B,10/15/2014,7.37,,,86,63,2.14,,
1S04,10/15/2014,7.31,,,82,64,2.07,,
1S03A,10/15/2015,7.31,,,90,64,2.12,,
1S03B,10/15/2015,7.33,,,95,63,2.15,,
1S07,10/15/2015,7.16,,,93,62,1.99,,
1SCL1,10/15/2015,7.23,,,504,58,2.34,,
1S03A,10/15/2016,7.35,,,88,62,2.11,,
1S03B,10/15/2016,7.39,,,93,61,2.01,,
1S07,10/15/2016,7.27,,,91,62,1.91,,
1SCH3,10/15/2016,7.35,,,89,61,2.05,,
1SCL1,10/15/2016,7.39,,,90,62,2.02,,
1S03,10/15/2018,7.38,,,96,63,2,,
1S03A,10/15/2018,7.34,,,91,64,2.3,,
1S03B,10/15/2018,7.41,,,96,63,2.14,,
1S03,10/15/2019,7.35,,,89,61,2.11,,
1S03A,10/15/2019,7.34,,,86,63,2.12,,
1S03B,10/15/2019,7.5,,,89,63,2.18,,
1S03,10/15/2020,7.51,,,89,63,1.93,,
1S03A,10/15/2020,7.28,,,84,63,2.18,,
1S03B,10/15/2020,7.47,,,87,63,2.07,,
1S03,10/15/2021,7.21,,,89,63,2.17,,
1S03A,10/15/2021,7.16,,,86,63,2.09,,
1S03B,10/15/2021,7.28,,,89,63,2.12,,
1SCH3,10/15/2021,7.27,,,380,68,2.08,,
1SCL1,10/15/2021,7.26,,,376,68,2.09,,
1S03,10/15/2022,7.3,,,90,61,2.01,,
1S03A,10/15/2022,7.39,,,88,61,2.13,,
1S03B,10/15/2022,7.44,,,89,61,2.15,,
1SCH3,10/15/2022,7.42,,,442,59,2.04,,
1SCL1,10/15/2022,7.38,,,445,61,2.04,,
1S03,10/15/2023,7.45,,,93,63,2.04,,
1S03A,10/15/2023,7.63,,,93,63,2.14,,
1S03B,10/15/2023,7.83,,,94,63,2.11,,
1S02B,10/15/2024,7.21,,,90,63,2.17,,
1S03,10/15/2024,7.3,,,87,63,2.01,,
1S03A,10/15/2024,7.13,,,86,63,2.09,,
1SCH3,10/15/2024,7.19,,,375,59,2.12,,
1SCL1,10/15/2024,7.24,,,379,61,2.24,,
1S03A,10/16/2014,7.15,,,82,63,2.2,,
1S03B,10/16/2014,7.4,,,85,63,2.13,,
1S04,10/16/2014,7.09,,,84,63,2.02,,
1S03A,10/16/2015,7.36,,,91,62,2.16,,
1S03B,10/16/2015,7.45,,,95,62,2.15,,
1S07,10/16/2015,7.3,,,93,63,2.15,,
1SCL1,10/16/2015,7.2,,,500,64,2.38,,
1S03A,10/16/2016,7.28,,,88,61,2.19,,
1S03B,10/16/2016,7.46,,,92,61,2.26,,
1S07,10/16/2016,7.26,,,90,62,2.09,,
1SCH3,10/16/2016,7.4,,,88,62,1.89,,
1SCL1,10/16/2016,7.42,,,90,62,1.93,,
1S03,10/16/2018,7.28,,,97,62,1.85,,
1S03A,10/16/2018,7.2,,,91,62,2.22,,
1S03B,10/16/2018,7.43,,,95,62,2.07,,
1S03,10/16/2019,7.51,,,88,61,2.18,,
1S03A,10/16/2019,7.33,,,84,63,2.14,,
1S03B,10/16/2019,7.58,,,89,63,2.22,,
1S03,10/16/2020,7.43,,,89,63,2.02,,
1S03A,10/16/2020,7.19,,,84,63,2.08,,
1S03B,10/16/2020,7.48,,,90,63,2.02,,
1S03,10/16/2021,7.28,,,96,64,2.1,,
1S03A,10/16/2021,7.35,,,110,64,2.07,,
1S03B,10/16/2021,7.49,,,108,64,2.11,,
1SCH3,10/16/2021,7.3,,,383,68,2.13,,
1SCL1,10/16/2021,7.27,,,385,70,2.1,,
1S03,10/16/2022,7.17,,,90,61,2.04,,
1S03A,10/16/2022,7.15,,,88,61,2.11,,
1S03B,10/16/2022,7.38,,,93,61,2.18,,
1SCH3,10/16/2022,7.28,,,441,57,2.06,,
1SCL1,10/16/2022,7.39,,,444,59,1.93,,
1S03,10/16/2023,7.31,,,94,61,2.05,,
1S03A,10/16/2023,7.47,,,92,63,2.08,,
1S03B,10/16/2023,7.67,,,95,61,2.12,,
1SCH3,10/16/2023,7.61,,,318,57,2.45,,
1SCL1,10/16/2023,6.75,,,183,64,1.84,,
1S02B,10/16/2024,7.47,,,90,63,2.03,,
1S03,10/16/2024,7.29,,,88,63,1.95,,
1S03A,10/16/2024,7.25,,,87,63,2,,
1SCH3,10/16/2024,7.17,,,375,59,2.09,,
1SCL1,10/16/2024,7.2,,,377,61,2.21,,
1S03A,10/17/2014,7.26,,,81,64,2.23,,
1S03B,10/17/2014,7.35,,,82,63,2.1,,
1S04,10/17/2014,7.28,,,84,64,2.16,,
1S03A,10/17/2015,7.25,,,91,61,2.24,,
1S03B,10/17/2015,7.38,,,95,61,2.33,,
1S07,10/17/2015,7.31,,,94,61,1.98,,
1SCL1,10/17/2015,7.24,,,501,64,2.67,,
1S03A,10/17/2016,7.24,,,87,62,2.2,,
1S03B,10/17/2016,7.46,,,91,62,2.07,,
1S07,10/17/2016,7.37,,,91,63,2.22,,
1SCH3,10/17/2016,7.49,,,91,61,2.08,,
1SCL1,10/17/2016,7.5,,,93,62,2.03,,
1S03,10/17/2018,7.22,,,97,62,1.96,,
1S03A,10/17/2018,7.29,,,92,62,2.19,,
1S03B,10/17/2018,7.38,,,95,62,2.08,,
1SCL1,10/17/2018,7.29,,,217,66,2.26,,
1S03,10/17/2019,7.32,,,86,61,2.19,,
1S03A,10/17/2019,7.28,,,83,63,2.1,,
1S03B,10/17/2019,7.44,,,88,61,2.17,,
1SCL1,10/17/2019,7.33,,,272,63,1.83,,
1S03,10/17/2020,7.39,,,90,61,2.1,,
1S03A,10/17/2020,7.33,,,86,63,2.1,,
1S03B,10/17/2020,7.58,,,90,63,2.08,,
1S03,10/17/2021,7.2,,,105,63,2.12,,
1S03A,10/17/2021,7.11,,,109,64,2.1,,
1S03B,10/17/2021,7.13,,,109,64,2.1,,
1SCH3,10/17/2021,7.21,,,384,68,2.17,,
1SCL1,10/17/2021,7.25,,,384,68,2.17,,
1S03,10/17/2022,7.13,,,90,63,2.09,,
1S03A,10/17/2022,7.25,,,87,63,2.12,,
1S03B,10/17/2022,7.41,,,92,61,2.26,,
1SCH3,10/17/2022,7.37,,,88,63,2.19,,
1SCL1,10/17/2022,7.38,,,97,63,2.21,,
1S03,10/17/2023,7.32,,,93,61,2.1,,
1S03A,10/17/2023,7.53,,,92,61,2.17,,
1S03B,10/17/2023,7.92,,,95,61,1.93,,
1SCH3,10/17/2023,7.35,,,430,54,1.86,,
1SCL1,10/17/2023,7.53,,,430,55,1.74,,
1S02B,10/17/2024,7.49,,,92,63,2.09,,
1S03,10/17/2024,7.29,,,90,61,2.06,,
1S03A,10/17/2024,7.25,,,87,61,2.05,,
1SCH3,10/17/2024,7.2,,,378,59,2.15,,
1SCL1,10/17/2024,7.21,,,379,61,2.18,,
1S03A,10/18/2014,7.2,,,81,62,2.12,,
1S03B,10/18/2014,7.43,,,85,62,2.04,,
1S04,10/18/2014,7.16,,,83,63,1.98,,
1S03A,10/18/2015,7.29,,,91,61,2.1,,
1S03B,10/18/2015,7.48,,,96,60,2.37,,
1S07,10/18/2015,7.26,,,93,60,2.28,,
1SCL1,10/18/2015,7.18,,,500,63,2.44,,
1S03A,10/18/2016,7.3,,,88,62,2.14,,
1S03B,10/18/2016,7.45,,,92,62,1.99,,
1S07,10/18/2016,7.3,,,90,63,2.13,,
1SCH3,10/18/2016,7.49,,,92,62,2,,
1SCL1,10/18/2016,7.52,,,93,62,1.94,,
1S03,10/18/2018,7.33,,,95,61,1.92,,
1S03A,10/18/2018,7.33,,,92,62,2.22,,
1S03B,10/18/2018,7.24,,,96,60,2.13,,
1SCL1,10/18/2018,7.32,,,161,63,2.25,,
1S03,10/18/2019,7.3,,,86,61,2.13,,
1S03A,10/18/2019,7.34,,,84,61,2.07,,
1S03B,10/18/2019,7.43,,,88,61,2.2,,
1SCL1,10/18/2019,7.3,,,261,63,1.77,,
1S03,10/18/2020,7.3,,,90,61,2.04,,
1S03A,10/18/2020,7.29,,,85,63,2.09,,
1S03B,10/18/2020,7.51,,,85,61,2.19,,
1S03,10/18/2021,7.14,,,106,63,2.18,,
1S03A,10/18/2021,7.3,,,107,63,2.12,,
1S03B,10/18/2021,7.42,,,105,63,2.13,,
1SCH3,10/18/2021,7.24,,,383,68,2.19,,
1SCL1,10/18/2021,7.27,,,383,68,2.21,,
1S03,10/18/2022,7.2,,,90,61,2.12,,
1S03A,10/18/2022,7.07,,,86,61,2.16,,
1S03B,10/18/2022,7.36,,,91,61,2.26,,
1SCH3,10/18/2022,7.41,,,90,63,2.2,,
1SCL1,10/18/2022,7.41,,,91,63,2.18,,
1S03,10/18/2023,7.32,,,95,61,1.97,,
1S03A,10/18/2023,7.52,,,93,61,2.05,,
1S03B,10/18/2023,7.3,,,96,61,1.77,,
1SCH3,10/18/2023,7.3,,,438,55,2.16,,
1SCL1,10/18/2023,7.41,,,438,55,2.14,,
1S02B,10/18/2024,7.48,,,91,61,2.06,,
1S03,10/18/2024,7.27,,,90,61,2.08,,
1S03A,10/18/2024,7.31,,,85,61,1.98,,
1SCH3,10/18/2024,7.28,,,384,59,2.1,,
1SCL1,10/18/2024,7.26,,,378,61,2.07,,
1S03A,10/19/2014,7.35,,,82,62,2.05,,
1S03B,10/19/2014,7.59,,,86,62,1.93,,
1S04,10/19/2014,7.26,,,84,62,2.04,,
1S03A,10/19/2015,7.14,,,90,60,1.84,,
1S03B,10/19/2015,7.35,,,96,59,2.11,,
1S07,10/19/2015,7.27,,,94,58,2.24,,
1SCL1,10/19/2015,7.26,,,435,63,2.45,,
1S03A,10/19/2016,7.19,,,88,62,2.13,,
1S03B,10/19/2016,7.34,,,91,62,1.92,,
1S07,10/19/2016,7.37,,,90,64,1.96,,
1SCH3,10/19/2016,7.48,,,91,62,2.07,,
1SCL1,10/19/2016,7.5,,,92,63,2.04,,
1S03,10/19/2018,7.25,,,96,60,2.09,,
1S03A,10/19/2018,7.26,,,92,60,2.17,,
1S03B,10/19/2018,7.35,,,96,60,2.02,,
1SCL1,10/19/2018,7.25,,,178,62,2.19,,
1S03,10/19/2019,7.27,,,87,61,2.19,,
1S03A,10/19/2019,7.49,,,85,61,2.11,,
1S03B,10/19/2019,7.62,,,89,61,2.13,,
1SCL1,10/19/2019,7.36,,,285,61,1.82,,
1S03,10/19/2020,7.3,,,88,61,2.1,,
1S03A,10/19/2020,7.19,,,83,61,2.21,,
1S03B,10/19/2020,7.39,,,88,61,2.21,,
1S03,10/19/2021,7.35,,,105,63,2.12,,
1S03A,10/19/2021,7.21,,,94,64,2.11,,
1S03B,10/19/2021,7.39,,,104,63,2.16,,
1SCH3,10/19/2021,7.24,,,402,66,2.16,,
1SCL1,10/19/2021,7.26,,,395,66,2.4,,
1S03,10/19/2022,7.07,,,91,61,2.05,,
1S03A,10/19/2022,7.2,,,87,61,2.12,,
1S03B,10/19/2022,7.43,,,92,61,2.15,,
1SCH3,10/19/2022,7.33,,,88,61,2.15,,
1SCL1,10/19/2022,7.38,,,92,63,2.14,,
1S03,10/19/2023,7.36,,,94,61,2.04,,
1S03A,10/19/2023,7.41,,,91,61,2.08,,
1S03B,10/19/2023,7.77,,,93,61,2.45,,
1SCH3,10/19/2023,7.27,,,439,54,2.17,,
1SCL1,10/19/2023,7.47,,,433,55,2.17,,
1S02B,10/19/2024,7.44,,,92,63,2.08,,
1S03,10/19/2024,7.2,,,90,61,2.02,,
1S03A,10/19/2024,7.33,,,86,61,2.06,,
1SCH3,10/19/2024,7.22,,,388,64,2.06,,
1SCL1,10/19/2024,7.26,,,387,64,2.23,,
1S03A,10/20/2014,7.31,,,81,61,2.17,,
1S03B,10/20/2014,7.61,,,83,61,2,,
1S04,10/20/2014,7.29,,,84,61,2.14,,
1S03A,10/20/2015,7.12,,,91,59,2.11,,
1S03B,10/20/2015,7.34,,,95,59,1.97,,
1S07,10/20/2015,7.29,,,92,59,2.16,,
1SCL1,10/20/2015,7.25,,,493,63,2.32,,
1S03A,10/20/2016,7.3,,,87,63,2.25,,
1S03B,10/20/2016,7.5,,,91,62,2,,
1S07,10/20/2016,7.39,,,91,62,1.91,,
1SCH3,10/20/2016,7.55,,,92,62,1.93,,
1SCL1,10/20/2016,7.57,,,93,63,1.97,,
1S03,10/20/2018,7.27,,,96,60,1.89,,
1S03A,10/20/2018,7.34,,,93,61,2.04,,
1S03B,10/20/2018,7.45,,,97,60,1.93,,
1SCL1,10/20/2018,7.21,,,213,62,2.23,,
1S03,10/20/2019,7.42,,,87,59,2.21,,
1S03A,10/20/2019,7.26,,,83,61,2.11,,
1S03B,10/20/2019,7.45,,,88,59,2.08,,
1SCL1,10/20/2019,7.38,,,277,61,2.05,,
1S03,10/20/2020,7.42,,,89,61,2.07,,
1S03A,10/20/2020,7.36,,,85,61,2.12,,
1S03B,10/20/2020,7.59,,,90,63,2.27,,
1S03,10/20/2021,7.24,,,101,63,2.07,,
1S03A,10/20/2021,7.23,,,93,64,2.06,,
1S03B,10/20/2021,7.35,,,100,63,2.15,,
1SCH3,10/20/2021,7.28,,,389,66,2.16,,
1SCL1,10/20/2021,7.28,,,391,66,2.15,,
1S03,10/20/2022,7.17,,,91,59,2.06,,
1S03A,10/20/2022,7.18,,,87,61,2.07,,
1S03B,10/20/2022,7.4,,,92,59,2.16,,
1SCH3,10/20/2022,7.36,,,89,61,2.11,,
1SCL1,10/20/2022,7.39,,,90,63,2.16,,
1S03,10/20/2023,7.34,,,94,61,2.08,,
1S03A,10/20/2023,7.45,,,92,61,2.1,,
1S03B,10/20/2023,7.71,,,93,63,2.38,,
1SCH3,10/20/2023,7.25,,,439,54,2.15,,
1SCL1,10/20/2023,7.41,,,432,55,2.25,,
1S02B,10/20/2024,7.57,,,93,63,2.29,,
1S03,10/20/2024,7.4,,,91,61,2.23,,
1S03A,10/20/2024,7.33,,,88,61,2.13,,
1SCH3,10/20/2024,7.24,,,389,64,2.2,,
1SCL1,10/20/2024,7.27,,,387,64,2.25,,
1S03A,10/21/2014,7.37,,,81,61,2.12,,
1S03B,10/21/2014,7.69,,,85,61,1.93,,
1S04,10/21/2014,7.38,,,86,61,2.07,,
1S03A,10/21/2015,7.16,,,90,59,2.16,,
1S03B,10/21/2015,7.29,,,95,59,2.09,,
1S07,10/21/2015,7.17,,,94,60,2.06,,
1SCL1,10/21/2015,7.08,,,493,63,2.11,,
1S03A,10/21/2016,7.3,,,87,64,2.17,,
1S03B,10/21/2016,7.49,,,91,64,2.04,,
1S07,10/21/2016,7.35,,,90,64,2.02,,
1SCH3,10/21/2016,7.51,,,91,63,1.96,,
1SCL1,10/21/2016,7.41,,,116,64,1.99,,
1S03,10/21/2018,7.41,,,95,60,1.95,,
1S03A,10/21/2018,7.4,,,94,59,2.05,,
1S03B,10/21/2018,7.63,,,96,59,2.03,,
1SCL1,10/21/2018,7.28,,,207,61,2.25,,
1S03,10/21/2019,7.33,,,86,59,2.24,,
1S03A,10/21/2019,7.31,,,84,61,2.15,,
1S03B,10/21/2019,7.53,,,88,61,2.16,,
1SCL1,10/21/2019,7.32,,,287,61,2,,
1S03,10/21/2020,7.37,,,89,61,2.03,,
1S03A,10/21/2020,7.22,,,84,61,2.14,,
1S03B,10/21/2020,7.52,,,85,61,2.13,,
1S03,10/21/2021,7.22,,,97,63,2.13,,
1S03A,10/21/2021,7.12,,,90,63,2.14,,
1S03B,10/21/2021,7.24,,,96,63,2.21,,
1SCH3,10/21/2021,7.29,,,388,66,2.18,,
1SCL1,10/21/2021,7.28,,,389,66,2.16,,
1S03,10/21/2022,7.14,,,91,59,2.07,,
1S03A,10/21/2022,7.16,,,87,61,2.29,,
1S03B,10/21/2022,7.4,,,93,59,2.17,,
1SCH3,10/21/2022,7.37,,,89,61,2.13,,
1SCL1,10/21/2022,7.38,,,89,63,2.14,,
1S03,10/21/2023,7.38,,,93,61,2.04,,
1S03A,10/21/2023,7.47,,,91,61,2.1,,
1S03B,10/21/2023,7.77,,,95,61,1.73,,
1SCH3,10/21/2023,7.35,,,451,54,2.12,,
1SCL1,10/21/2023,7.44,,,447,55,2.24,,
1S02B,10/21/2024,7.48,,,91,63,2.07,,
1S03,10/21/2024,7.23,,,91,63,2.1,,
1S03A,10/21/2024,7.3,,,88,61,2.02,,
1SCH3,10/21/2024,7.24,,,383,63,2.1,,
1SCL1,10/21/2024,7.21,,,384,64,2.01,,
1S03A,10/22/2014,7.35,,,81,61,2.11,,
1S03B,10/22/2014,7.72,,,85,61,1.92,,
1S04,10/22/2014,7.44,,,85,61,2.11,,
1S03A,10/22/2015,7.13,,,90,60,2.03,,
1S03B,10/22/2015,7.37,,,95,59,2.11,,
1S07,10/22/2015,7.14,,,92,60,2.38,,
1SCL1,10/22/2015,7.18,,,476,62,2.19,,
1S03A,10/22/2016,7.28,,,89,62,2.2,,
1S03B,10/22/2016,7.43,,,92,62,2.1,,
1S07,10/22/2016,7.25,,,88,62,2,,
1SCH3,10/22/2016,7.05,,,391,61,2.07,,
1SCL1,10/22/2016,6.95,,,408,60,2.08,,
1S03,10/22/2018,7.26,,,96,59,1.94,,
1S03A,10/22/2018,7.29,,,92,59,2.15,,
1S03B,10/22/2018,7.43,,,97,59,2.06,,
1SCL1,10/22/2018,7.31,,,207,60,2.1,,
1S03,10/22/2019,7.24,,,85,61,2.16,,
1S03A,10/22/2019,7.3,,,83,61,2.2,,
1S03B,10/22/2019,7.55,,,86,61,2.03,,
1SCL1,10/22/2019,7.28,,,299,61,2.25,,
1S03,10/22/2020,7.34,,,90,63,2.05,,
1S03A,10/22/2020,7.25,,,84,61,2.13,,
1S03B,10/22/2020,7.5,,,87,61,2.15,,
1S03,10/22/2021,7.28,,,95,63,2.1,,
1S03A,10/22/2021,7.22,,,91,64,2.23,,
1S03B,10/22/2021,7.26,,,96,63,2.13,,
1SCH3,10/22/2021,7.29,,,383,66,2.22,,
1SCL1,10/22/2021,7.3,,,384,66,2.16,,
1S03,10/22/2022,7.22,,,91,59,2.04,,
1S03A,10/22/2022,7.38,,,88,59,2.16,,
1S03B,10/22/2022,7.44,,,93,59,2.14,,
1SCH3,10/22/2022,7.42,,,88,61,2.18,,
1SCL1,10/22/2022,7.44,,,90,63,2.16,,
1S03,10/22/2023,7.31,,,94,61,2.08,,
1S03A,10/22/2023,7.41,,,92,61,2.05,,
1S03B,10/22/2023,7.75,,,95,61,1.69,,
1SCH3,10/22/2023,7.28,,,455,54,2.01,,
1SCL1,10/22/2023,7.35,,,448,55,2.26,,
1S02B,10/22/2024,7.44,,,92,63,2.05,,
1S03,10/22/2024,7.28,,,90,61,2.03,,
1S03A,10/22/2024,7.24,,,89,61,2.02,,
1SCH3,10/22/2024,7.15,,,383,64,2.08,,
1SCL1,10/22/2024,7.16,,,383,64,2.19,,
1S03A,10/23/2014,7.31,,,81,59,2.22,,
1S03B,10/23/2014,7.59,,,85,59,2.1,,
1S04,10/23/2014,7.34,,,85,60,2.01,,
1S03A,10/23/2015,7.09,,,91,59,2.09,,
1S03B,10/23/2015,7.35,,,95,59,2.08,,
1S07,10/23/2015,7.4,,,93,59,2.2,,
1SCL1,10/23/2015,7.25,,,447,61,2.15,,
1S03A,10/23/2016,7.2,,,90,61,2.15,,
1S03B,10/23/2016,7.37,,,93,60,2.09,,
1S07,10/23/2016,7.25,,,91,61,2.19,,
1SCH3,10/23/2016,7.42,,,92,61,1.85,,
1SCL1,10/23/2016,7.17,,,465,56,1.92,,
1S03,10/23/2018,7.34,,,98,59,1.97,,
1S03A,10/23/2018,7.32,,,93,59,2.17,,
1S03B,10/23/2018,7.43,,,97,59,2.11,,
1SCL1,10/23/2018,7.25,,,223,60,2.11,,
1S03,10/23/2019,7.37,,,86,61,2.32,,
1S03A,10/23/2019,7.27,,,82,59,2.1,,
1S03B,10/23/2019,7.53,,,83,61,2.05,,
1SCL1,10/23/2019,7.33,,,255,61,1.96,,
1S03,10/23/2020,7.52,,,89,63,2.03,,
1S03A,10/23/2020,7.43,,,84,63,2.31,,
1S03B,10/23/2020,7.63,,,86,63,2.12,,
1S03,10/23/2021,7.22,,,97,63,2.12,,
1S03A,10/23/2021,7.3,,,94,64,2.12,,
1S03B,10/23/2021,7.42,,,95,63,2.19,,
1SCH3,10/23/2021,7.24,,,388,66,2.15,,
1SCL1,10/23/2021,7.25,,,389,66,2.14,,
1S03,10/23/2022,7.25,,,92,59,1.98,,
1S03A,10/23/2022,7.19,,,87,61,2.04,,
1S03B,10/23/2022,7.43,,,93,59,2.1,,
1SCH3,10/23/2022,7.34,,,88,61,2.11,,
1SCL1,10/23/2022,7.4,,,90,63,2.1,,
1S03,10/23/2023,7.28,,,94,59,2.03,,
1S03A,10/23/2023,7.46,,,92,61,2.02,,
1S03B,10/23/2023,7.43,,,94,59,1.66,,
1SCH3,10/23/2023,7.34,,,456,54,2.04,,
1SCL1,10/23/2023,7.43,,,452,55,2.26,,
1S02B,10/23/2024,7.51,,,93,63,2.2,,
1S03,10/23/2024,7.33,,,93,61,2.02,,
1S03A,10/23/2024,7.34,,,91,63,2.07,,
1SCH3,10/23/2024,7.19,,,383,64,2.07,,
1SCL1,10/23/2024,7.24,,,382,64,2.25,,
1S03A,10/24/2014,7.4,,,81,59,2.03,,
1S03B,10/24/2014,7.67,,,85,59,1.93,,
1S04,10/24/2014,7.22,,,84,59,1.89,,
1S03A,10/24/2015,7.34,,,90,59,2.07,,
1S03B,10/24/2015,7.51,,,95,59,2.02,,
1S07,10/24/2015,7.21,,,93,59,2.03,,
1SCL1,10/24/2015,7.4,,,239,61,2.13,,
1S03A,10/24/2016,7.28,,,90,61,2.23,,
1S03B,10/24/2016,7.4,,,94,60,2.08,,
1S07,10/24/2016,7.24,,,91,61,2.06,,
1SCH3,10/24/2016,7.48,,,92,60,1.98,,
1SCL1,10/24/2016,7.1,,,479,55,2.02,,
1S03,10/24/2018,7.34,,,98,58,1.9,,
1S03A,10/24/2018,7.37,,,93,58,2.25,,
1S03B,10/24/2018,7.46,,,98,58,2.15,,
1SCL1,10/24/2018,7.17,,,251,60,2.1,,
1S03,10/24/2019,7.34,,,85,61,2.2,,
1S03A,10/24/2019,7.37,,,85,59,2.14,,
1S03B,10/24/2019,7.45,,,86,59,2.27,,
1SCL1,10/24/2019,7.34,,,279,61,1.96,,
1S03,10/24/2020,7.44,,,89,63,2.01,,
1S03A,10/24/2020,7.41,,,85,63,2.11,,
1S03B,10/24/2020,7.45,,,88,61,2.15,,
1S03,10/24/2021,7.35,,,95,63,2.1,,
1S03A,10/24/2021,7.27,,,93,63,2.15,,
1S03B,10/24/2021,7.26,,,97,63,2.14,,
1SCH3,10/24/2021,7.2,,,389,64,2.29,,
1SCL1,10/24/2021,7.28,,,388,66,2.27,,
1S03,10/24/2022,7.28,,,91,59,2.02,,
1S03A,10/24/2022,7.23,,,86,61,2.05,,
1S03B,10/24/2022,7.48,,,93,59,2.1,,
1SCH3,10/24/2022,7.34,,,88,61,2.1,,
1SCL1,10/24/2022,7.34,,,88,63,2.09,,
1S03,10/24/2023,7.29,,,92,59,2.04,,
1S03A,10/24/2023,7.46,,,92,59,2.01,,
1S03B,10/24/2023,7.66,,,94,59,1.74,,
1SCH3,10/24/2023,7.31,,,459,54,2.08,,
1SCL1,10/24/2023,7.4,,,459,54,2.36,,
1S02B,10/24/2024,7.45,,,95,63,2.16,,
1S03,10/24/2024,7.3,,,93,61,1.96,,
1S03A,10/24/2024,7.24,,,94,61,2.03,,
1SCH3,10/24/2024,7.21,,,389,64,2.06,,
1SCL1,10/24/2024,7.24,,,388,64,2.19,,
1S03A,10/25/2014,7.37,,,81,60,1.99,,
1S03B,10/25/2014,7.65,,,85,59,1.99,,
1S04,10/25/2014,7.3,,,83,59,1.94,,
1S03A,10/25/2015,7.24,,,90,59,2.02,,
1S03B,10/25/2015,7.49,,,94,59,2.15,,
1S07,10/25/2015,7.43,,,91,60,2.28,,
1SCL1,10/25/2015,7.36,,,506,62,2.02,,
1S03A,10/25/2016,7.32,,,91,59,2.15,,
1S03B,10/25/2016,7.4,,,94,59,2.12,,
1S07,10/25/2016,7.24,,,92,60,1.85,,
1SCH3,10/25/2016,7.46,,,92,60,2.02,,
1SCL1,10/25/2016,7.09,,,479,55,2,,
1S03,10/25/2018,7.35,,,98,57,1.92,,
1S03A,10/25/2018,7.37,,,94,58,2.21,,
1S03B,10/25/2018,7.48,,,99,57,2.22,,
1SCL1,10/25/2018,7.26,,,255,59,2.15,,
1S03,10/25/2019,7.27,,,85,59,2.24,,
1S03A,10/25/2019,7.27,,,84,59,2.24,,
1S03B,10/25/2019,7.43,,,87,61,2.24,,
1SCL1,10/25/2019,7.32,,,314,61,1.87,,
1S03,10/25/2020,7.31,,,89,61,2.14,,
1S03A,10/25/2020,7.47,,,87,61,2.11,,
1S03B,10/25/2020,7.66,,,89,61,2.27,,
1S03,10/25/2021,7.29,,,92,63,2.1,,
1S03A,10/25/2021,7.39,,,92,63,2.05,,
1S03B,10/25/2021,7.54,,,93,63,2.16,,
1SCH3,10/25/2021,7.3,,,385,64,2.17,,
1SCL1,10/25/2021,7.28,,,388,66,2.19,,
1S03,10/25/2022,7.19,,,92,59,2.09,,
1S03A,10/25/2022,7.16,,,87,59,2.08,,
1S03B,10/25/2022,7.52,,,94,61,2.13,,
1SCH3,10/25/2022,7.27,,,91,61,2.16,,
1SCL1,10/25/2022,7.35,,,90,63,2.12,,
1S03,10/25/2023,7.27,,,95,59,2.15,,
1S03A,10/25/2023,7.4,,,93,59,2.1,,
1S03B,10/25/2023,7.71,,,96,59,1.72,,
1SCH3,10/25/2023,7.23,,,461,54,2.08,,
1SCL1,10/25/2023,7.34,,,461,54,2.47,,
1S02B,10/25/2024,7.47,,,93,61,2.13,,
1S03,10/25/2024,7.29,,,94,61,2.02,,
1S03A,10/25/2024,7.28,,,91,61,2.05,,
1SCH3,10/25/2024,7.28,,,386,64,2,,
1SCL1,10/25/2024,7.28,,,384,64,2.21,,
1S03A,10/26/2014,7.27,,,81,59,2.08,,
1S03B,10/26/2014,7.52,,,84,59,2.03,,
1S04,10/26/2014,7.3,,,83,59,1.94,,
1S03A,10/26/2015,7.25,,,89,59,2.12,,
1S03B,10/26/2015,7.36,,,94,58,2.22,,
1S07,10/26/2015,7.3,,,90,58,2.38,,
1SCL1,10/26/2015,7.3,,,496,62,2.07,,
1S03A,10/26/2016,7.38,,,90,58,2.05,,
1S03B,10/26/2016,7.45,,,94,58,2.11,,
1S07,10/26/2016,7.25,,,93,59,2.04,,
1SCH3,10/26/2016,7.45,,,92,60,2.02,,
1SCL1,10/26/2016,7.06,,,460,54,2.11,,
1S03,10/26/2018,7.31,,,98,57,2.25,,
1S03A,10/26/2018,7.34,,,92,57,2.13,,
1S03B,10/26/2018,7.47,,,98,57,1.99,,
1SCL1,10/26/2018,7.25,,,286,59,2.14,,
1S03,10/26/2019,7.38,,,86,59,2.27,,
1S03A,10/26/2019,7.33,,,83,61,2.21,,
1S03B,10/26/2019,7.57,,,84,59,2.2,,
1SCL1,10/26/2019,7.35,,,318,61,2.05,,
1S03,10/26/2020,7.32,,,88,61,2.09,,
1S03A,10/26/2020,7.33,,,84,61,2.18,,
1S03B,10/26/2020,7.42,,,88,61,2.13,,
1S03,10/26/2021,7.22,,,95,63,2.17,,
1S03A,10/26/2021,7.18,,,95,63,2.13,,
1S03B,10/26/2021,7.29,,,95,63,2.18,,
1SCH3,10/26/2021,7.21,,,385,64,2,,
1SCL1,10/26/2021,7.22,,,385,66,2.15,,
1S03,10/26/2022,7.36,,,92,61,2.31,,
1S03A,10/26/2022,7.19,,,86,61,2.03,,
1S03B,10/26/2022,7.46,,,92,61,2.16,,
1SCH3,10/26/2022,7.34,,,90,61,2.27,,
1SCL1,10/26/2022,7.37,,,89,61,2.22,,
1S03,10/26/2023,7.31,,,93,59,2.03,,
1S03A,10/26/2023,7.41,,,92,59,2.18,,
1S03B,10/26/2023,7.82,,,95,59,1.84,,
1SCH3,10/26/2023,7.29,,,459,54,2.07,,
1SCL1,10/26/2023,7.31,,,456,55,2.49,,
1S02B,10/26/2024,7.5,,,92,63,2.04,,
1S03,10/26/2024,7.24,,,94,61,2.01,,
1S03A,10/26/2024,7.26,,,91,61,1.96,,
1SCH3,10/26/2024,7.27,,,385,63,2.07,,
1SCL1,10/26/2024,7.23,,,385,64,2.1,,
1S03A,10/27/2014,7.28,,,83,60,2.31,,
1S03B,10/27/2014,7.45,,,86,60,2.13,,
1S04,10/27/2014,7.3,,,84,59,2.01,,
1S03A,10/27/2015,7.43,,,90,59,2.14,,
1S03B,10/27/2015,7.5,,,95,58,2.11,,
1S07,10/27/2015,7.27,,,92,59,1.99,,
1SCL1,10/27/2015,7.03,,,505,59,2.23,,
1S03A,10/27/2016,7.37,,,90,57,2.04,,
1S03B,10/27/2016,7.5,,,95,57,1.91,,
1S07,10/27/2016,7.32,,,93,59,2.02,,
1SCH3,10/27/2016,7.37,,,90,58,1.95,,
1SCL1,10/27/2016,7.16,,,487,54,2,,
1S03,10/27/2018,7.29,,,97,57,1.92,,
1S03A,10/27/2018,7.29,,,85,58,2.03,,
1S03B,10/27/2018,7.55,,,94,57,2.2,,
1SCL1,10/27/2018,7.27,,,291,59,2.11,,
1S03,10/27/2019,7.37,,,85,59,2.11,,
1S03A,10/27/2019,7.31,,,84,59,2.02,,
1S03B,10/27/2019,7.39,,,86,59,2.15,,
1SCL1,10/27/2019,7.29,,,357,61,2.05,,
1S03,10/27/2020,7.31,,,87,61,2.06,,
1S03A,10/27/2020,7.32,,,84,61,2.09,,
1S03B,10/27/2020,7.52,,,88,61,2.11,,
1SCL1,10/27/2020,7.28,,,279,63,1.99,,
1S03,10/27/2021,7.24,,,92,61,2.22,,
1S03A,10/27/2021,7.21,,,85,61,1.98,,
1S03B,10/27/2021,7.41,,,92,61,2.12,,
1SCH3,10/27/2021,7.33,,,381,64,2.14,,
1SCL1,10/27/2021,7.31,,,384,66,2.43,,
1S03,10/27/2022,7.25,,,91,61,2.07,,
1S03A,10/27/2022,7.24,,,87,61,2.06,,
1S03B,10/27/2022,7.49,,,94,61,2.19,,
1SCH3,10/27/2022,7.52,,,94,61,2.25,,
1SCL1,10/27/2022,7.45,,,92,63,2.19,,
1S03,10/27/2023,7.42,,,95,59,2.04,,
1S03A,10/27/2023,7.51,,,91,59,2.13,,
1S03B,10/27/2023,7.76,,,95,61,1.87,,
1SCH3,10/27/2023,7.28,,,460,54,2.05,,
1SCL1,10/27/2023,7.4,,,461,55,2.49,,
1S02B,10/27/2024,7.43,,,94,61,2.04,,
1S03,10/27/2024,7.25,,,95,59,2,,
1S03A,10/27/2024,7.24,,,91,59,2.09,,
1SCH3,10/27/2024,7.27,,,391,63,2.01,,
1SCL1,10/27/2024,7.21,,,387,64,1.95,,
1S03A,10/28/2014,7.29,,,82,59,2.19,,
1S03B,10/28/2014,7.57,,,86,59,2.03,,
1S04,10/28/2014,7.25,,,84,61,2.1,,
1S03A,10/28/2015,7.24,,,89,58,2.17,,
1S03B,10/28/2015,7.34,,,94,58,2.29,,
1S07,10/28/2015,7.29,,,91,58,2.46,,
1SCL1,10/28/2015,7.27,,,513,56,2.32,,
1S03A,10/28/2016,7.3,,,90,57,2.13,,
1S03B,10/28/2016,7.5,,,93,57,2.07,,
1S07,10/28/2016,7.45,,,93,58,1.78,,
1SCL1,10/28/2016,7.15,,,479,54,2.06,,
1S03,10/28/2018,7.3,,,99,56,2.04,,
1S03A,10/28/2018,7.26,,,82,57,2.13,,
1S03B,10/28/2018,7.47,,,83,57,1.95,,
1SCL1,10/28/2018,7.2,,,319,59,2.19,,
1S03,10/28/2019,7.26,,,85,59,2.17,,
1S03A,10/28/2019,7.3,,,82,59,2.11,,
1S03B,10/28/2019,7.46,,,86,61,2.17,,
1SCL1,10/28/2019,7.26,,,350,61,1.99,,
1S03,10/28/2020,7.21,,,87,61,2.1,,
1S03A,10/28/2020,7.15,,,86,61,2.14,,
1S03B,10/28/2020,7.46,,,89,61,2.07,,
1SCL1,10/28/2020,7.25,,,378,63,1.82,,
1S03,10/28/2021,7.2,,,90,61,2.05,,
1S03A,10/28/2021,7.27,,,85,61,2.02,,
1S03B,10/28/2021,7.35,,,90,61,2.09,,
1SCH3,10/28/2021,7.3,,,382,64,2.16,,
1SCL1,10/28/2021,7.3,,,383,66,2.21,,
1S03,10/28/2022,7.27,,,92,59,2.04,,
1S03A,10/28/2022,7.24,,,88,59,2.09,,
1S03B,10/28/2022,7.47,,,93,59,2.22,,
1SCH3,10/28/2022,7.44,,,93,61,2.36,,
1SCL1,10/28/2022,7.46,,,92,63,2.15,,
1S03,10/28/2023,7.3,,,94,59,2.13,,
1S03A,10/28/2023,7.33,,,91,59,2.13,,
1S03B,10/28/2023,7.63,,,96,61,2.26,,
1SCH3,10/28/2023,7.32,,,458,54,2.1,,
1SCL1,10/28/2023,7.29,,,458,54,2.43,,
1S02B,10/28/2024,7.42,,,95,61,2.09,,
1S03,10/28/2024,7.29,,,94,59,2,,
1S03A,10/28/2024,7.31,,,92,59,2.05,,
1SCH3,10/28/2024,7.28,,,391,63,1.98,,
1SCL1,10/28/2024,7.24,,,389,64,2.27,,
1S03A,10/29/2014,7.33,,,83,59,2.18,,
1S03B,10/29/2014,7.6,,,87,59,2.14,,
1S04,10/29/2014,7.42,,,85,60,2.15,,
1S03A,10/29/2015,7.47,,,90,59,2.19,,
1S03B,10/29/2015,7.52,,,93,59,2.24,,
1S07,10/29/2015,7.32,,,91,59,2.26,,
1SCL1,10/29/2015,7.44,,,513,56,2.29,,
1S03A,10/29/2016,7.31,,,91,58,2.14,,
1S03B,10/29/2016,7.55,,,95,57,2.02,,
1S07,10/29/2016,7.29,,,93,58,1.98,,
1SCH3,10/29/2016,7.28,,,180,55,1.97,,
1SCL1,10/29/2016,7.18,,,477,55,2,,
1S03,10/29/2018,7.38,,,96,56,1.95,,
1S03A,10/29/2018,7.39,,,95,56,1.99,,
1S03B,10/29/2018,7.6,,,98,56,1.97,,
1SCL1,10/29/2018,7.11,,,300,58,1.96,,
1S03,10/29/2019,7.4,,,86,59,2.23,,
1S03A,10/29/2019,7.4,,,84,59,2.16,,
1S03B,10/29/2019,7.57,,,87,59,2.12,,
1SCL1,10/29/2019,7.3,,,336,61,2.11,,
1S03,10/29/2020,7.24,,,87,61,2.08,,
1S03A,10/29/2020,7.13,,,85,61,2.16,,
1S03B,10/29/2020,7.45,,,86,61,2.07,,
1SCL1,10/29/2020,7.2,,,368,63,1.94,,
1S03,10/29/2021,7.21,,,88,59,2.16,,
1S03A,10/29/2021,7.2,,,85,59,2.19,,
1S03B,10/29/2021,7.14,,,89,59,2.21,,
1SCH3,10/29/2021,7.22,,,377,63,2.17,,
1SCL1,10/29/2021,7.25,,,384,64,2.14,,
1S03,10/29/2022,7.33,,,92,59,2,,
1S03A,10/29/2022,7.23,,,86,59,2.05,,
1S03B,10/29/2022,7.46,,,89,57,2.21,,
1SCH3,10/29/2022,7.44,,,88,61,2.16,,
1SCL1,10/29/2022,7.39,,,89,63,2.19,,
1S03,10/29/2023,7.36,,,95,59,2.15,,
1S03A,10/29/2023,7.36,,,94,59,2.08,,
1S03B,10/29/2023,7.63,,,97,61,2.11,,
1SCH3,10/29/2023,7.27,,,459,54,1.99,,
1SCL1,10/29/2023,7.39,,,459,55,2.23,,
1S02B,10/29/2024,7.5,,,96,61,2.01,,
1S03,10/29/2024,7.28,,,95,59,2.03,,
1S03A,10/29/2024,7.3,,,92,59,2.03,,
1SCH3,10/29/2024,7.27,,,388,63,1.99,,
1SCL1,10/29/2024,7.24,,,388,63,2.25,,
1S03A,10/30/2014,7.18,,,83,59,2.21,,
1S03B,10/30/2014,7.56,,,87,59,2.09,,
1S04,10/30/2014,7.37,,,86,59,2.08,,
1S03A,10/30/2015,7.39,,,89,58,2.33,,
1S03B,10/30/2015,7.44,,,94,58,2.19,,
1S07,10/30/2015,7.36,,,91,58,2.25,,
1SCL1,10/30/2015,7.23,,,515,57,2.23,,
1S03A,10/30/2016,7.2,,,91,59,2.06,,
1S03B,10/30/2016,7.35,,,95,58,1.99,,
1S07,10/30/2016,7.38,,,92,59,2.14,,
1SCH3,10/30/2016,7.3,,,92,58,1.97,,
1SCL1,10/30/2016,7.04,,,486,54,2.05,,
1S03,10/30/2018,7.33,,,98,56,2.03,,
1S03A,10/30/2018,7.45,,,97,56,2.19,,
1S03B,10/30/2018,7.56,,,100,58,2.07,,
1SCL1,10/30/2018,7.13,,,333,59,2.23,,
1S03,10/30/2019,7.42,,,86,59,2.2,,
1S03A,10/30/2019,7.2,,,82,59,2.02,,
1S03B,10/30/2019,7.49,,,84,59,1.99,,
1SCL1,10/30/2019,7.27,,,359,61,1.98,,
1S03,10/30/2020,7.27,,,88,59,2.1,,
1S03A,10/30/2020,7.26,,,88,59,2.17,,
1S03B,10/30/2020,7.45,,,89,57,2.09,,
1SCL1,10/30/2020,7.29,,,308,63,1.98,,
1S03,10/30/2021,7.29,,,90,59,2.07,,
1S03A,10/30/2021,7.09,,,86,59,2.09,,
1S03B,10/30/2021,7.3,,,92,59,2.01,,
1SCH3,10/30/2021,7.29,,,383,63,2.13,,
1SCL1,10/30/2021,7.28,,,385,64,2.11,,
1S03,10/30/2022,7.33,,,92,59,2.05,,
1S03A,10/30/2022,7.15,,,86,59,2.12,,
1S03B,10/30/2022,7.38,,,90,59,2.2,,
1SCH3,10/30/2022,7.35,,,90,59,2.2,,
1SCL1,10/30/2022,7.36,,,89,61,2.2,,
1S03,10/30/2023,7.42,,,94,59,2.08,,
1S03A,10/30/2023,7.42,,,91,59,2.09,,
1S03B,10/30/2023,7.85,,,94,59,1.88,,
1SCH3,10/30/2023,7.3,,,456,54,1.99,,
1SCL1,10/30/2023,7.32,,,454,54,2.26,,
1S02B,10/30/2024,7.5,,,95,61,2.03,,
1S03,10/30/2024,7.17,,,97,59,2.16,,
1S03A,10/30/2024,7.28,,,93,59,2.08,,
1SCH3,10/30/2024,7.15,,,378,63,2.03,,
1SCL1,10/30/2024,7.2,,,384,63,2.21,,
1S03A,10/31/2014,7.17,,,82,58,2.16,,
1S03B,10/31/2014,7.41,,,84,58,2.21,,
1S04,10/31/2014,7.35,,,84,58,1.97,,
1S03A,10/31/2015,7.31,,,91,58,2.04,,
1S03B,10/31/2015,7.48,,,94,57,2.08,,
1S07,10/31/2015,7.55,,,92,56,2.04,,
1SCL1,10/31/2015,7.31,,,515,57,2.11,,
1S03A,10/31/2016,7.19,,,89,57,2.25,,
1S03B,10/31/2016,7.34,,,94,57,2.07,,
1S07,10/31/2016,7.42,,,93,57,2.07,,
1SCH3,10/31/2016,7.43,,,91,58,2.09,,
1SCL1,10/31/2016,7.1,,,487,54,1.98,,
1S03,10/31/2018,7.29,,,97,55,2.17,,
1S03A,10/31/2018,7.38,,,96,56,2.15,,
1S03B,10/31/2018,7.5,,,99,56,2.04,,
1SCL1,10/31/2018,7.11,,,325,58,2.3,,
1S03,10/31/2019,7.37,,,86,59,1.93,,
1S03A,10/31/2019,7.36,,,83,59,2.1,,
1S03B,10/31/2019,7.71,,,88,59,1.99,,
1SCL1,10/31/2019,7.28,,,389,61,1.84,,
1S03,10/31/2020,7.27,,,87,59,2.07,,
1S03A,10/31/2020,7.18,,,86,59,2.19,,
1S03B,10/31/2020,7.37,,,87,59,2.16,,
1SCL1,10/31/2020,7.31,,,286,61,2.19,,
1S03,10/31/2021,7.35,,,91,59,2.16,,
1S03A,10/31/2021,7.1,,,87,59,2.14,,
1S03B,10/31/2021,7.31,,,90,59,2.13,,
1SCH3,10/31/2021,7.35,,,386,63,2.04,,
1SCL1,10/31/2021,7.34,,,386,64,2.08,,
1S03,10/31/2022,7.34,,,92,59,2.22,,
1S03A,10/31/2022,7.32,,,86,59,2.17,,
1S03B,10/31/2022,7.45,,,92,59,2.28,,
1SCH3,10/31/2022,7.34,,,88,59,2.22,,
1SCL1,10/31/2022,7.36,,,89,61,2.28,,
1S03,10/31/2023,7.35,,,93,59,2.04,,
1S03A,10/31/2023,7.28,,,90,59,2.1,,
1S03B,10/31/2023,7.57,,,95,59,1.88,,
1SCH3,10/31/2023,7.35,,,458,54,2.09,,
1SCL1,10/31/2023,7.35,,,457,55,2.26,,
1S02B,10/31/2024,7.4,,,95,61,2.01,,
1S03,10/31/2024,7.23,,,95,59,1.97,,
1S03A,10/31/2024,7.28,,,93,59,2.04,,
1SCH3,10/31/2024,7.23,,,388,63,2.03,,
1SCL1,10/31/2024,7.19,,,384,63,2.27,,
1S03A,11/13/2014,7.26,,,83,54,2.21,,
1S03B,11/13/2014,7.49,,,87,54,2.17,,
1S04,11/13/2014,7.3,,,87,54,2.18,,
1S03A,11/13/2015,7.39,,,90,56,2.13,,
1S03B,11/13/2015,7.52,,,91,56,2.21,,
1S07,11/13/2015,7.25,,,92,56,2.32,,
1SCL1,11/13/2015,7.35,,,447,58,2.23,,
1S03A,11/13/2016,7.38,,,90,54,2,,
1S03B,11/13/2016,7.43,,,92,54,2.08,,
1S07,11/13/2016,7.36,,,89,55,2.27,,
1SCH3,11/13/2016,7.11,,,503,55,2.23,,
1SCL1,11/13/2016,7.2,,,507,55,2.01,,
1S03,11/13/2018,7.29,,,114,53,1.94,,
1S03A,11/13/2018,7.31,,,112,53,2.31,,
1S03B,11/13/2018,7.37,,,115,53,2,,
1SCL1,11/13/2018,7.25,,,448,56,1.99,,
1S03,11/13/2019,7.13,,,86,52,2.18,,
1S03A,11/13/2019,7.25,,,86,54,2.14,,
1S03B,11/13/2019,7.62,,,87,54,1.79,,
1SCH3,11/13/2019,7.22,,,417,55,2.17,,
1SCL1,11/13/2019,7.24,,,415,55,2.19,,
1S03,11/13/2020,7.15,,,87,55,2.07,,
1S03A,11/13/2020,7.16,,,83,55,2.24,,
1S03B,11/13/2020,7.35,,,87,57,2.11,,
1SCL1,11/13/2020,7.21,,,407,59,2.08,,
1S03,11/13/2021,7.15,,,96,57,2.1,,
1S03A,11/13/2021,7.07,,,91,57,2.12,,
1S03B,11/13/2021,7.21,,,94,57,2.13,,
1SCH3,11/13/2021,7.26,,,390,59,2.13,,
1SCL1,11/13/2021,7.24,,,391,61,2.1,,
1S03,11/13/2022,7.22,,,87,59,2.03,,
1S03A,11/13/2022,7.2,,,87,59,2.13,,
1S03B,11/13/2022,7.44,,,89,57,2.19,,
1SCH3,11/13/2022,7.41,,,89,59,2.2,,
1SCL1,11/13/2022,7.46,,,90,61,2.18,,
1S03,11/13/2023,7.34,,,97,54,2.1,,
1S03A,11/13/2023,7.35,,,92,55,2.26,,
1S03B,11/13/2023,7.62,,,99,54,2.17,,
1S02B,11/13/2024,7.39,,,98,57,2.04,,
1S03,11/13/2024,7.37,,,98,55,1.83,,
1S03A,11/13/2024,7.25,,,95,55,2.01,,
1SCH3,11/13/2024,7.22,,,393,59,2.05,,
1SCL1,11/13/2024,7.16,,,390,61,2.18,,
1S03A,11/14/2014,7.22,,,83,53,2.16,,
1S03B,11/14/2014,7.48,,,86,53,2,,
1S04,11/14/2014,7.31,,,85,53,2.08,,
1S03A,11/14/2015,7.38,,,90,55,2.06,,
1S03B,11/14/2015,7.49,,,93,55,2.01,,
1S07,11/14/2015,7.35,,,92,55,2.01,,
1SCL1,11/14/2015,7.29,,,517,58,2.11,,
1S03A,11/14/2016,7.3,,,91,54,2.06,,
1S03B,11/14/2016,7.54,,,96,53,2.14,,
1S07,11/14/2016,7.27,,,93,55,2.24,,
1SCH3,11/14/2016,7.19,,,504,55,2.15,,
1SCL1,11/14/2016,7.27,,,505,55,1.97,,
1S03,11/14/2018,7.34,,,115,52,2.01,,
1S03A,11/14/2018,7.3,,,114,51,2.11,,
1S03B,11/14/2018,7.31,,,117,52,2.07,,
1SCL1,11/14/2018,7.24,,,453,55,2.09,,
1S03,11/14/2019,7.27,,,88,52,2.16,,
1S03A,11/14/2019,7.3,,,86,54,2.21,,
1S03B,11/14/2019,7.54,,,89,54,1.94,,
1SCH3,11/14/2019,7.27,,,419,55,2.18,,
1SCL1,11/14/2019,7.26,,,419,55,2.31,,
1S03,11/14/2020,7.18,,,86,55,2.07,,
1S03A,11/14/2020,7.2,,,85,55,2.1,,
1S03B,11/14/2020,7.36,,,87,55,2.06,,
1SCL1,11/14/2020,7.36,,,408,59,1.85,,
1S03,11/14/2021,7.21,,,99,55,2.17,,
1S03A,11/14/2021,7.13,,,93,55,2.19,,
1S03B,11/14/2021,7.27,,,98,55,2.14,,
1SCH3,11/14/2021,7.26,,,392,59,2.08,,
1SCL1,11/14/2021,7.27,,,394,59,2.12,,
1S03,11/14/2022,7.16,,,88,59,2.15,,
1S03A,11/14/2022,7.17,,,88,59,2.14,,
1S03B,11/14/2022,7.42,,,90,57,2.19,,
1SCH3,11/14/2022,7.43,,,90,57,2.17,,
1SCL1,11/14/2022,7.44,,,91,59,2.2,,
1S03,11/14/2023,7.35,,,95,54,2.12,,
1S03A,11/14/2023,7.36,,,95,54,2.19,,
1S03B,11/14/2023,7.6,,,99,54,2.12,,
1S02B,11/14/2024,7.4,,,98,57,2.05,,
1S03,11/14/2024,7.21,,,96,55,2.05,,
1S03A,11/14/2024,7.28,,,95,55,2.02,,
1SCH3,11/14/2024,7.21,,,395,59,1.96,,
1SCL1,11/14/2024,7.14,,,390,59,2.33,,
1S03A,11/15/2014,7.37,,,83,53,2.11,,
1S03B,11/15/2014,7.52,,,88,53,1.97,,
1S04,11/15/2014,7.29,,,86,52,2.1,,
1S03A,11/15/2015,7.44,,,90,57,1.97,,
1S03B,11/15/2015,7.49,,,93,57,1.96,,
1S07,11/15/2015,7.15,,,90,55,2.09,,
1SCL1,11/15/2015,7.27,,,518,58,1.97,,
1S03A,11/15/2016,7.29,,,89,54,2.19,,
1S03B,11/15/2016,7.55,,,96,54,2.11,,
1S07,11/15/2016,7.39,,,92,55,2.08,,
1SCH3,11/15/2016,7.17,,,503,55,2.14,,
1SCL1,11/15/2016,7.36,,,505,55,1.9,,
1S03,11/15/2018,7.37,,,115,51,1.94,,
1S03A,11/15/2018,7.22,,,112,49,2.04,,
1S03B,11/15/2018,7.37,,,113,51,2.02,,
1SCL1,11/15/2018,7.26,,,446,54,2.07,,
1S03,11/15/2019,7.23,,,83,52,2.26,,
1S03A,11/15/2019,7.14,,,84,52,2.14,,
1S03B,11/15/2019,7.4,,,85,54,1.86,,
1SCH3,11/15/2019,7.24,,,419,55,2.12,,
1SCL1,11/15/2019,7.24,,,419,55,2.28,,
1S03,11/15/2020,7.27,,,89,55,1.99,,
1S03A,11/15/2020,7.31,,,86,55,2.1,,
1S03B,11/15/2020,7.51,,,88,55,2.05,,
1SCL1,11/15/2020,7.28,,,371,59,1.78,,
1S03,11/15/2021,7.25,,,95,55,2.15,,
1S03A,11/15/2021,7.1,,,86,55,2.23,,
1S03B,11/15/2021,7.25,,,94,55,2.13,,
1SCH3,11/15/2021,7.35,,,390,57,2.1,,
1SCL1,11/15/2021,7.36,,,386,59,2.01,,
1S03,11/15/2022,7.08,,,86,57,2.09,,
1S03A,11/15/2022,7.18,,,88,57,2.13,,
1S03B,11/15/2022,7.39,,,90,55,2.23,,
1SCH3,11/15/2022,7.35,,,90,57,2.2,,
1SCL1,11/15/2022,7.38,,,91,59,2.2,,
1S03,11/15/2023,7.35,,,99,54,2.08,,
1S03A,11/15/2023,7.34,,,98,54,2.14,,
1S03B,11/15/2023,7.63,,,101,54,2.31,,
1S02B,11/15/2024,7.37,,,99,57,2.1,,
1S03,11/15/2024,7.2,,,97,55,2.09,,
1S03A,11/15/2024,7.21,,,96,55,2.03,,
1SCH3,11/15/2024,7.24,,,391,59,1.86,,
1SCL1,11/15/2024,7.19,,,386,59,2.17,,
1S03A,11/16/2014,7.29,,,83,53,2.17,,
1S03B,11/16/2014,7.47,,,87,52,1.97,,
1S04,11/16/2014,7.27,,,86,52,2.15,,
1S03A,11/16/2015,7.27,,,90,56,2.18,,
1S03B,11/16/2015,7.33,,,94,56,2.29,,
1S07,11/16/2015,7.4,,,92,56,2.19,,
1SCL1,11/16/2015,7.31,,,448,57,2.27,,
1S03A,11/16/2016,7.34,,,90,54,2.36,,
1S03B,11/16/2016,7.45,,,95,54,1.98,,
1S07,11/16/2016,7.19,,,88,55,2.38,,
1SCH3,11/16/2016,7.22,,,503,55,2.04,,
1SCL1,11/16/2016,7.22,,,499,55,1.96,,
1S03,11/16/2018,7.51,,,113,50,2,,
1S03A,11/16/2018,7.39,,,101,51,2.15,,
1S03B,11/16/2018,7.44,,,112,50,2.05,,
1SCL1,11/16/2018,7.26,,,452,54,2.13,,
1S03,11/16/2019,7.32,,,89,52,2.15,,
1S03A,11/16/2019,7.09,,,83,52,2.23,,
1S03B,11/16/2019,7.38,,,87,52,1.66,,
1SCH3,11/16/2019,7.3,,,420,54,2.1,,
1SCL1,11/16/2019,7.2,,,420,55,2.15,,
1S03,11/16/2020,7.19,,,89,55,2.12,,
1S03A,11/16/2020,7.17,,,84,55,2.23,,
1S03B,11/16/2020,7.29,,,89,55,2.07,,
1SCL1,11/16/2020,7.21,,,403,59,2.04,,
1S03,11/16/2021,7.25,,,95,54,2.2,,
1S03A,11/16/2021,7.2,,,95,55,2.16,,
1S03B,11/16/2021,7.24,,,96,55,2.09,,
1SCH3,11/16/2021,7.26,,,389,57,2.24,,
1SCL1,11/16/2021,7.25,,,396,59,2.2,,
1S03,11/16/2022,7.14,,,88,55,2.04,,
1S03A,11/16/2022,7.11,,,87,55,2.09,,
1S03B,11/16/2022,7.29,,,89,55,2.16,,
1SCH3,11/16/2022,7.22,,,89,55,2.14,,
1SCL1,11/16/2022,7.24,,,90,59,2.16,,
1S03,11/16/2023,7.34,,,98,54,2.11,,
1S03A,11/16/2023,7.32,,,101,54,2.06,,
1S03B,11/16/2023,7.58,,,103,54,2.06,,
1S02B,11/16/2024,7.37,,,100,57,2.13,,
1S03,11/16/2024,7.22,,,94,54,2.04,,
1S03A,11/16/2024,7.21,,,93,55,2.03,,
1SCH3,11/16/2024,7.24,,,387,57,1.95,,
1SCL1,11/16/2024,7.15,,,382,59,2.23,,
1S03A,11/17/2014,7.2,,,83,53,2.21,,
1S03B,11/17/2014,7.46,,,88,52,2.06,,
1S04,11/17/2014,7.47,,,86,52,2.06,,
1S03A,11/17/2015,7.3,,,91,54,2.16,,
1S03B,11/17/2015,7.4,,,93,52,2.01,,
1S07,11/17/2015,7.36,,,92,55,2.06,,
1SCL1,11/17/2015,7.24,,,458,60,2.39,,
1S03A,11/17/2016,7.33,,,90,55,2.2,,
1S03B,11/17/2016,7.5,,,95,53,2.21,,
1S07,11/17/2016,7.29,,,93,55,1.72,,
1SCH3,11/17/2016,7.25,,,505,54,2.14,,
1SCL1,11/17/2016,7.25,,,490,55,2.02,,
1S03,11/17/2018,7.27,,,110,51,2.06,,
1S03A,11/17/2018,7.28,,,111,51,2.18,,
1S03B,11/17/2018,7.36,,,112,51,2.41,,
1SCL1,11/17/2018,7.24,,,443,53,2.18,,
1S03,11/17/2019,7.22,,,88,52,2.18,,
1S03A,11/17/2019,7.23,,,81,52,2.13,,
1S03B,11/17/2019,7.59,,,85,52,1.4,,
1SCH3,11/17/2019,7.39,,,420,54,2.22,,
1SCL1,11/17/2019,7.29,,,420,54,2.12,,
1S03,11/17/2020,7.12,,,88,54,2.16,,
1S03A,11/17/2020,7.22,,,85,54,2.15,,
1S03B,11/17/2020,7.46,,,89,54,2.01,,
1SCL1,11/17/2020,7.25,,,405,57,1.99,,
1S03,11/17/2021,7.23,,,96,54,2.1,,
1S03A,11/17/2021,7.2,,,90,55,2.07,,
1S03B,11/17/2021,7.32,,,95,54,2.14,,
1SCH3,11/17/2021,7.25,,,393,57,2.24,,
1SCL1,11/17/2021,6.81,,,387,63,2.46,,
1S03,11/17/2022,7.06,,,86,55,2.12,,
1S03A,11/17/2022,7.15,,,88,55,2.07,,
1S03B,11/17/2022,7.33,,,90,55,2.15,,
1SCH3,11/17/2022,7.31,,,90,55,2.15,,
1SCL1,11/17/2022,7.37,,,91,59,2.12,,
1S03,11/17/2023,7.33,,,100,54,2,,
1S03A,11/17/2023,7.44,,,101,54,2.09,,
1S03B,11/17/2023,7.64,,,103,54,2.14,,
1S02B,11/17/2024,7.34,,,98,55,2.16,,
1S03,11/17/2024,7.18,,,97,54,1.94,,
1S03A,11/17/2024,7.18,,,95,55,2.14,,
1SCH3,11/17/2024,7.12,,,387,57,2.08,,
1SCL1,11/17/2024,7.04,,,381,59,2.35,,
1S03A,11/18/2014,7.25,,,83,51,2.22,,
1S03B,11/18/2014,7.6,,,87,51,2.28,,
1S04,11/18/2014,7.34,,,86,51,2.06,,
1S03A,11/18/2015,7.32,,,89,54,2.02,,
1S03B,11/18/2015,7.26,,,94,54,1.94,,
1S07,11/18/2015,7.39,,,92,53,2.02,,
1SCL1,11/18/2015,7.24,,,416,57,2.12,,
1S03A,11/18/2016,7.38,,,90,55,2.16,,
1S03B,11/18/2016,7.47,,,95,53,2.07,,
1S07,11/18/2016,7.29,,,89,54,2.53,,
1SCH3,11/18/2016,7.35,,,502,55,2.07,,
1SCL1,11/18/2016,7.33,,,501,56,1.96,,
1S03,11/18/2018,7.26,,,113,50,1.92,,
1S03A,11/18/2018,7.26,,,112,50,2.25,,
1S03B,11/18/2018,7.41,,,114,50,2.07,,
1SCL1,11/18/2018,7.28,,,454,53,2.02,,
1S03,11/18/2019,7.36,,,88,50,2.15,,
1S03A,11/18/2019,7.24,,,84,52,2.06,,
1S03B,11/18/2019,7.39,,,88,52,1.86,,
1SCH3,11/18/2019,7.2,,,422,54,2.13,,
1SCL1,11/18/2019,7.21,,,423,54,2.26,,
1S03,11/18/2020,7.36,,,88,55,2.1,,
1S03A,11/18/2020,7.28,,,87,55,2.19,,
1S03B,11/18/2020,7.5,,,88,54,2.16,,
1SCL1,11/18/2020,7.27,,,343,57,2.34,,
1S03,11/18/2021,7.35,,,96,55,2.1,,
1S03A,11/18/2021,7.25,,,94,55,2.01,,
1S03B,11/18/2021,7.33,,,97,55,2.11,,
1SCH3,11/18/2021,7.4,,,392,57,2.31,,
1SCL1,11/18/2021,7.32,,,391,59,2.33,,
1S03,11/18/2022,7.1,,,88,54,2,,
1S03A,11/18/2022,7.13,,,89,55,2.13,,
1S03B,11/18/2022,7.3,,,92,54,2.16,,
1SCH3,11/18/2022,7.16,,,91,55,2.1,,
1SCL1,11/18/2022,7.38,,,92,57,2.16,,
1S03,11/18/2023,7.37,,,103,54,2.09,,
1S03A,11/18/2023,7.36,,,102,54,2.09,,
1S03B,11/18/2023,7.57,,,104,54,2.24,,
1S02B,11/18/2024,7.42,,,100,55,1.95,,
1S03,11/18/2024,7.17,,,95,54,2.08,,
1S03A,11/18/2024,7.19,,,94,54,2,,
1SCH3,11/18/2024,7.25,,,391,57,1.92,,
1SCL1,11/18/2024,7.17,,,383,59,2.22,,
1S03A,11/19/2014,7.37,,,80,50,2.04,,
1S03B,11/19/2014,7.62,,,85,50,2.09,,
1S04,11/19/2014,7.32,,,86,50,2.11,,
1S03A,11/19/2015,7.4,,,91,55,2.06,,
1S03B,11/19/2015,7.38,,,93,54,1.98,,
1S07,11/19/2015,7.43,,,92,53,1.77,,
1SCL1,11/19/2015,7.22,,,478,57,2.34,,
1S03A,11/19/2016,7.31,,,90,54,2.06,,
1S03B,11/19/2016,7.51,,,94,54,1.87,,
1S07,11/19/2016,7.21,,,89,55,2.46,,
1SCH3,11/19/2016,7.28,,,504,55,2.16,,
1SCL1,11/19/2016,7.27,,,509,55,2.01,,
1S03,11/19/2018,7.35,,,111,50,2.02,,
1S03A,11/19/2018,7.3,,,111,51,2.29,,
1S03B,11/19/2018,7.37,,,112,50,2.06,,
1SCH3,11/19/2018,7.39,,,466,52,1.98,,
1SCL1,11/19/2018,7.36,,,473,53,1.97,,
1S03,11/19/2019,7.31,,,88,50,2.13,,
1S03A,11/19/2019,7.31,,,86,52,2.13,,
1S03B,11/19/2019,7.52,,,89,50,1.91,,
1SCH3,11/19/2019,7.08,,,419,52,2.13,,
1SCL1,11/19/2019,7.17,,,418,54,2.2,,
1S03,11/19/2020,7.03,,,88,52,2.08,,
1S03A,11/19/2020,7.21,,,87,54,2.06,,
1S03B,11/19/2020,7.4,,,89,54,2.09,,
1SCH3,11/19/2020,7.48,,,458,55,2.03,,
1SCL1,11/19/2020,7.38,,,458,57,1.98,,
1S03,11/19/2021,7.18,,,97,55,2.11,,
1S03A,11/19/2021,7.11,,,94,55,2.01,,
1S03B,11/19/2021,7.24,,,98,55,2.12,,
1SCH3,11/19/2021,7.26,,,391,57,2.25,,
1SCL1,11/19/2021,7.26,,,393,57,2.18,,
1S03,11/19/2022,7.16,,,90,54,2.17,,
1S03A,11/19/2022,7.15,,,88,55,2.05,,
1S03B,11/19/2022,7.3,,,91,54,2.38,,
1SCH3,11/19/2022,7.25,,,91,55,2.26,,
1SCL1,11/19/2022,7.36,,,91,57,2.17,,
1S03,11/19/2023,7.36,,,103,54,2.08,,
1S03A,11/19/2023,7.4,,,103,54,2.17,,
1S03B,11/19/2023,7.63,,,104,54,2.08,,
1S02B,11/19/2024,7.3,,,98,55,2.08,,
1S03,11/19/2024,7.12,,,95,54,2.08,,
1S03A,11/19/2024,7.17,,,95,54,2.03,,
1SCH3,11/19/2024,7.16,,,382,57,1.93,,
1SCL1,11/19/2024,7.09,,,378,57,2.21,,
1S03A,11/20/2014,7.32,,,84,50,2.23,,
1S03B,11/20/2014,7.54,,,87,50,2.08,,
1S04,11/20/2014,7.34,,,84,50,2.13,,
1S03A,11/20/2015,7.26,,,90,54,2.14,,
1S03B,11/20/2015,7.31,,,91,54,2.07,,
1S07,11/20/2015,7.36,,,92,53,2.08,,
1SCL1,11/20/2015,7.21,,,500,55,2.4,,
1S03A,11/20/2016,7.37,,,92,53,2,,
1S03B,11/20/2016,7.43,,,91,53,1.89,,
1S07,11/20/2016,7.19,,,93,53,1.91,,
1SCH3,11/20/2016,7.27,,,501,55,2.15,,
1SCL1,11/20/2016,7.35,,,508,55,2.01,,
1S03,11/20/2018,7.21,,,111,50,2.16,,
1S03A,11/20/2018,7.24,,,112,49,2.02,,
1S03B,11/20/2018,7.34,,,114,49,1.87,,
1SCH3,11/20/2018,7.3,,,469,52,2.12,,
1SCL1,11/20/2018,7.28,,,467,53,2,,
1S03,11/20/2019,7.39,,,88,50,2.08,,
1S03A,11/20/2019,7.15,,,85,50,2.26,,
1S03B,11/20/2019,7.38,,,87,50,2.13,,
1SCH3,11/20/2019,7.24,,,415,54,2.08,,
1SCL1,11/20/2019,7.22,,,417,54,2.23,,
1S03,11/20/2020,7.1,,,89,52,2.03,,
1S03A,11/20/2020,7.22,,,84,52,2.19,,
1S03B,11/20/2020,7.45,,,87,54,1.94,,
1SCH3,11/20/2020,7.42,,,450,55,2,,
1SCL1,11/20/2020,7.32,,,447,55,2.44,,
1S03,11/20/2021,7.21,,,98,54,2.08,,
1S03A,11/20/2021,7.15,,,94,54,2.01,,
1S03B,11/20/2021,7.35,,,96,54,2.04,,
1SCH3,11/20/2021,7.3,,,390,55,2.14,,
1SCL1,11/20/2021,7.29,,,391,57,2.13,,
1S03,11/20/2022,7.07,,,91,54,2.08,,
1S03A,11/20/2022,7.12,,,89,54,2.14,,
1S03B,11/20/2022,7.3,,,92,54,2.18,,
1SCH3,11/20/2022,7.3,,,90,54,2.16,,
1SCL1,11/20/2022,7.35,,,91,55,2.16,,
1S03,11/20/2023,7.33,,,104,52,2.12,,
1S03A,11/20/2023,7.38,,,103,54,2.06,,
1S03B,11/20/2023,7.58,,,105,52,2.23,,
1S02B,11/20/2024,7.31,,,99,55,2.1,,
1S03,11/20/2024,7.13,,,94,54,2.07,,
1S03A,11/20/2024,7.19,,,95,54,2.06,,
1SCH3,11/20/2024,7.22,,,394,57,1.74,,
1SCL1,11/20/2024,7.13,,,385,57,2.1,,
1S03A,11/21/2014,7.29,,,83,48,2.13,,
1S03B,11/21/2014,7.48,,,87,49,1.83,,
1S04,11/21/2014,7.32,,,86,49,2.04,,
1S03A,11/21/2015,7.33,,,90,54,2.02,,
1S03B,11/21/2015,7.46,,,93,54,1.95,,
1S07,11/21/2015,7.35,,,90,54,1.96,,
1SCL1,11/21/2015,7.22,,,511,57,2.13,,
1S03A,11/21/2016,7.35,,,90,52,2.25,,
1S03B,11/21/2016,7.47,,,94,51,1.83,,
1S07,11/21/2016,7.19,,,90,51,1.82,,
1SCH3,11/21/2016,7.25,,,500,54,2.17,,
1SCL1,11/21/2016,7.23,,,504,54,2.19,,
1S03,11/21/2018,7.3,,,116,50,1.94,,
1S03A,11/21/2018,7.31,,,113,49,2.08,,
1S03B,11/21/2018,7.35,,,113,49,2.13,,
1SCH3,11/21/2018,7.31,,,468,52,1.93,,
1SCL1,11/21/2018,7.3,,,470,53,1.99,,
1S03,11/21/2019,7.33,,,89,50,2.09,,
1S03A,11/21/2019,7.3,,,85,52,2.14,,
1S03B,11/21/2019,7.47,,,88,50,1.83,,
1SCH3,11/21/2019,7.2,,,420,52,2.1,,
1SCL1,11/21/2019,7.21,,,417,54,2.15,,
1S03,11/21/2020,7.23,,,89,52,2.11,,
1S03A,11/21/2020,7.26,,,87,52,2.08,,
1S03B,11/21/2020,7.46,,,88,52,1.47,,
1SCH3,11/21/2020,7.33,,,444,55,1.98,,
1SCL1,11/21/2020,7.31,,,448,57,2.42,,
1S03,11/21/2021,7.22,,,95,54,2.1,,
1S03A,11/21/2021,7.15,,,94,54,2.02,,
1S03B,11/21/2021,7.34,,,95,54,2.07,,
1SCH3,11/21/2021,7.31,,,392,55,2.12,,
1SCL1,11/21/2021,7.32,,,391,57,2.12,,
1S03,11/21/2022,7.12,,,92,52,2.08,,
1S03A,11/21/2022,7.16,,,90,54,2.06,,
1S03B,11/21/2022,7.33,,,94,52,2.2,,
1SCH3,11/21/2022,7.17,,,91,54,2.04,,
1SCL1,11/21/2022,7.35,,,92,55,2.16,,
1S03,11/21/2023,7.31,,,106,52,2.07,,
1S03A,11/21/2023,7.33,,,102,52,2.21,,
1S03B,11/21/2023,7.53,,,107,52,2.13,,
1S02B,11/21/2024,7.33,,,99,55,2.08,,
1S03,11/21/2024,7.28,,,97,54,2.02,,
1S03A,11/21/2024,7.12,,,96,54,1.98,,
1SCH3,11/21/2024,7.18,,,393,57,1.98,,
1SCL1,11/21/2024,7.13,,,386,57,2.19,,
1S03A,11/22/2014,7.28,,,84,49,2.02,,
1S03B,11/22/2014,7.48,,,86,49,1.97,,
1S04,11/22/2014,7.32,,,85,48,2,,
1S03A,11/22/2015,7.31,,,91,56,2.06,,
1S03B,11/22/2015,7.47,,,93,53,1.92,,
1S07,11/22/2015,7.41,,,92,54,2.16,,
1SCL1,11/22/2015,7.24,,,512,57,2.38,,
1S03A,11/22/2016,7.39,,,91,51,2.12,,
1S03B,11/22/2016,7.51,,,95,51,1.91,,
1S07,11/22/2016,7.22,,,92,51,2.16,,
1SCH3,11/22/2016,7.37,,,506,52,2.26,,
1SCL1,11/22/2016,7.3,,,506,53,2.12,,
1S03,11/22/2018,7.27,,,113,48,1.93,,
1S03A,11/22/2018,7.28,,,111,45,2.16,,
1S03B,11/22/2018,7.28,,,114,46,2.24,,
1SCH3,11/22/2018,7.29,,,472,50,2.3,,
1SCL1,11/22/2018,7.28,,,472,51,1.9,,
1S03,11/22/2019,7.34,,,87,50,2.1,,
1S03A,11/22/2019,7.3,,,87,50,2.22,,
1S03B,11/22/2019,7.39,,,89,50,2.04,,
1SCH3,11/22/2019,7.31,,,421,52,2.15,,
1SCL1,11/22/2019,7.28,,,423,54,2.12,,
1S03,11/22/2020,7.26,,,90,52,2.23,,
1S03A,11/22/2020,7.15,,,86,52,2.3,,
1S03B,11/22/2020,7.5,,,89,52,1.42,,
1SCH3,11/22/2020,7.28,,,449,55,1.94,,
1SCL1,11/22/2020,7.28,,,450,55,2.32,,
1S03,11/22/2021,7.32,,,97,54,2.1,,
1S03A,11/22/2021,7.23,,,94,54,2.02,,
1S03B,11/22/2021,7.19,,,99,54,2.07,,
1SCH3,11/22/2021,7.26,,,392,55,2.02,,
1SCL1,11/22/2021,7.24,,,393,57,2.02,,
1S03,11/22/2022,7.22,,,91,54,2.08,,
1S03A,11/22/2022,7.14,,,89,52,2.07,,
1S03B,11/22/2022,7.32,,,94,52,2.04,,
1SCH3,11/22/2022,7.24,,,93,54,2.15,,
1SCL1,11/22/2022,7.27,,,92,55,2.15,,
1S03,11/22/2023,7.21,,,105,52,2.17,,
1S03A,11/22/2023,7.26,,,103,52,2.2,,
1S03B,11/22/2023,7.45,,,106,52,2.11,,
1S02B,11/22/2024,7.35,,,99,55,2.12,,
1S03,11/22/2024,7.21,,,96,54,2.03,,
1S03A,11/22/2024,7.19,,,94,54,2.07,,
1SCH3,11/22/2024,7.23,,,392,57,1.91,,
1SCL1,11/22/2024,7.16,,,386,57,2.28,,
1S03A,11/23/2014,7.26,,,85,49,2.1,,
1S03B,11/23/2014,7.45,,,87,49,2.1,,
1S04,11/23/2014,7.16,,,86,49,2.03,,
1S03A,11/23/2015,7.42,,,88,53,2.12,,
1S03B,11/23/2015,7.5,,,93,53,2.26,,
1S07,11/23/2015,7.34,,,91,53,2.37,,
1SCL1,11/23/2015,7.22,,,424,57,2.3,,
1S03A,11/23/2016,7.23,,,92,51,2.07,,
1S03B,11/23/2016,7.41,,,94,50,2.09,,
1S07,11/23/2016,7.2,,,94,51,2.26,,
1SCH3,11/23/2016,7.14,,,502,53,2.49,,
1SCL1,11/23/2016,7.15,,,500,53,2.28,,
1S03,11/23/2018,7.19,,,115,47,1.99,,
1S03A,11/23/2018,7.18,,,111,48,2.28,,
1S03B,11/23/2018,7.29,,,111,48,2.29,,
1SCH3,11/23/2018,7.18,,,466,49,1.97,,
1SCL1,11/23/2018,7.19,,,466,50,2.01,,
1S03,11/23/2019,7.28,,,90,50,2.09,,
1S03A,11/23/2019,7.31,,,90,50,2.2,,
1S03B,11/23/2019,7.48,,,92,50,2,,
1SCH3,11/23/2019,7.23,,,430,52,2.29,,
1SCL1,11/23/2019,7.22,,,428,52,2.34,,
1S03,11/23/2020,7.24,,,89,52,2.09,,
1S03A,11/23/2020,7.2,,,85,52,2.19,,
1S03B,11/23/2020,7.51,,,87,52,1.76,,
1SCH3,11/23/2020,7.41,,,451,55,2.06,,
1SCL1,11/23/2020,7.36,,,451,55,2.11,,
1S03,11/23/2021,7.2,,,97,52,2.12,,
1S03A,11/23/2021,7.1,,,93,54,2.02,,
1S03B,11/23/2021,7.24,,,98,52,2.08,,
1SCH3,11/23/2021,7.27,,,394,55,2.13,,
1SCL1,11/23/2021,7.29,,,395,57,2.03,,
1S03,11/23/2022,7.17,,,92,52,2.11,,
1S03A,11/23/2022,7.1,,,88,52,2.11,,
1S03B,11/23/2022,7.3,,,93,52,2.3,,
1SCH3,11/23/2022,7.23,,,93,52,2.19,,
1SCL1,11/23/2022,7.32,,,91,54,2.13,,
1S03,11/23/2023,7.35,,,105,52,2.18,,
1S03A,11/23/2023,7.3,,,105,52,2.16,,
1S03B,11/23/2023,7.54,,,107,52,2.11,,
1S02B,11/23/2024,7.35,,,100,55,2.14,,
1S03,11/23/2024,7.2,,,98,52,2.05,,
1S03A,11/23/2024,7.23,,,95,54,2.06,,
1SCH3,11/23/2024,7.22,,,394,55,1.92,,
1SCL1,11/23/2024,7.16,,,383,57,2.25,,
1S03A,11/24/2014,7.22,,,83,53,2.23,,
1S03B,11/24/2014,7.41,,,87,51,2.07,,
1S04,11/24/2014,7.38,,,87,50,2.07,,
1S03A,11/24/2015,7.12,,,88,52,2.18,,
1S03B,11/24/2015,7.5,,,92,52,1.95,,
1S07,11/24/2015,7.2,,,91,52,1.86,,
1SCL1,11/24/2015,7.19,,,404,55,2.26,,
1S03A,11/24/2016,7.4,,,92,51,2.07,,
1S03B,11/24/2016,7.43,,,94,51,2.17,,
1S07,11/24/2016,7.18,,,94,52,2.07,,
1SCH3,11/24/2016,7.23,,,502,53,2.36,,
1SCL1,11/24/2016,7.27,,,504,53,2.24,,
1S03,11/24/2018,7.34,,,115,47,1.94,,
1S03A,11/24/2018,7.34,,,113,47,2.1,,
1S03B,11/24/2018,7.32,,,115,46,2.08,,
1SCH3,11/24/2018,7.26,,,465,49,1.95,,
1SCL1,11/24/2018,7.26,,,468,50,1.96,,
1S03,11/24/2019,7.27,,,91,50,2.04,,
1S03A,11/24/2019,7.32,,,91,50,2.2,,
1S03B,11/24/2019,7.41,,,92,50,2.07,,
1SCH3,11/24/2019,7.3,,,430,52,2.12,,
1SCL1,11/24/2019,7.3,,,432,52,2.25,,
1S03,11/24/2020,7.28,,,90,52,2.04,,
1S03A,11/24/2020,7.06,,,85,52,2.35,,
1S03B,11/24/2020,7.61,,,91,52,1.4,,
1SCH3,11/24/2020,7.34,,,448,54,1.98,,
1SCL1,11/24/2020,7.31,,,445,55,2.21,,
1S03,11/24/2021,7.13,,,97,52,2.13,,
1S03A,11/24/2021,7.08,,,94,52,2.17,,
1S03B,11/24/2021,7.34,,,97,52,2.12,,
1SCH3,11/24/2021,7.29,,,391,55,2.03,,
1SCL1,11/24/2021,7.28,,,395,55,2.07,,
1S03,11/24/2022,7.18,,,91,52,2.11,,
1S03A,11/24/2022,7.13,,,89,52,2.1,,
1S03B,11/24/2022,7.3,,,93,52,2.25,,
1SCH3,11/24/2022,7.24,,,90,52,2.23,,
1SCL1,11/24/2022,7.3,,,92,54,2.19,,
1S03,11/24/2023,7.26,,,104,52,2.16,,
1S03A,11/24/2023,7.36,,,104,52,2.2,,
1S03B,11/24/2023,7.58,,,106,52,2.14,,
1S02B,11/24/2024,7.34,,,99,54,2.13,,
1S03,11/24/2024,7.19,,,97,52,2.08,,
1S03A,11/24/2024,7.22,,,95,54,2.06,,
1SCH3,11/24/2024,7.23,,,395,55,1.9,,
1SCL1,11/24/2024,7.14,,,390,57,2.28,,
1S03A,11/25/2014,7.34,,,84,50,2.24,,
1S03B,11/25/2014,7.54,,,87,50,2.12,,
1S04,11/25/2014,7.44,,,87,50,2.04,,
1S03A,11/25/2015,7.26,,,92,52,2.2,,
1S03B,11/25/2015,7.59,,,94,51,2.07,,
1S07,11/25/2015,7.3,,,92,52,2.08,,
1SCL1,11/25/2015,7.16,,,466,55,2.22,,
1S03A,11/25/2016,7.33,,,92,51,2.25,,
1S03B,11/25/2016,7.47,,,93,51,1.74,,
1S07,11/25/2016,7.2,,,97,51,2.41,,
1SCH3,11/25/2016,7.16,,,508,52,2.17,,
1SCL1,11/25/2016,7.2,,,508,52,2.2,,
1S03,11/25/2018,7.37,,,113,48,2.01,,
1S03A,11/25/2018,7.27,,,113,48,2.35,,
1S03B,11/25/2018,7.4,,,115,47,2.35,,
1SCH3,11/25/2018,7.13,,,471,49,2.07,,
1SCL1,11/25/2018,7.25,,,470,50,2.07,,
1S03,11/25/2019,7.26,,,93,48,2.18,,
1S03A,11/25/2019,7.18,,,92,50,2.28,,
1S03B,11/25/2019,7.38,,,95,48,2.05,,
1SCH3,11/25/2019,7.3,,,423,52,2.11,,
1SCL1,11/25/2019,7.29,,,426,52,2.25,,
1S03,11/25/2020,7.27,,,89,52,2,,
1S03A,11/25/2020,7.36,,,86,52,2.2,,
1S03B,11/25/2020,7.4,,,87,52,2.26,,
1SCH3,11/25/2020,7.32,,,447,54,2.01,,
1SCL1,11/25/2020,7.3,,,449,55,2.09,,
1S03,11/25/2021,7.31,,,96,54,2.08,,
1S03A,11/25/2021,7.29,,,94,52,2.02,,
1S03B,11/25/2021,7.32,,,97,52,2.08,,
1SCH3,11/25/2021,7.45,,,392,54,2.03,,
1SCL1,11/25/2021,7.45,,,395,55,2.01,,
1S03,11/25/2022,7.2,,,92,52,2.02,,
1S03A,11/25/2022,7.12,,,88,52,2.17,,
1S03B,11/25/2022,7.3,,,94,52,2.14,,
1SCH3,11/25/2022,7.17,,,94,52,2.26,,
1SCL1,11/25/2022,7.29,,,94,54,2.23,,
1S03,11/25/2023,7.3,,,108,50,2.12,,
1S03A,11/25/2023,7.33,,,108,52,2.11,,
1S03B,11/25/2023,7.51,,,109,50,2.19,,
1S02B,11/25/2024,7.34,,,98,55,2.05,,
1S03,11/25/2024,7.26,,,97,52,2.1,,
1S03A,11/25/2024,7.12,,,95,52,2.06,,
1SCH3,11/25/2024,7.09,,,393,55,1.93,,
1SCL1,11/25/2024,7.08,,,386,55,2.27,,
1S03A,11/26/2014,7.41,,,84,48,2.3,,
1S03B,11/26/2014,7.47,,,88,48,2.38,,
1S04,11/26/2014,7.25,,,87,49,2.04,,
1S03A,11/26/2015,7.23,,,91,52,1.92,,
1S03B,11/26/2015,7.44,,,95,52,1.92,,
1S07,11/26/2015,7.31,,,92,53,2.25,,
1SCL1,11/26/2015,7.21,,,510,55,2.35,,
1S03A,11/26/2016,7.28,,,91,51,2.15,,
1S03B,11/26/2016,7.4,,,91,51,1.87,,
1S07,11/26/2016,7.3,,,96,51,2.39,,
1SCH3,11/26/2016,7.21,,,504,52,2.28,,
1SCL1,11/26/2016,7.31,,,506,52,1.95,,
1S03,11/26/2018,7.25,,,108,47,2.07,,
1S03A,11/26/2018,7.31,,,111,48,2.21,,
1S03B,11/26/2018,7.35,,,113,47,2.29,,
1SCH3,11/26/2018,7.25,,,464,49,2.02,,
1SCL1,11/26/2018,7.25,,,458,50,1.97,,
1S03,11/26/2019,7.23,,,92,48,2.04,,
1S03A,11/26/2019,7.27,,,93,50,2.24,,
1S03B,11/26/2019,7.47,,,94,50,2.11,,
1SCH3,11/26/2019,7.31,,,425,50,2.08,,
1SCL1,11/26/2019,7.27,,,426,50,2.37,,
1S03,11/26/2020,7.24,,,88,52,2.05,,
1S03A,11/26/2020,7.1,,,85,52,2.06,,
1S03B,11/26/2020,7.34,,,91,52,2.55,,
1SCH3,11/26/2020,7.28,,,445,55,2.01,,
1SCL1,11/26/2020,7.23,,,445,55,1.93,,
1S03,11/26/2021,7.25,,,96,52,2.11,,
1S03A,11/26/2021,7.09,,,93,52,2.09,,
1S03B,11/26/2021,7.32,,,96,54,2.1,,
1SCH3,11/26/2021,7.29,,,393,54,2.05,,
1SCL1,11/26/2021,7.23,,,392,55,2.08,,
1S03,11/26/2022,7.21,,,93,52,2.13,,
1S03A,11/26/2022,7.13,,,88,52,2.18,,
1S03B,11/26/2022,7.26,,,91,50,2.21,,
1SCH3,11/26/2022,7.3,,,90,52,2.22,,
1SCL1,11/26/2022,7.31,,,91,54,2.19,,
1S03,11/26/2023,7.34,,,108,50,2.06,,
1S03A,11/26/2023,7.34,,,106,50,2.11,,
1S03B,11/26/2023,7.57,,,108,50,2.04,,
1S02B,11/26/2024,7.33,,,98,54,2.03,,
1S03,11/26/2024,7.26,,,94,52,2.05,,
1S03A,11/26/2024,7.14,,,92,52,2.03,,
1SCH3,11/26/2024,7.14,,,397,55,1.91,,
1SCL1,11/26/2024,7.24,,,393,55,2.15,,
1S03A,11/27/2014,7.35,,,85,47,2.05,,
1S03B,11/27/2014,7.55,,,85,47,2.01,,
1S04,11/27/2014,7.34,,,86,48,2.03,,
1S03A,11/27/2015,7.23,,,91,53,2.11,,
1S03B,11/27/2015,7.36,,,92,53,2.15,,
1S07,11/27/2015,7.13,,,90,52,2.34,,
1SCL1,11/27/2015,7.22,,,478,55,2.29,,
1S03A,11/27/2016,7.26,,,89,51,2.25,,
1S03B,11/27/2016,7.49,,,92,51,1.75,,
1S07,11/27/2016,7.28,,,91,50,2.1,,
1SCH3,11/27/2016,7.22,,,501,51,1.91,,
1SCL1,11/27/2016,7.27,,,501,51,2.16,,
1S03,11/27/2018,7.21,,,112,48,2.01,,
1S03A,11/27/2018,7.39,,,97,47,1.99,,
1S03B,11/27/2018,7.34,,,111,47,2.08,,
1SCH3,11/27/2018,7.23,,,464,49,1.96,,
1SCL1,11/27/2018,7.22,,,466,50,2.07,,
1S03,11/27/2019,7.26,,,93,48,2.23,,
1S03A,11/27/2019,7.25,,,93,48,2.08,,
1S03B,11/27/2019,7.42,,,94,48,2.04,,
1SCH3,11/27/2019,7.26,,,425,52,2.05,,
1SCL1,11/27/2019,7.27,,,426,52,2.31,,
1S03,11/27/2020,7.29,,,89,52,2.03,,
1S03A,11/27/2020,7.22,,,85,52,2.15,,
1S03B,11/27/2020,7.32,,,86,52,2.58,,
1SCH3,11/27/2020,7.26,,,448,55,2.03,,
1SCL1,11/27/2020,7.25,,,447,55,2.11,,
1S03,11/27/2021,7.22,,,95,52,2.16,,
1S03A,11/27/2021,7.12,,,96,52,2.19,,
1S03B,11/27/2021,7.35,,,101,52,2.19,,
1SCH3,11/27/2021,7.28,,,394,54,2.13,,
1SCL1,11/27/2021,7.26,,,394,55,2.28,,
1S03,11/27/2022,7.21,,,93,50,2.15,,
1S03A,11/27/2022,7.25,,,90,52,2.13,,
1S03B,11/27/2022,7.3,,,94,50,2.16,,
1SCH3,11/27/2022,7.31,,,90,52,2.24,,
1SCL1,11/27/2022,7.27,,,92,54,2.15,,
1S03,11/27/2023,7.35,,,108,50,2.17,,
1S03A,11/27/2023,7.36,,,107,52,2.13,,
1S03B,11/27/2023,7.57,,,111,50,2.29,,
1S02B,11/27/2024,7.16,,,98,54,2.18,,
1S03,11/27/2024,7.25,,,95,52,1.81,,
1S03A,11/27/2024,7.14,,,95,52,2.06,,
1SCH3,11/27/2024,7.09,,,391,54,1.94,,
1SCL1,11/27/2024,7.05,,,387,55,2.21,,
1S03A,11/28/2014,7.33,,,84,47,2.11,,
1S03B,11/28/2014,7.49,,,86,47,2.12,,
1S04,11/28/2014,7.36,,,87,47,2.01,,
1S03A,11/28/2015,7.41,,,91,51,2.03,,
1S03B,11/28/2015,7.56,,,93,50,2.13,,
1S07,11/28/2015,7.19,,,92,53,2.44,,
1SCL1,11/28/2015,7.17,,,446,55,2.35,,
1S03A,11/28/2016,7.29,,,92,51,1.96,,
1S03B,11/28/2016,7.52,,,96,50,1.91,,
1S07,11/28/2016,7.21,,,90,51,2.28,,
1SCH3,11/28/2016,7.34,,,501,51,2.17,,
1SCL1,11/28/2016,7.27,,,503,52,2.11,,
1S03,11/28/2018,7.26,,,107,47,1.97,,
1S03A,11/28/2018,7.28,,,108,47,2.16,,
1S03B,11/28/2018,7.35,,,108,46,1.99,,
1SCH3,11/28/2018,7.27,,,468,49,1.9,,
1SCL1,11/28/2018,7.28,,,470,49,1.93,,
1S03,11/28/2019,7.23,,,94,48,2.32,,
1S03A,11/28/2019,7.21,,,91,48,2.21,,
1S03B,11/28/2019,7.37,,,93,48,2.07,,
1SCH3,11/28/2019,7.23,,,428,50,1.96,,
1SCL1,11/28/2019,7.22,,,430,52,2.13,,
1S03,11/28/2020,7.24,,,87,52,2.1,,
1S03A,11/28/2020,7.22,,,86,52,2.08,,
1S03B,11/28/2020,7.3,,,88,52,2.21,,
1SCH3,11/28/2020,7.36,,,444,54,2.08,,
1SCL1,11/28/2020,7.25,,,445,55,2.24,,
1S03,11/28/2021,7.25,,,97,50,2.22,,
1S03A,11/28/2021,7.23,,,94,50,2.09,,
1S03B,11/28/2021,7.3,,,98,50,2.13,,
1SCH3,11/28/2021,7.35,,,394,52,2.13,,
1SCL1,11/28/2021,7.28,,,387,54,2.03,,
1S03,11/28/2022,7.16,,,93,50,2.1,,
1S03A,11/28/2022,7.13,,,88,50,2.08,,
1S03B,11/28/2022,7.25,,,94,50,2.21,,
1SCH3,11/28/2022,7.23,,,91,52,2.21,,
1SCL1,11/28/2022,7.31,,,92,54,2.19,,
1S03,11/28/2023,7.28,,,107,50,2.21,,
1S03A,11/28/2023,7.35,,,107,50,2.11,,
1S03B,11/28/2023,7.51,,,109,50,2.08,,
1S02B,11/28/2024,7.25,,,100,54,2.13,,
1S03,11/28/2024,7.16,,,97,52,2.04,,
1S03A,11/28/2024,7.2,,,95,52,2.06,,
1SCH3,11/28/2024,7.2,,,397,54,1.94,,
1SCL1,11/28/2024,7.15,,,392,55,2.23,,
1S03A,11/29/2014,7.36,,,86,47,2.2,,
1S03B,11/29/2014,7.45,,,88,47,2.22,,
1S04,11/29/2014,7.28,,,87,48,2.14,,
1S03A,11/29/2015,7.15,,,91,53,2.2,,
1S03B,11/29/2015,7.28,,,95,52,2.27,,
1S07,11/29/2015,7.32,,,93,53,2.35,,
1SCL1,11/29/2015,7.21,,,457,55,2.27,,
1S03A,11/29/2016,7.29,,,91,51,2.05,,
1S03B,11/29/2016,7.52,,,97,50,2.07,,
1S07,11/29/2016,7.4,,,94,51,1.83,,
1SCH3,11/29/2016,7.2,,,501,51,2.34,,
1SCL1,11/29/2016,7.16,,,504,52,2.32,,
1S03,11/29/2018,7.24,,,108,46,1.98,,
1S03A,11/29/2018,7.3,,,109,46,2.12,,
1S03B,11/29/2018,7.25,,,110,46,1.97,,
1SCH3,11/29/2018,7.28,,,462,48,1.92,,
1SCL1,11/29/2018,7.26,,,457,48,2,,
1S03,11/29/2019,7.38,,,95,48,2.21,,
1S03A,11/29/2019,7.26,,,94,48,2.15,,
1S03B,11/29/2019,7.48,,,98,48,1.99,,
1SCH3,11/29/2019,7.23,,,419,50,1.94,,
1SCL1,11/29/2019,7.21,,,432,50,2.1,,
1S03,11/29/2020,7.32,,,90,50,2.12,,
1S03A,11/29/2020,7.17,,,86,52,2.31,,
1S03B,11/29/2020,7.41,,,92,52,2.4,,
1SCH3,11/29/2020,7.33,,,449,54,2.18,,
1SCL1,11/29/2020,7.32,,,448,55,2.11,,
1S03,11/29/2021,7.12,,,97,50,2.49,,
1S03A,11/29/2021,7.09,,,95,50,2.14,,
1S03B,11/29/2021,7.3,,,97,50,2.15,,
1SCH3,11/29/2021,7.25,,,394,52,2.15,,
1SCL1,11/29/2021,7.25,,,383,54,2.26,,
1S03,11/29/2022,7.23,,,91,50,2.13,,
1S03A,11/29/2022,7.24,,,90,50,2.07,,
1S03B,11/29/2022,7.32,,,94,50,2.22,,
1SCH3,11/29/2022,7.29,,,94,52,2.21,,
1SCL1,11/29/2022,7.35,,,93,54,2.19,,
1S03,11/29/2023,7.22,,,106,48,2.27,,
1S03A,11/29/2023,7.21,,,106,50,2.18,,
1S03B,11/29/2023,7.39,,,109,50,2.17,,
1S02B,11/29/2024,7.33,,,99,54,2.11,,
1S03,11/29/2024,7.19,,,96,52,2.09,,
1S03A,11/29/2024,7.21,,,95,52,2.09,,
1SCH3,11/29/2024,7.23,,,397,54,1.9,,
1SCL1,11/29/2024,7.16,,,393,55,2.24,,
1S03A,11/30/2014,7.33,,,84,47,2.1,,
1S03B,11/30/2014,7.45,,,87,48,1.93,,
1S04,11/30/2014,7.29,,,87,47,1.98,,
1S03A,11/30/2015,7.2,,,90,51,2.21,,
1S03B,11/30/2015,7.32,,,95,51,2.03,,
1S07,11/30/2015,7.28,,,91,51,2.77,,
1SCL1,11/30/2015,7.3,,,422,54,2.26,,
1S03A,11/30/2016,7.26,,,89,51,2.12,,
1S03B,11/30/2016,7.47,,,95,51,2,,
1S07,11/30/2016,7.34,,,94,52,1.87,,
1SCH3,11/30/2016,7.29,,,502,51,2.13,,
1SCL1,11/30/2016,7.3,,,494,52,2.03,,
1S03,11/30/2018,7.24,,,110,47,1.92,,
1S03A,11/30/2018,7.37,,,109,46,2.1,,
1S03B,11/30/2018,7.46,,,111,46,2.08,,
1SCH3,11/30/2018,7.23,,,461,48,1.94,,
1SCL1,11/30/2018,7.25,,,465,49,1.97,,
1S03,11/30/2019,7.33,,,96,46,2.13,,
1S03A,11/30/2019,7.2,,,94,48,2.08,,
1S03B,11/30/2019,7.44,,,97,48,2.05,,
1SCH3,11/30/2019,7.19,,,422,50,1.96,,
1SCL1,11/30/2019,7.26,,,433,52,2.1,,
1S03,11/30/2020,7.31,,,90,50,2.04,,
1S03A,11/30/2020,7.24,,,85,52,2.04,,
1S03B,11/30/2020,7.33,,,85,52,2.27,,
1SCH3,11/30/2020,7.31,,,453,54,2,,
1SCL1,11/30/2020,7.24,,,446,55,2.26,,
1S03,11/30/2021,7.15,,,98,48,2.1,,
1S03A,11/30/2021,7.18,,,95,50,2.1,,
1S03B,11/30/2021,7.32,,,99,50,2.09,,
1SCH3,11/30/2021,7.23,,,393,52,2.16,,
1SCL1,11/30/2021,7.21,,,394,54,2.14,,
1S03,11/30/2022,7.21,,,93,50,2.05,,
1S03A,11/30/2022,7.17,,,90,50,2.07,,
1S03B,11/30/2022,7.29,,,94,50,2.13,,
1SCH3,11/30/2022,7.51,,,94,50,2.16,,
1SCL1,11/30/2022,7.33,,,93,54,2.09,,
1S03,11/30/2023,7.25,,,107,48,2.17,,
1S03A,11/30/2023,7.33,,,109,50,2.15,,
1S03B,11/30/2023,7.54,,,112,48,2.13,,
1S02B,11/30/2024,7.36,,,100,52,2.15,,
1S03,11/30/2024,7.23,,,99,50,2.09,,
1S03A,11/30/2024,7.22,,,97,50,2.06,,
1SCH3,11/30/2024,7.21,,,397,54,1.91,,
1SCL1,11/30/2024,7.13,,,393,55,2.26,,
1S03A,12/13/2014,7.18,,,88,45,2.17,,
1S03B,12/13/2014,7.35,,,92,45,2.08,,
1S04,12/13/2014,7.34,,,92,44,1.9,,
1S03A,12/13/2015,7.13,,,92,50,2.16,,
1S03B,12/13/2015,7.27,,,96,50,2.13,,
1S07,12/13/2015,7.33,,,92,52,2.49,,
1SCL1,12/13/2015,7.09,,,235,52,2.11,,
1S03,12/13/2016,7.24,,,96,46,1.96,,
1S03A,12/13/2016,7.1,,,94,47,2.06,,
1S03B,12/13/2016,7.16,,,98,46,2.09,,
1SCH3,12/13/2016,7.18,,,500,47,2.23,,
1SCL1,12/13/2016,7.23,,,503,48,2.09,,
1S03,12/13/2018,7.23,,,107,44,2.19,,
1S03A,12/13/2018,7.15,,,107,43,2.29,,
1S03B,12/13/2018,7.39,,,107,43,1.6,,
1SCH3,12/13/2018,7.23,,,454,44,2.2,,
1SCL1,12/13/2018,7.3,,,453,45,1.92,,
1S03,12/13/2019,7.24,,,102,45,2.24,,
1S03A,12/13/2019,7.25,,,102,45,2.12,,
1S03B,12/13/2019,7.45,,,104,45,2.11,,
1SCL1,12/13/2019,7.21,,,332,46,1.95,,
1S03,12/13/2020,7.25,,,90,50,2.1,,
1S03A,12/13/2020,7.18,,,89,48,2.15,,
1S03B,12/13/2020,7.39,,,91,48,2.1,,
1SCH3,12/13/2020,7.25,,,449,50,1.98,,
1SCL1,12/13/2020,7.13,,,448,50,2.12,,
1S03,12/13/2021,7.25,,,97,46,2.09,,
1S03A,12/13/2021,7.32,,,96,48,2.05,,
1S03B,12/13/2021,7.43,,,101,48,2.13,,
1SCH3,12/13/2021,7.23,,,396,50,2.2,,
1SCL1,12/13/2021,7.22,,,397,50,2.18,,
1S03,12/13/2022,7.13,,,95,46,1.96,,
1S03A,12/13/2022,7.1,,,91,48,2.1,,
1S03B,12/13/2022,7.35,,,95,46,2.06,,
1SCH3,12/13/2022,7.24,,,92,46,1.75,,
1SCL1,12/13/2022,7.32,,,95,50,2.43,,
1S03,12/13/2023,7.29,,,108,46,2.06,,
1S03A,12/13/2023,7.32,,,106,46,2.04,,
1S03B,12/13/2023,7.46,,,112,46,2.05,,
1S02B,12/13/2024,7.44,,,101,48,2.03,,
1S03,12/13/2024,7.2,,,99,46,2.02,,
1S03A,12/13/2024,7.18,,,99,46,2.05,,
1SCH3,12/13/2024,7.25,,,408,48,1.9,,
1SCL1,12/13/2024,7.21,,,398,50,2.32,,
1S03A,12/14/2014,7.25,,,89,44,2.1,,
1S03B,12/14/2014,7.43,,,91,43,2.16,,
1S04,12/14/2014,7.28,,,90,44,1.94,,
1S03A,12/14/2015,7.45,,,92,51,2.15,,
1S03B,12/14/2015,7.55,,,95,51,2.07,,
1S07,12/14/2015,7.4,,,91,48,2.49,,
1SCL1,12/14/2015,7.23,,,309,52,2.34,,
1S03,12/14/2016,7.32,,,96,46,2.2,,
1S03A,12/14/2016,7.16,,,95,47,2.06,,
1S03B,12/14/2016,7.22,,,97,46,2.09,,
1SCH3,12/14/2016,7.26,,,508,48,2.13,,
1SCL1,12/14/2016,7.3,,,510,48,2.21,,
1S03,12/14/2018,7.34,,,108,43,1.95,,
1S03A,12/14/2018,7.3,,,108,44,2.23,,
1S03B,12/14/2018,7.47,,,108,44,1.56,,
1SCH3,12/14/2018,7.35,,,458,43,1.81,,
1SCL1,12/14/2018,7.32,,,458,45,1.87,,
1S03,12/14/2019,7.23,,,102,45,2.22,,
1S03A,12/14/2019,7.2,,,101,45,2.31,,
1S03B,12/14/2019,7.31,,,103,45,2.25,,
1SCL1,12/14/2019,7.24,,,335,46,2.14,,
1S03,12/14/2020,7.29,,,92,50,2.06,,
1S03A,12/14/2020,7.27,,,90,48,2.09,,
1S03B,12/14/2020,7.4,,,91,48,2.06,,
1SCH3,12/14/2020,7.31,,,454,50,1.87,,
1SCL1,12/14/2020,7.22,,,452,50,2.19,,
1S03,12/14/2021,7.28,,,96,46,2.11,,
1S03A,12/14/2021,7.2,,,93,46,2.07,,
1S03B,12/14/2021,7.36,,,98,48,2.09,,
1SCH3,12/14/2021,7.24,,,396,48,2.27,,
1SCL1,12/14/2021,7.23,,,399,50,2.21,,
1S03,12/14/2022,7.2,,,94,45,2.21,,
1S03A,12/14/2022,7.15,,,91,46,2.07,,
1S03B,12/14/2022,7.31,,,94,46,2.12,,
1SCH3,12/14/2022,7.27,,,94,46,2.07,,
1SCL1,12/14/2022,7.28,,,94,48,2.12,,
1S03,12/14/2023,7.33,,,109,46,2.11,,
1S03A,12/14/2023,7.3,,,107,46,2.12,,
1S03B,12/14/2023,7.46,,,110,46,2.13,,
1S02B,12/14/2024,7.33,,,98,48,2.11,,
1S03,12/14/2024,7.21,,,101,45,2.07,,
1S03A,12/14/2024,7.19,,,98,46,2.07,,
1SCL1,12/14/2024,7.19,,,295,50,2.2,,
1S03A,12/15/2014,7.28,,,89,44,2.16,,
1S03B,12/15/2014,7.55,,,93,43,2.03,,
1S04,12/15/2014,7.37,,,92,44,2.03,,
1S03A,12/15/2015,7.27,,,91,50,2.19,,
1S03B,12/15/2015,7.49,,,95,51,2.07,,
1S07,12/15/2015,7.39,,,90,48,2.39,,
1SCL1,12/15/2015,7.36,,,278,53,2.12,,
1S03,12/15/2016,7.17,,,97,45,2.07,,
1S03A,12/15/2016,7.27,,,93,45,2.16,,
1S03B,12/15/2016,7.32,,,95,44,2.19,,
1SCH3,12/15/2016,7.17,,,515,47,2.13,,
1SCL1,12/15/2016,7.26,,,510,48,2.01,,
1S03,12/15/2018,7.31,,,109,43,2.09,,
1S03A,12/15/2018,7.25,,,106,45,2.31,,
1S03B,12/15/2018,7.51,,,107,46,1.19,,
1SCH3,12/15/2018,7.31,,,459,45,1.76,,
1SCL1,12/15/2018,7.34,,,461,46,1.91,,
1S03,12/15/2019,7.3,,,106,45,2.11,,
1S03A,12/15/2019,7.28,,,109,45,2.12,,
1S03B,12/15/2019,7.36,,,106,45,2.13,,
1SCL1,12/15/2019,7.28,,,298,46,2.07,,
1S03,12/15/2020,7.26,,,92,48,2.01,,
1S03A,12/15/2020,7.18,,,89,46,2.03,,
1S03B,12/15/2020,7.35,,,91,46,2.03,,
1SCH3,12/15/2020,7.36,,,456,46,1.93,,
1SCL1,12/15/2020,7.22,,,450,48,2.05,,
1S03,12/15/2021,7.28,,,97,46,2.16,,
1S03A,12/15/2021,7.18,,,95,46,2.05,,
1S03B,12/15/2021,7.37,,,99,48,2.03,,
1SCH3,12/15/2021,7.23,,,400,48,2.1,,
1SCL1,12/15/2021,7.18,,,402,50,2.27,,
1S03,12/15/2022,7.18,,,92,48,2.12,,
1S03A,12/15/2022,7.15,,,90,46,2.11,,
1S03B,12/15/2022,7.26,,,93,45,2.09,,
1SCH3,12/15/2022,7.17,,,93,46,2.12,,
1SCL1,12/15/2022,7.22,,,92,48,2.12,,
1S03,12/15/2023,7.32,,,108,46,2.09,,
1S03A,12/15/2023,7.33,,,108,46,2.2,,
1S03B,12/15/2023,7.51,,,110,46,2.17,,
1S02B,12/15/2024,7.32,,,100,48,2.11,,
1S03,12/15/2024,7.23,,,100,46,2.15,,
1S03A,12/15/2024,7.21,,,98,46,2.12,,
1SCL1,12/15/2024,7.15,,,355,50,2.24,,
1S03A,12/16/2014,7.29,,,89,44,2.1,,
1S03B,12/16/2014,7.45,,,92,43,2.09,,
1S04,12/16/2014,7.46,,,91,45,2.18,,
1S03A,12/16/2015,7.31,,,91,50,2.28,,
1S03B,12/16/2015,7.44,,,94,50,2.07,,
1S07,12/16/2015,7.31,,,90,49,2.14,,
1SCL1,12/16/2015,7.32,,,325,50,2.19,,
1S03,12/16/2016,7.32,,,97,43,1.9,,
1S03A,12/16/2016,7.18,,,95,44,2.05,,
1S03B,12/16/2016,7.4,,,98,43,1.74,,
1SCH3,12/16/2016,7.37,,,512,46,2.09,,
1SCL1,12/16/2016,7.34,,,513,47,2.08,,
1S03,12/16/2018,7.27,,,110,44,2.09,,
1S03A,12/16/2018,7.25,,,108,45,2.32,,
1S03B,12/16/2018,7.35,,,107,45,1.6,,
1SCH3,12/16/2018,7.3,,,459,45,1.79,,
1SCL1,12/16/2018,7.31,,,460,46,1.76,,
1S03,12/16/2019,7.32,,,108,39,2.46,,
1S03A,12/16/2019,7.21,,,105,45,2.13,,
1S03B,12/16/2019,7.41,,,108,43,2.09,,
1SCL1,12/16/2019,7.25,,,313,46,2.1,,
1S03,12/16/2020,7.3,,,88,48,2.18,,
1S03A,12/16/2020,7.28,,,90,46,2.12,,
1S03B,12/16/2020,7.45,,,93,48,2.04,,
1SCH3,12/16/2020,7.42,,,458,48,1.97,,
1SCL1,12/16/2020,7.23,,,456,50,2.09,,
1S03,12/16/2021,7.29,,,97,46,2.07,,
1S03A,12/16/2021,7.14,,,94,46,2.09,,
1S03B,12/16/2021,7.48,,,97,46,2.06,,
1SCH3,12/16/2021,7.27,,,394,48,2.21,,
1SCL1,12/16/2021,7.25,,,393,50,2.2,,
1S03,12/16/2022,7.15,,,94,46,2.1,,
1S03A,12/16/2022,7.11,,,89,46,2.1,,
1S03B,12/16/2022,7.28,,,92,45,2.22,,
1SCH3,12/16/2022,7.25,,,93,46,2.14,,
1SCL1,12/16/2022,7.27,,,91,48,2.16,,
1S03,12/16/2023,7.31,,,111,46,2.19,,
1S03A,12/16/2023,7.31,,,108,46,2.12,,
1S03B,12/16/2023,7.5,,,110,46,2.15,,
1S02B,12/16/2024,7.35,,,101,50,1.91,,
1S03,12/16/2024,7.18,,,97,45,2.06,,
1S03A,12/16/2024,7.18,,,97,45,2.06,,
1SCL1,12/16/2024,7.15,,,367,48,2.27,,
1S03A,12/17/2014,7.34,,,88,44,2.11,,
1S03B,12/17/2014,7.62,,,92,44,1.74,,
1S04,12/17/2014,7.32,,,92,44,2.13,,
1S03A,12/17/2015,7.16,,,91,50,2.21,,
1S03B,12/17/2015,7.47,,,94,50,2.13,,
1S07,12/17/2015,7.36,,,90,48,2.1,,
1SCL1,12/17/2015,7.32,,,399,52,2.33,,
1S03,12/17/2016,7.27,,,97,43,1.88,,
1S03A,12/17/2016,7.28,,,94,44,2.19,,
1S03B,12/17/2016,7.37,,,99,43,1.86,,
1SCH3,12/17/2016,7.25,,,513,45,2.05,,
1SCL1,12/17/2016,7.36,,,517,46,1.9,,
1S03,12/17/2018,7.3,,,108,43,2.23,,
1S03A,12/17/2018,7.19,,,106,45,2.11,,
1S03B,12/17/2018,7.32,,,105,44,2.1,,
1SCH3,12/17/2018,7.25,,,454,44,1.95,,
1SCL1,12/17/2018,7.29,,,458,44,1.92,,
1S03,12/17/2019,7.31,,,105,43,2.2,,
1S03A,12/17/2019,7.19,,,105,45,2.15,,
1S03B,12/17/2019,7.43,,,106,43,2.14,,
1SCL1,12/17/2019,7.29,,,327,46,2.09,,
1S03,12/17/2020,7.47,,,90,45,2.04,,
1S03A,12/17/2020,7.28,,,82,46,2.27,,
1S03B,12/17/2020,7.43,,,95,45,2.15,,
1SCH3,12/17/2020,7.33,,,455,48,1.9,,
1SCL1,12/17/2020,7.27,,,453,48,2.07,,
1S03,12/17/2021,7.31,,,98,46,2.08,,
1S03A,12/17/2021,7.17,,,95,46,2.06,,
1S03B,12/17/2021,7.47,,,95,46,2.1,,
1SCH3,12/17/2021,7.27,,,396,48,2.16,,
1SCL1,12/17/2021,7.26,,,398,50,2.2,,
1S03,12/17/2022,7.17,,,94,45,2.1,,
1S03A,12/17/2022,7.18,,,91,45,1.89,,
1S03B,12/17/2022,7.35,,,94,45,1.99,,
1SCH3,12/17/2022,7.33,,,93,46,2.09,,
1SCL1,12/17/2022,7.35,,,93,48,2.06,,
1S03,12/17/2023,7.29,,,111,46,2.12,,
1S03A,12/17/2023,7.36,,,106,46,2.11,,
1S03B,12/17/2023,7.58,,,111,46,2.14,,
1S02B,12/17/2024,7.32,,,101,48,1.96,,
1S03,12/17/2024,7.19,,,101,45,2.08,,
1S03A,12/17/2024,7.18,,,99,45,2.05,,
1SCL1,12/17/2024,7.16,,,329,50,2.26,,
1S03A,12/18/2014,7.25,,,89,44,2.11,,
1S03B,12/18/2014,7.43,,,93,43,2.03,,
1S04,12/18/2014,7.35,,,92,46,2.1,,
1S03A,12/18/2015,7.36,,,92,50,2.27,,
1S03B,12/18/2015,7.46,,,95,50,2.05,,
1S07,12/18/2015,7.39,,,94,48,2.17,,
1SCL1,12/18/2015,7.46,,,395,50,2.32,,
1S03,12/18/2016,7.3,,,96,45,1.78,,
1S03A,12/18/2016,7.23,,,93,46,2.17,,
1S03B,12/18/2016,7.33,,,96,46,2.25,,
1SCH3,12/18/2016,7.29,,,509,46,2.07,,
1SCL1,12/18/2016,7.31,,,509,46,1.96,,
1S03,12/18/2018,7.22,,,110,43,2.13,,
1S03A,12/18/2018,7.18,,,106,43,2.24,,
1S03B,12/18/2018,7.31,,,106,44,1.64,,
1SCH3,12/18/2018,7.21,,,456,43,2,,
1SCL1,12/18/2018,7.22,,,455,44,2.06,,
1S03,12/18/2019,7.41,,,105,43,2.2,,
1S03A,12/18/2019,7.22,,,105,43,2.09,,
1S03B,12/18/2019,7.42,,,107,45,2.04,,
1SCL1,12/18/2019,7.39,,,282,46,2.04,,
1S03,12/18/2020,7.37,,,90,45,2.08,,
1S03A,12/18/2020,7.27,,,83,46,2.13,,
1S03B,12/18/2020,7.44,,,85,45,2.08,,
1SCH3,12/18/2020,7.35,,,453,46,1.97,,
1SCL1,12/18/2020,7.27,,,455,48,2.03,,
1S03,12/18/2021,7.28,,,96,46,2.11,,
1S03A,12/18/2021,7.15,,,96,46,2.12,,
1S03B,12/18/2021,7.46,,,96,46,2.17,,
1SCH3,12/18/2021,7.26,,,394,48,2.19,,
1SCL1,12/18/2021,7.24,,,398,50,2.31,,
1S03,12/18/2022,7.16,,,93,45,1.97,,
1S03A,12/18/2022,7.17,,,90,45,2.07,,
1S03B,12/18/2022,7.32,,,94,45,2.22,,
1SCH3,12/18/2022,7.24,,,92,45,2.04,,
1SCL1,12/18/2022,7.33,,,92,48,2.03,,
1S03,12/18/2023,7.29,,,110,46,2.11,,
1S03A,12/18/2023,7.36,,,108,48,2.1,,
1S03B,12/18/2023,7.52,,,111,46,2.18,,
1S02B,12/18/2024,7.4,,,104,48,2,,
1S03,12/18/2024,7.19,,,99,46,2.04,,
1S03A,12/18/2024,7.2,,,100,45,2.07,,
1SCL1,12/18/2024,7.1,,,364,48,2.26,,
1S03A,12/19/2014,7.3,,,91,43,2.07,,
1S03B,12/19/2014,7.48,,,96,43,2,,
1S04,12/19/2014,7.38,,,94,44,2.05,,
1S03A,12/19/2015,7.36,,,91,49,2.17,,
1S03B,12/19/2015,7.54,,,95,49,1.96,,
1S07,12/19/2015,7.32,,,93,49,2.11,,
1SCL1,12/19/2015,7.43,,,368,51,2.3,,
1S03,12/19/2016,7.3,,,97,44,2.08,,
1S03A,12/19/2016,7.18,,,94,44,2.2,,
1S03B,12/19/2016,7.4,,,95,44,1.76,,
1SCH3,12/19/2016,7.2,,,507,46,2.23,,
1SCL1,12/19/2016,7.32,,,512,47,2.07,,
1S03,12/19/2018,7.26,,,106,42,2.03,,
1S03A,12/19/2018,7.27,,,106,44,2.27,,
1S03B,12/19/2018,7.23,,,108,43,1.89,,
1SCH3,12/19/2018,7.27,,,453,42,2.08,,
1SCL1,12/19/2018,7.27,,,454,44,2.03,,
1S03,12/19/2019,7.42,,,111,43,2.09,,
1S03A,12/19/2019,7.22,,,114,43,2.08,,
1S03B,12/19/2019,7.37,,,111,41,2.15,,
1SCL1,12/19/2019,7.35,,,286,45,2.13,,
1S03,12/19/2020,7.39,,,89,45,1.97,,
1S03A,12/19/2020,7.18,,,84,46,2.13,,
1S03B,12/19/2020,7.43,,,93,43,1.95,,
1SCH3,12/19/2020,7.27,,,455,46,1.93,,
1SCL1,12/19/2020,7.33,,,448,48,2.04,,
1S03,12/19/2021,7.31,,,97,46,2.06,,
1S03A,12/19/2021,7.13,,,96,46,2.08,,
1S03B,12/19/2021,7.49,,,97,48,2.01,,
1SCH3,12/19/2021,7.36,,,402,48,2.16,,
1SCL1,12/19/2021,7.35,,,403,50,2.27,,
1S03,12/19/2022,7.13,,,94,45,2.02,,
1S03A,12/19/2022,7.32,,,92,45,2.08,,
1S03B,12/19/2022,7.39,,,95,45,2.15,,
1SCH3,12/19/2022,7.31,,,94,45,2.08,,
1SCL1,12/19/2022,7.38,,,93,46,2.11,,
1S03,12/19/2023,7.19,,,107,46,2.12,,
1S03A,12/19/2023,7.36,,,106,46,2.07,,
1S03B,12/19/2023,7.5,,,110,46,2.11,,
1S02B,12/19/2024,7.39,,,102,48,2.05,,
1S03,12/19/2024,7.2,,,104,45,1.97,,
1S03A,12/19/2024,7.22,,,101,45,2.01,,
1SCL1,12/19/2024,7.13,,,373,48,2.17,,
1S03A,12/20/2014,7.41,,,91,44,2.19,,
1S03B,12/20/2014,7.5,,,96,43,2.11,,
1S04,12/20/2014,7.49,,,95,43,1.95,,
1S03A,12/20/2015,7.24,,,92,48,2.17,,
1S03B,12/20/2015,7.46,,,95,49,1.91,,
1S07,12/20/2015,7.15,,,90,49,2.4,,
1SCL1,12/20/2015,7.39,,,353,50,2.2,,
1S03,12/20/2016,7.25,,,96,42,1.99,,
1S03A,12/20/2016,7.27,,,94,44,2.13,,
1S03B,12/20/2016,7.39,,,96,43,2.03,,
1SCH3,12/20/2016,7.46,,,510,45,2.16,,
1SCL1,12/20/2016,7.32,,,507,46,2.06,,
1S03,12/20/2018,7.27,,,106,42,1.91,,
1S03A,12/20/2018,7.3,,,106,44,2.24,,
1S03B,12/20/2018,7.42,,,105,43,1.51,,
1SCH3,12/20/2018,7.26,,,456,43,2.07,,
1SCL1,12/20/2018,7.33,,,454,44,1.99,,
1S03,12/20/2019,7.28,,,110,43,2.08,,
1S03A,12/20/2019,7.37,,,110,43,2.16,,
1S03B,12/20/2019,7.46,,,111,43,2.15,,
1SCL1,12/20/2019,7.34,,,259,45,2,,
1S03,12/20/2020,7.36,,,90,43,2.08,,
1S03A,12/20/2020,7.2,,,88,43,2.14,,
1S03B,12/20/2020,7.47,,,92,43,2.15,,
1SCH3,12/20/2020,7.27,,,451,45,1.98,,
1SCL1,12/20/2020,7.2,,,449,46,1.98,,
1S03,12/20/2021,7.22,,,98,45,2.25,,
1S03A,12/20/2021,7.26,,,96,46,2.13,,
1S03B,12/20/2021,7.37,,,99,46,2.15,,
1SCH3,12/20/2021,7.32,,,403,48,2.24,,
1SCL1,12/20/2021,7.31,,,395,50,2.24,,
1S03,12/20/2022,7.13,,,94,43,2.03,,
1S03A,12/20/2022,7.2,,,92,45,2.11,,
1S03B,12/20/2022,7.31,,,95,45,2.12,,
1SCH3,12/20/2022,7.33,,,95,45,2.11,,
1SCL1,12/20/2022,7.33,,,93,48,2.09,,
1S03,12/20/2023,7.19,,,108,45,2.01,,
1S03A,12/20/2023,7.27,,,107,46,2.03,,
1S03B,12/20/2023,7.34,,,110,46,2.04,,
1S02B,12/20/2024,7.45,,,103,48,2.04,,
1S03,12/20/2024,7.23,,,102,45,2.04,,
1S03A,12/20/2024,7.26,,,98,46,2.11,,
1SCL1,12/20/2024,7.14,,,369,48,2.25,,
1S03A,12/21/2014,7.33,,,92,43,2.03,,
1S03B,12/21/2014,7.46,,,96,42,2.3,,
1S04,12/21/2014,7.39,,,95,42,2.03,,
1S03A,12/21/2015,7.38,,,91,49,2.34,,
1S03B,12/21/2015,7.53,,,96,49,2.1,,
1S07,12/21/2015,7.37,,,93,48,1.9,,
1SCL1,12/21/2015,7.29,,,359,51,2.18,,
1S03,12/21/2016,7.32,,,97,43,2.1,,
1S03A,12/21/2016,7.26,,,94,44,2.1,,
1S03B,12/21/2016,7.33,,,95,44,1.91,,
1SCH3,12/21/2016,7.25,,,508,45,2.24,,
1SCL1,12/21/2016,7.31,,,507,45,2.09,,
1S03,12/21/2018,7.41,,,110,44,2.13,,
1S03A,12/21/2018,7.3,,,104,44,2.2,,
1S03B,12/21/2018,7.47,,,105,44,1.85,,
1SCH3,12/21/2018,7.31,,,447,43,1.9,,
1SCL1,12/21/2018,7.32,,,453,46,1.97,,
1S03,12/21/2019,7.33,,,110,41,2.07,,
1S03A,12/21/2019,7.37,,,110,43,2.13,,
1S03B,12/21/2019,7.51,,,111,41,2.07,,
1SCL1,12/21/2019,7.25,,,287,43,2.08,,
1S03,12/21/2020,7.26,,,90,43,2.07,,
1S03A,12/21/2020,7.18,,,88,45,2.14,,
1S03B,12/21/2020,7.33,,,90,45,2.01,,
1SCH3,12/21/2020,7.2,,,453,46,2.01,,
1SCL1,12/21/2020,7.4,,,456,46,2.02,,
1S03,12/21/2021,7.2,,,94,46,2.01,,
1S03A,12/21/2021,7.24,,,93,46,2.05,,
1S03B,12/21/2021,7.32,,,100,46,2.02,,
1SCH3,12/21/2021,7.28,,,397,48,2.14,,
1SCL1,12/21/2021,7.3,,,396,48,2.13,,
1S03,12/21/2022,7.1,,,91,43,2.07,,
1S03A,12/21/2022,7.17,,,91,45,2.1,,
1S03B,12/21/2022,7.31,,,95,45,2.14,,
1SCH3,12/21/2022,7.24,,,94,45,2.16,,
1SCL1,12/21/2022,7.31,,,91,48,2.17,,
1S03,12/21/2023,7.3,,,108,45,2.1,,
1S03A,12/21/2023,7.21,,,105,45,2.06,,
1S03B,12/21/2023,7.46,,,110,45,2.11,,
1S02B,12/21/2024,7.38,,,103,48,2.07,,
1S03,12/21/2024,7.23,,,102,45,2.1,,
1S03A,12/21/2024,7.23,,,100,45,2.18,,
1SCL1,12/21/2024,7.15,,,368,48,2.25,,
1S03A,12/22/2014,7.34,,,92,43,2.2,,
1S03B,12/22/2014,7.5,,,95,44,2.2,,
1S04,12/22/2014,7.44,,,94,43,1.88,,
1S03A,12/22/2015,7.35,,,92,50,2.4,,
1S03B,12/22/2015,7.5,,,95,50,2.32,,
1S07,12/22/2015,7.39,,,93,53,2.06,,
1SCL1,12/22/2015,7.31,,,380,51,2.2,,
1S03,12/22/2016,7.27,,,97,42,2.03,,
1S03A,12/22/2016,7.22,,,92,45,2.18,,
1S03B,12/22/2016,7.33,,,95,45,2.18,,
1SCH3,12/22/2016,7.28,,,505,44,2.09,,
1SCL1,12/22/2016,7.33,,,509,44,2.07,,
1S03,12/22/2018,7.38,,,108,44,2.12,,
1S03A,12/22/2018,7.4,,,104,44,2.11,,
1S03B,12/22/2018,7.51,,,104,43,1.86,,
1SCH3,12/22/2018,7.3,,,452,45,1.92,,
1SCL1,12/22/2018,7.27,,,450,45,2.03,,
1S03,12/22/2019,7.24,,,113,43,2.06,,
1S03A,12/22/2019,7.31,,,113,43,2.13,,
1S03B,12/22/2019,7.4,,,114,41,2.1,,
1SCL1,12/22/2019,7.32,,,307,43,2.01,,
1S03,12/22/2020,7.3,,,88,43,2.15,,
1S03A,12/22/2020,7.06,,,87,43,2.14,,
1S03B,12/22/2020,7.42,,,92,45,2.03,,
1SCH3,12/22/2020,7.28,,,454,46,2.2,,
1SCL1,12/22/2020,7.32,,,457,46,2.06,,
1S03,12/22/2021,7.23,,,96,46,2.23,,
1S03A,12/22/2021,7.3,,,92,46,1.97,,
1S03B,12/22/2021,7.27,,,94,46,2.05,,
1SCH3,12/22/2021,7.23,,,402,48,2.12,,
1SCL1,12/22/2021,7.23,,,403,48,2.03,,
1S03,12/22/2022,7.16,,,93,45,2.07,,
1S03A,12/22/2022,7.16,,,90,45,2.04,,
1S03B,12/22/2022,7.3,,,94,45,2.15,,
1SCH3,12/22/2022,7.24,,,92,45,2.14,,
1SCL1,12/22/2022,7.27,,,92,48,2.12,,
1S03,12/22/2023,7.32,,,106,45,2.05,,
1S03A,12/22/2023,7.35,,,106,45,2.03,,
1S03B,12/22/2023,7.48,,,110,45,2.12,,
1S02B,12/22/2024,7.38,,,106,46,2.06,,
1S03,12/22/2024,7.23,,,103,43,2.08,,
1S03A,12/22/2024,7.21,,,104,45,2.11,,
1SCL1,12/22/2024,7.28,,,209,46,2.19,,
1S03A,12/23/2014,7.33,,,92,43,2.2,,
1S03B,12/23/2014,7.5,,,95,44,2.16,,
1S04,12/23/2014,7.3,,,94,44,2.2,,
1S03A,12/23/2015,7.37,,,91,50,2.24,,
1S03B,12/23/2015,7.46,,,94,50,2.12,,
1S07,12/23/2015,7.42,,,91,50,2.33,,
1SCL1,12/23/2015,7.37,,,396,51,2.25,,
1S03,12/23/2016,7.27,,,97,44,1.9,,
1S03A,12/23/2016,7.27,,,94,44,2.26,,
1S03B,12/23/2016,7.37,,,96,44,1.7,,
1SCH3,12/23/2016,7.22,,,509,45,2.26,,
1SCL1,12/23/2016,7.27,,,511,46,2.04,,
1S03,12/23/2018,7.26,,,110,43,2.08,,
1S03A,12/23/2018,7.36,,,105,43,1.99,,
1S03B,12/23/2018,7.44,,,106,43,1.86,,
1SCH3,12/23/2018,7.28,,,460,45,1.82,,
1SCL1,12/23/2018,7.25,,,458,45,1.94,,
1S03,12/23/2019,7.27,,,111,43,2.08,,
1S03A,12/23/2019,7.21,,,113,43,2.12,,
1S03B,12/23/2019,7.39,,,115,43,2.1,,
1SCL1,12/23/2019,7.3,,,276,43,2.1,,
1S03,12/23/2020,7.31,,,91,43,2.04,,
1S03A,12/23/2020,7.31,,,87,43,2.08,,
1S03B,12/23/2020,7.51,,,89,43,2,,
1SCH3,12/23/2020,7.34,,,454,45,2.31,,
1SCL1,12/23/2020,7.35,,,452,46,1.92,,
1S03,12/23/2021,7.2,,,98,45,2.13,,
1S03A,12/23/2021,7.23,,,93,45,2.33,,
1S03B,12/23/2021,7.52,,,95,45,2.19,,
1SCH3,12/23/2021,7.24,,,401,46,2.1,,
1SCL1,12/23/2021,7.29,,,400,48,2.15,,
1S03,12/23/2022,7.14,,,91,45,2.1,,
1S03A,12/23/2022,7.13,,,89,45,2.09,,
1S03B,12/23/2022,7.25,,,93,45,2.22,,
1SCH3,12/23/2022,7.25,,,92,45,2.17,,
1SCL1,12/23/2022,7.26,,,91,46,2.13,,
1S03,12/23/2023,7.37,,,106,45,2.15,,
1S03A,12/23/2023,7.4,,,107,45,2.09,,
1S03B,12/23/2023,7.6,,,109,45,2.11,,
1S02B,12/23/2024,7.33,,,107,45,2.1,,
1S03,12/23/2024,7.27,,,101,43,2.12,,
1S03A,12/23/2024,7.27,,,104,45,2.08,,
1SCL1,12/23/2024,7.14,,,358,46,2.25,,
1S03A,12/24/2014,7.42,,,92,44,2.16,,
1S03B,12/24/2014,7.55,,,95,44,2.1,,
1S04,12/24/2014,7.42,,,96,44,2.2,,
1S03A,12/24/2015,7.4,,,90,51,2.4,,
1S03B,12/24/2015,7.51,,,93,51,2.19,,
1S07,12/24/2015,7.33,,,93,51,2.02,,
1SCL1,12/24/2015,7.45,,,353,52,2.19,,
1S03,12/24/2016,7.37,,,96,42,1.79,,
1S03A,12/24/2016,7.25,,,94,43,2.16,,
1S03B,12/24/2016,7.47,,,95,43,2.1,,
1SCH3,12/24/2016,7.19,,,504,45,2.23,,
1SCL1,12/24/2016,7.26,,,508,45,2.1,,
1S03,12/24/2018,7.28,,,105,43,1.97,,
1S03A,12/24/2018,7.32,,,102,43,2.47,,
1S03B,12/24/2018,7.24,,,103,44,1.92,,
1SCH3,12/24/2018,7.32,,,459,43,1.81,,
1SCL1,12/24/2018,7.22,,,454,44,2.15,,
1S03,12/24/2019,7.17,,,110,43,2.03,,
1S03A,12/24/2019,7.21,,,115,43,2.16,,
1S03B,12/24/2019,7.39,,,116,45,2.15,,
1S03,12/24/2020,7.19,,,90,45,2.02,,
1S03A,12/24/2020,7.17,,,87,43,2.15,,
1S03B,12/24/2020,7.39,,,90,43,2.02,,
1SCH3,12/24/2020,7.25,,,454,46,2.07,,
1SCL1,12/24/2020,7.39,,,454,46,2.07,,
1S03,12/24/2021,7.22,,,98,45,2.15,,
1S03A,12/24/2021,7.31,,,95,45,2.14,,
1S03B,12/24/2021,7.24,,,96,45,2.17,,
1SCH3,12/24/2021,7.32,,,403,46,2.25,,
1SCL1,12/24/2021,7.32,,,406,48,2.32,,
1S03,12/24/2022,7.12,,,92,43,2.05,,
1S03A,12/24/2022,7.12,,,91,45,2.04,,
1S03B,12/24/2022,7.33,,,93,45,2.11,,
1SCH3,12/24/2022,7.34,,,91,45,2.2,,
1SCL1,12/24/2022,7.3,,,90,46,2.13,,
1S03,12/24/2023,7.37,,,109,45,2.18,,
1S03A,12/24/2023,7.39,,,107,45,2.12,,
1S03B,12/24/2023,7.59,,,110,45,2.12,,
1S02B,12/24/2024,7.34,,,108,46,1.99,,
1S03,12/24/2024,7.2,,,103,43,2.1,,
1S03A,12/24/2024,7.19,,,107,43,2.05,,
1SCL1,12/24/2024,7.24,,,350,46,2.18,,
1S03A,12/25/2014,7.27,,,92,44,1.77,,
1S03B,12/25/2014,7.44,,,95,43,2.13,,
1S04,12/25/2014,7.36,,,95,44,2.03,,
1S03A,12/25/2015,7.44,,,90,50,2.02,,
1S03B,12/25/2015,7.72,,,93,51,2,,
1S07,12/25/2015,7.33,,,91,50,1.86,,
1SCL1,12/25/2015,7.28,,,411,51,2.18,,
1S03,12/25/2016,7.45,,,97,44,1.97,,
1S03A,12/25/2016,7.3,,,95,44,2.25,,
1S03B,12/25/2016,7.53,,,98,44,1.76,,
1SCH3,12/25/2016,7.23,,,510,45,2.3,,
1SCL1,12/25/2016,7.29,,,512,45,1.99,,
1S03,12/25/2018,7.32,,,107,42,2.12,,
1S03A,12/25/2018,7.36,,,104,42,2.11,,
1S03B,12/25/2018,7.4,,,105,43,2.27,,
1SCH3,12/25/2018,7.24,,,458,43,1.95,,
1SCL1,12/25/2018,7.33,,,456,44,1.95,,
1S03,12/25/2019,7.38,,,113,41,2.28,,
1S03A,12/25/2019,7.22,,,115,43,2.07,,
1S03B,12/25/2019,7.42,,,116,41,2.11,,
1S03,12/25/2020,7.18,,,90,45,2.17,,
1S03A,12/25/2020,7.17,,,86,45,2.16,,
1S03B,12/25/2020,7.32,,,91,45,2.09,,
1SCH3,12/25/2020,7.31,,,450,46,1.98,,
1SCL1,12/25/2020,7.31,,,449,46,2.1,,
1S03,12/25/2021,7.29,,,98,45,2.16,,
1S03A,12/25/2021,7.1,,,93,45,2.12,,
1S03B,12/25/2021,7.34,,,96,45,2.12,,
1SCH3,12/25/2021,7.32,,,399,46,2.14,,
1SCL1,12/25/2021,7.34,,,403,48,2.19,,
1S03,12/25/2022,7.07,,,92,41,2.08,,
1S03A,12/25/2022,7.11,,,88,43,2.09,,
1S03B,12/25/2022,7.24,,,90,43,2.17,,
1SCH3,12/25/2022,7.22,,,90,43,2.14,,
1SCL1,12/25/2022,7.28,,,91,46,2.13,,
1S03,12/25/2023,7.35,,,110,45,2.08,,
1S03A,12/25/2023,7.32,,,106,45,2.12,,
1S03B,12/25/2023,7.58,,,109,45,2.22,,
1S02B,12/25/2024,7.39,,,111,48,2.04,,
1S03,12/25/2024,7.35,,,110,43,2.13,,
1S03A,12/25/2024,7.17,,,108,45,2.03,,
1SCL1,12/25/2024,7.17,,,378,46,2.06,,
1S03A,12/26/2014,7.35,,,91,43,2.26,,
1S03B,12/26/2014,7.36,,,94,45,1.99,,
1S04,12/26/2014,7.15,,,94,45,2.15,,
1S03A,12/26/2015,7.32,,,92,50,2.18,,
1S03B,12/26/2015,7.46,,,95,50,1.95,,
1S07,12/26/2015,7.25,,,93,50,2.36,,
1SCL1,12/26/2015,7.32,,,365,52,2.29,,
1S03,12/26/2016,7.21,,,97,42,2.22,,
1S03A,12/26/2016,7.32,,,94,43,2.32,,
1S03B,12/26/2016,7.42,,,97,43,1.51,,
1SCH3,12/26/2016,7.38,,,510,46,2.19,,
1SCL1,12/26/2016,7.35,,,512,45,1.93,,
1S03,12/26/2018,7.18,,,108,42,2.26,,
1S03A,12/26/2018,7.25,,,103,42,2.2,,
1S03B,12/26/2018,7.43,,,108,42,2.02,,
1SCH3,12/26/2018,7.26,,,454,42,1.72,,
1SCL1,12/26/2018,7.18,,,454,44,1.99,,
1S03,12/26/2019,7.27,,,115,41,2.16,,
1S03A,12/26/2019,7.17,,,113,43,2.19,,
1S03B,12/26/2019,7.38,,,115,43,2.12,,
1S03,12/26/2020,7.19,,,88,43,2.1,,
1S03A,12/26/2020,7.17,,,82,45,2.1,,
1S03B,12/26/2020,7.26,,,92,43,2.22,,
1SCH3,12/26/2020,7.34,,,453,45,1.84,,
1SCL1,12/26/2020,7.33,,,453,46,1.84,,
1S03,12/26/2021,7.16,,,99,45,2.11,,
1S03A,12/26/2021,7.11,,,95,45,2.08,,
1S03B,12/26/2021,7.33,,,98,45,2.27,,
1SCH3,12/26/2021,7.39,,,406,46,2.23,,
1SCL1,12/26/2021,7.36,,,408,48,2.15,,
1S03,12/26/2022,7.12,,,92,41,2.06,,
1S03A,12/26/2022,7.19,,,89,43,2.03,,
1S03B,12/26/2022,7.3,,,93,43,2.19,,
1SCH3,12/26/2022,7.3,,,91,43,2.11,,
1SCL1,12/26/2022,7.35,,,92,45,2.2,,
1S03,12/26/2023,7.36,,,108,45,2.17,,
1S03A,12/26/2023,7.29,,,105,45,2.08,,
1S03B,12/26/2023,7.58,,,106,45,2.04,,
1S02B,12/26/2024,7.24,,,112,46,2,,
1S03,12/26/2024,7.17,,,107,43,2.07,,
1S03A,12/26/2024,7.14,,,107,45,2.05,,
1SCL1,12/26/2024,7.17,,,366,46,2.2,,
1S03A,12/27/2014,7.27,,,92,44,2.18,,
1S03B,12/27/2014,7.41,,,96,44,2.24,,
1S04,12/27/2014,7.27,,,94,44,2.08,,
1S03A,12/27/2015,7.43,,,91,49,2.26,,
1S03B,12/27/2015,7.61,,,92,49,2.24,,
1S07,12/27/2015,7.1,,,93,49,2.17,,
1SCL1,12/27/2015,7.26,,,419,52,2.13,,
1S03,12/27/2016,7.34,,,97,44,2,,
1S03A,12/27/2016,7.22,,,93,45,2.18,,
1S03B,12/27/2016,7.42,,,96,43,2.07,,
1SCH3,12/27/2016,7.22,,,504,45,2.16,,
1SCL1,12/27/2016,7.23,,,512,45,2.12,,
1S03,12/27/2018,7.27,,,104,42,2.2,,
1S03A,12/27/2018,7.2,,,101,42,2.29,,
1S03B,12/27/2018,7.36,,,102,42,1.89,,
1SCH3,12/27/2018,7.32,,,450,42,1.98,,
1SCL1,12/27/2018,7.19,,,441,44,2.1,,
1S03,12/27/2019,7.21,,,112,41,2.15,,
1S03A,12/27/2019,7.22,,,113,43,2.17,,
1S03B,12/27/2019,7.37,,,116,43,2.2,,
1S03,12/27/2020,7.3,,,87,61,2.26,,
1S03A,12/27/2020,7.34,,,85,45,2.1,,
1S03B,12/27/2020,7.25,,,90,43,2.07,,
1SCH3,12/27/2020,7.35,,,445,45,1.89,,
1SCL1,12/27/2020,7.36,,,449,46,1.92,,
1S03,12/27/2021,7.28,,,94,45,2.12,,
1S03A,12/27/2021,7.23,,,91,45,2.01,,
1S03B,12/27/2021,7.45,,,94,45,2.13,,
1SCH3,12/27/2021,7.35,,,404,46,2.2,,
1SCL1,12/27/2021,7.33,,,406,48,2.21,,
1S03,12/27/2022,7.11,,,91,41,2.02,,
1S03A,12/27/2022,7.15,,,89,43,2.07,,
1S03B,12/27/2022,7.29,,,93,41,2.16,,
1SCH3,12/27/2022,7.25,,,91,43,2.1,,
1SCL1,12/27/2022,7.27,,,91,45,2.12,,
1S03,12/27/2023,7.34,,,108,45,2.03,,
1S03A,12/27/2023,7.35,,,105,45,2.17,,
1S03B,12/27/2023,7.59,,,107,45,2.2,,
1S02B,12/27/2024,7.26,,,111,45,1.94,,
1S03,12/27/2024,7.23,,,110,43,2.04,,
1S03A,12/27/2024,7.09,,,108,43,1.91,,
1SCL1,12/27/2024,7.2,,,327,46,2.21,,
1S03A,12/28/2014,7.29,,,92,44,1.96,,
1S03B,12/28/2014,7.47,,,95,44,2.14,,
1S04,12/28/2014,7.45,,,94,44,1.91,,
1S03A,12/28/2015,7.26,,,89,47,2.17,,
1S03B,12/28/2015,7.46,,,93,48,2.03,,
1S07,12/28/2015,7.21,,,92,49,2.06,,
1SCL1,12/28/2015,7.11,,,283,51,2.47,,
1S03,12/28/2016,7.41,,,98,43,2.02,,
1S03A,12/28/2016,7.26,,,94,44,2.39,,
1S03B,12/28/2016,7.49,,,97,43,1.75,,
1SCH3,12/28/2016,7.2,,,513,43,2.26,,
1SCL1,12/28/2016,7.25,,,513,45,2.06,,
1S03,12/28/2018,7.28,,,101,42,2.19,,
1S03A,12/28/2018,7.25,,,102,43,2.27,,
1S03B,12/28/2018,7.41,,,106,42,2.19,,
1SCH3,12/28/2018,7.3,,,98,43,2.17,,
1SCL1,12/28/2018,7.09,,,299,44,2.05,,
1S03,12/28/2019,7.22,,,116,41,2.12,,
1S03A,12/28/2019,7.23,,,117,43,2.2,,
1S03B,12/28/2019,7.53,,,117,43,2.12,,
1S03,12/28/2020,7.26,,,86,45,2.07,,
1S03A,12/28/2020,7.33,,,85,46,2.21,,
1S03B,12/28/2020,7.62,,,87,45,2.09,,
1SCH3,12/28/2020,7.38,,,436,46,1.99,,
1SCL1,12/28/2020,7.33,,,454,46,1.98,,
1S03,12/28/2021,7.24,,,94,45,2.09,,
1S03A,12/28/2021,7.2,,,91,45,2.12,,
1S03B,12/28/2021,7.39,,,93,45,2.05,,
1SCH3,12/28/2021,7.33,,,397,46,2.18,,
1SCL1,12/28/2021,7.33,,,397,48,2.16,,
1S03,12/28/2022,7.14,,,92,43,2.09,,
1S03A,12/28/2022,7.12,,,89,43,2.17,,
1S03B,12/28/2022,7.24,,,91,43,2.14,,
1SCH3,12/28/2022,7.19,,,90,43,2.21,,
1SCL1,12/28/2022,7.25,,,90,45,2.06,,
1S03,12/28/2023,7.19,,,108,46,2.05,,
1S03A,12/28/2023,7.37,,,106,45,1.96,,
1S03B,12/28/2023,7.62,,,109,45,2.09,,
1S02B,12/28/2024,7.32,,,113,46,2.1,,
1S03,12/28/2024,7.22,,,110,43,2.04,,
1S03A,12/28/2024,7.2,,,111,43,2.07,,
1SCL1,12/28/2024,7.19,,,366,45,2.23,,
1S03A,12/29/2014,7.3,,,91,44,2.13,,
1S03B,12/29/2014,7.45,,,95,43,2.11,,
1S04,12/29/2014,7.26,,,93,44,2.1,,
1S03A,12/29/2015,7.32,,,88,48,2.32,,
1S03B,12/29/2015,7.47,,,93,48,2.3,,
1S07,12/29/2015,7.4,,,91,50,2.05,,
1SCL1,12/29/2015,7.31,,,286,50,2.16,,
1S03,12/29/2016,7.41,,,97,43,2.08,,
1S03A,12/29/2016,7.32,,,92,44,2.3,,
1S03B,12/29/2016,7.44,,,96,43,2.03,,
1SCH3,12/29/2016,7.2,,,509,44,2.22,,
1SCL1,12/29/2016,7.24,,,511,44,2.14,,
1S03,12/29/2018,7.25,,,108,42,2.08,,
1S03A,12/29/2018,7.29,,,102,43,2.1,,
1S03B,12/29/2018,7.35,,,101,42,1.69,,
1SCH3,12/29/2018,7.27,,,450,43,1.89,,
1SCL1,12/29/2018,7.17,,,449,44,2.01,,
1S03,12/29/2019,7.29,,,118,37,2.24,,
1S03A,12/29/2019,7.16,,,117,39,2.01,,
1S03B,12/29/2019,7.44,,,118,39,2.13,,
1S03,12/29/2020,7.4,,,84,43,2,,
1S03A,12/29/2020,7.1,,,85,45,2.19,,
1S03B,12/29/2020,7.35,,,89,43,2.06,,
1SCH3,12/29/2020,7.33,,,439,45,1.97,,
1SCL1,12/29/2020,7.33,,,449,45,1.99,,
1S03,12/29/2021,7.33,,,95,45,2.05,,
1S03A,12/29/2021,7.28,,,92,45,2.13,,
1S03B,12/29/2021,7.44,,,90,46,2.21,,
1SCH3,12/29/2021,7.32,,,405,46,2.31,,
1SCL1,12/29/2021,7.33,,,409,48,2.17,,
1S03,12/29/2022,7.18,,,92,41,2.06,,
1S03A,12/29/2022,7.17,,,89,41,2.07,,
1S03B,12/29/2022,7.33,,,92,43,2.2,,
1SCH3,12/29/2022,7.26,,,91,43,2.05,,
1SCL1,12/29/2022,7.29,,,91,45,2.14,,
1S03,12/29/2023,7.24,,,100,45,2.07,,
1S03A,12/29/2023,7.32,,,101,46,2.09,,
1S03B,12/29/2023,7.55,,,104,46,2.22,,
1S02B,12/29/2024,7.33,,,114,46,2.07,,
1S03,12/29/2024,7.23,,,112,43,2.05,,
1S03A,12/29/2024,7.21,,,112,45,2.08,,
1SCL1,12/29/2024,7.2,,,360,46,2.19,,
1S03A,12/30/2014,7.1,,,93,43,2.16,,
1S03B,12/30/2014,7.27,,,95,43,2.07,,
1S04,12/30/2014,7.32,,,93,43,2.03,,
1S03A,12/30/2015,7.26,,,90,47,2.22,,
1S03B,12/30/2015,7.45,,,93,47,1.97,,
1S07,12/30/2015,7.41,,,93,48,2.17,,
1SCH4*,12/30/2015,7.28,,,513,50,2.22,,
1S03,12/30/2016,7.25,,,97,42,1.87,,
1S03A,12/30/2016,7.31,,,94,43,2.01,,
1S03B,12/30/2016,7.47,,,97,43,1.81,,
1SCH3,12/30/2016,7.27,,,507,44,2.26,,
1SCL1,12/30/2016,7.27,,,509,44,2.14,,
1S03,12/30/2018,7.22,,,101,42,2.03,,
1S03A,12/30/2018,7.2,,,101,42,2.27,,
1S03B,12/30/2018,7.29,,,102,43,1.73,,
1SCH3,12/30/2018,7.26,,,450,43,2.17,,
1SCL1,12/30/2018,7.29,,,445,44,1.95,,
1S03,12/30/2019,7.21,,,117,43,2.14,,
1S03A,12/30/2019,7.15,,,115,43,2.07,,
1S03B,12/30/2019,7.3,,,118,43,2.11,,
1S03,12/30/2020,7.3,,,88,43,2.04,,
1S03A,12/30/2020,7.31,,,95,43,2.13,,
1S03B,12/30/2020,7.53,,,97,43,2.07,,
1SCH3,12/30/2020,7.3,,,445,45,1.97,,
1SCL1,12/30/2020,7.28,,,438,45,1.97,,
1S03,12/30/2021,7.25,,,94,45,2.06,,
1S03A,12/30/2021,7.3,,,93,45,2.08,,
1S03B,12/30/2021,7.41,,,94,45,2.15,,
1SCH3,12/30/2021,7.37,,,409,46,2.17,,
1SCL1,12/30/2021,7.38,,,408,48,2.23,,
1S03,12/30/2022,7.14,,,90,43,2.09,,
1S03A,12/30/2022,7.07,,,88,43,2.13,,
1S03B,12/30/2022,7.17,,,90,41,2.16,,
1SCH3,12/30/2022,7.18,,,89,43,2.1,,
1SCL1,12/30/2022,7.21,,,90,45,2.14,,
1S03,12/30/2023,7.31,,,107,45,2.13,,
1S03A,12/30/2023,7.29,,,102,46,2.12,,
1S03B,12/30/2023,7.5,,,105,45,2.1,,
1S02B,12/30/2024,7.34,,,113,48,2.01,,
1S03,12/30/2024,7.31,,,109,45,2.03,,
1S03A,12/30/2024,7.15,,,110,43,2.02,,
1SCL1,12/30/2024,7.22,,,340,46,2.19,,
1S03A,12/31/2014,7.38,,,91,42,2.19,,
1S03B,12/31/2014,7.55,,,95,42,2.03,,
1S04,12/31/2014,7.32,,,93,42,2.05,,
1S03A,12/31/2015,7.3,,,89,48,2.16,,
1S03B,12/31/2015,7.5,,,94,47,1.98,,
1S07,12/31/2015,7.32,,,89,49,2.23,,
1SCH4*,12/31/2015,7.43,,,511,48,2.2,,
1S03,12/31/2016,7.43,,,97,42,1.76,,
1S03A,12/31/2016,7.2,,,95,42,2.33,,
1S03B,12/31/2016,7.45,,,97,42,2.25,,
1SCH3,12/31/2016,7.33,,,521,44,2.27,,
1SCL1,12/31/2016,7.26,,,520,44,2.2,,
1S03,12/31/2018,7.49,,,98,42,0.79,,
1S03A,12/31/2018,7.27,,,102,43,2.19,,
1S03B,12/31/2018,7.37,,,106,44,2.12,,
1SCH3,12/31/2018,7.27,,,447,42,1.9,,
1SCL1,12/31/2018,7.31,,,450,44,2,,
1S03,12/31/2019,7.26,,,116,41,2.2,,
1S03A,12/31/2019,7.2,,,119,43,2.14,,
1S03B,12/31/2019,7.41,,,119,43,2.14,,
1S03,12/31/2020,7.31,,,92,43,2.03,,
1S03A,12/31/2020,7.12,,,89,43,2.22,,
1S03B,12/31/2020,7.33,,,96,43,2.22,,
1SCH3,12/31/2020,7.25,,,446,45,1.97,,
1SCL1,12/31/2020,7.26,,,452,45,1.95,,
1S03,12/31/2021,7.26,,,91,45,2.03,,
1S03A,12/31/2021,7.17,,,91,45,2.06,,
1S03B,12/31/2021,7.34,,,93,45,2.11,,
1SCH3,12/31/2021,7.33,,,401,46,2.05,,
1SCL1,12/31/2021,7.34,,,402,48,2.05,,
1S03,12/31/2022,7.21,,,92,43,2.08,,
1S03A,12/31/2022,7.31,,,89,41,1.95,,
1S03B,12/31/2022,7.31,,,92,43,2.2,,
1SCH3,12/31/2022,7.25,,,90,43,2.16,,
1SCL1,12/31/2022,7.21,,,90,45,2.06,,
1S03,12/31/2023,7.37,,,105,45,2.14,,
1S03A,12/31/2023,7.3,,,103,45,2.17,,
1S03B,12/31/2023,7.49,,,107,45,2.09,,
1S02B,12/31/2024,7.25,,,113,46,2,,
1S03,12/31/2024,7.19,,,112,45,2.04,,
1S03A,12/31/2024,7.09,,,110,43,2,,
1SCL1,12/31/2024,7.21,,,370,46,2.21,,
